61664644,1569949754,1234F,WRONG_ANSWER
61663841,1569949271,1234F,WRONG_ANSWER
61663663,1569949145,1234F,WRONG_ANSWER
61663260,1569948953,1234F,WRONG_ANSWER
61510171,1569772354,1228A,WRONG_ANSWER
61159912,1569253245,1230D,OK
61156531,1569252401,1230D,WRONG_ANSWER
61147458,1569250598,1230C,OK
61135753,1569248951,1230B,OK
61132249,1569248552,1230B,WRONG_ANSWER
61129245,1569248284,1230A,OK
61123342,1569247859,1230A,WRONG_ANSWER
61120498,1569247676,1230A,WRONG_ANSWER
61023051,1569078618,1220D,WRONG_ANSWER
60808368,1568828819,1220B,OK
60804247,1568827490,1220C,OK
60795170,1568825039,1220B,WRONG_ANSWER
60792822,1568824554,1220B,WRONG_ANSWER
60788660,1568823816,1220B,WRONG_ANSWER
60786502,1568823498,1220A,OK
60672758,1568633044,1215D,OK
60672643,1568632888,1215D,OK
60672634,1568632876,1215E,WRONG_ANSWER
60657237,1568596176,1215E,OK
60657193,1568595987,1215E,TIME_LIMIT_EXCEEDED
60657181,1568595948,1215E,WRONG_ANSWER
60646421,1568567959,134C,OK
60646277,1568567772,134C,WRONG_ANSWER
60646218,1568567709,134C,WRONG_ANSWER
60584997,1568493271,409H,WRONG_ANSWER
60563714,1568472925,1209G1,OK
60553823,1568470376,1209C,OK
60551842,1568469891,1209C,WRONG_ANSWER
60547928,1568468994,1209C,WRONG_ANSWER
60541873,1568467741,1209B,OK
60533328,1568466507,1209A,OK
60463995,1568329921,101174E,WRONG_ANSWER
60463975,1568329826,101174E,OK
60463441,1568327725,101174E,OK
60463420,1568327649,101174E,OK
60463409,1568327619,101174E,WRONG_ANSWER
60463391,1568327579,101174E,WRONG_ANSWER
60463363,1568327496,101174E,WRONG_ANSWER
60463339,1568327423,101174E,OK
60463322,1568327385,101174E,WRONG_ANSWER
60463317,1568327351,101174E,WRONG_ANSWER
60463200,1568326910,101174E,TIME_LIMIT_EXCEEDED
60463105,1568326582,101174E,TIME_LIMIT_EXCEEDED
60463056,1568326435,101174E,TIME_LIMIT_EXCEEDED
60462204,1568323791,101174E,WRONG_ANSWER
60172147,1567775870,1214A,OK
60171624,1567775203,1214E,OK
60171618,1567775191,1214E,WRONG_ANSWER
60171567,1567775127,1214E,WRONG_ANSWER
60171523,1567775064,1214E,OK
60171210,1567774695,1214E,WRONG_ANSWER
60171147,1567774626,1214E,RUNTIME_ERROR
60170749,1567774102,1214E,WRONG_ANSWER
60154967,1567750961,1217D,OK
60154886,1567750874,1217D,WRONG_ANSWER
60139884,1567712530,1217D,WRONG_ANSWER
60139660,1567712143,1217D,WRONG_ANSWER
60127757,1567701232,1217D,WRONG_ANSWER
60127170,1567701136,1217D,WRONG_ANSWER
60124182,1567700578,1217D,WRONG_ANSWER
60108938,1567697770,1217C,OK
60100052,1567696460,1217B,OK
60092762,1567695565,1217B,WRONG_ANSWER
60090114,1567695264,1217B,WRONG_ANSWER
60084009,1567694568,1217A,OK
60009818,1567594790,1214D,OK
59991698,1567589735,1214C,OK
59987810,1567589036,1214B,OK
59984934,1567588546,1214A,WRONG_ANSWER
59775292,1567203880,1213E,OK
59775273,1567203830,1213E,OK
59774996,1567202921,1213E,WRONG_ANSWER
59774307,1567201099,1213E,WRONG_ANSWER
59758297,1567182836,1213E,WRONG_ANSWER
59748873,1567181184,1213G,OK
59733185,1567178450,1213D1,OK
59732839,1567178397,1213D2,OK
59731950,1567178262,1213D2,WRONG_ANSWER
59727407,1567177626,1213C,OK
59718449,1567176480,1213B,OK
59713872,1567176057,1213A,OK
59683217,1567117708,165E,OK
59683176,1567117567,165E,TIME_LIMIT_EXCEEDED
59683053,1567117155,165E,COMPILATION_ERROR
59632635,1567018412,1208E,OK
59632571,1567018282,1208E,OK
59631835,1567017110,1208E,TIME_LIMIT_EXCEEDED
59631350,1567016216,1208E,WRONG_ANSWER
59631245,1567016049,1208E,WRONG_ANSWER
59629732,1567013680,1208E,WRONG_ANSWER
59629521,1567013358,1208E,WRONG_ANSWER
59628856,1567012268,1208E,WRONG_ANSWER
59627882,1567010717,1208E,WRONG_ANSWER
59612379,1566991484,1208D,OK
59612210,1566991289,1208D,WRONG_ANSWER
59612100,1566991170,1208D,WRONG_ANSWER
59611952,1566990994,1208D,WRONG_ANSWER
59606123,1566982460,1208C,OK
59300625,1566488713,1207B,OK
59298252,1566488206,1207B,WRONG_ANSWER
59297005,1566487932,1207B,WRONG_ANSWER
59295400,1566487594,1207B,WRONG_ANSWER
59287570,1566486136,1207A,OK
58749684,1565711798,1203D1,WRONG_ANSWER
58746807,1565711299,1203D2,WRONG_ANSWER
58740287,1565710323,1203C,OK
58739125,1565710158,1203B,WRONG_ANSWER
58733261,1565709339,1203C,WRONG_ANSWER
58730924,1565709001,1203B,RUNTIME_ERROR
58721465,1565707797,1203A,OK
56917612,1562945952,1191B,OK
56913464,1562945286,1191B,WRONG_ANSWER
56893286,1562942545,1191A,OK
56342729,1561912950,1187C,WRONG_ANSWER
56340777,1561912445,1187C,WRONG_ANSWER
56337109,1561911344,1187C,WRONG_ANSWER
56336767,1561911262,1187C,WRONG_ANSWER
56333354,1561910333,1187C,WRONG_ANSWER
56321903,1561907598,1187B,OK
56319789,1561907213,1187A,OK
56318516,1561907004,1187A,WRONG_ANSWER
56314293,1561906424,1187A,WRONG_ANSWER
56092000,1561561360,1183B,OK
56082904,1561560146,1183A,OK
55901500,1561143318,1180B,OK
55894114,1561141016,1180B,WRONG_ANSWER
55879616,1561137457,1180A,OK
55876816,1561137043,1180A,WRONG_ANSWER
55795533,1560963561,1185D,WRONG_ANSWER
55795040,1560963497,1185D,WRONG_ANSWER
55788439,1560962070,1185D,WRONG_ANSWER
55781791,1560960508,1185D,WRONG_ANSWER
55780313,1560960173,1185D,WRONG_ANSWER
55770037,1560958105,1185C1,OK
55769867,1560958072,1185C2,OK
55761101,1560956579,1185B,OK
55757575,1560956054,1185A,OK
55641245,1560683973,1181C,OK
55634124,1560681471,1181B,OK
55622562,1560678545,1181A,OK
55621382,1560678372,1181A,WRONG_ANSWER
55452209,1560261885,1182A,OK
55446886,1560260262,1182B,OK
55442322,1560259329,1182A,WRONG_ANSWER
55441971,1560259275,1182A,WRONG_ANSWER
55440620,1560259076,1182A,WRONG_ANSWER
55434248,1560258399,1182A,WRONG_ANSWER
55379212,1560107731,1176D,TIME_LIMIT_EXCEEDED
55374247,1560099522,1176D,OK
55373873,1560099181,1176D,TIME_LIMIT_EXCEEDED
55371591,1560097964,1176D,WRONG_ANSWER
55371008,1560097843,1176D,WRONG_ANSWER
55369660,1560097497,1176D,TIME_LIMIT_EXCEEDED
55369306,1560097407,1176D,TIME_LIMIT_EXCEEDED
55362187,1560095539,1176E,OK
55354647,1560093774,1176E,WRONG_ANSWER
55354086,1560093658,1176E,TIME_LIMIT_EXCEEDED
55347330,1560092392,1176C,OK
55341349,1560091581,1176B,OK
55337668,1560091149,1176A,OK
55312437,1560018940,1173C,OK
55310278,1560013753,1173C,WRONG_ANSWER
55310100,1560013370,1173C,OK
55309831,1560012711,1173C,WRONG_ANSWER
55309758,1560012568,1173C,WRONG_ANSWER
55265891,1559916000,1173C,WRONG_ANSWER
55265534,1559915871,1173C,WRONG_ANSWER
55249793,1559910125,1173A,OK
55249050,1559909983,1173B,OK
55246973,1559909648,1173A,WRONG_ANSWER
55168687,1559752449,1175D,WRONG_ANSWER
55152739,1559748839,1175B,OK
55133765,1559745854,1175A,OK
55132115,1559745667,1175A,TIME_LIMIT_EXCEEDED
55037504,1559573684,1174C,OK
55034965,1559573078,1174A,OK
55034782,1559573038,1174A,RUNTIME_ERROR
55033953,1559572865,1174B,OK
55031997,1559572497,1174B,WRONG_ANSWER
54944230,1559406946,1148B,OK
54938804,1559405260,1148A,OK
54937532,1559404852,1148B,WRONG_ANSWER
54935072,1559404128,1148B,RUNTIME_ERROR
54928112,1559402148,1148B,WRONG_ANSWER
54925479,1559401392,1148B,WRONG_ANSWER
54829156,1559203520,1169D,OK
54829129,1559203477,1169D,WRONG_ANSWER
54827111,1559199962,1169C,OK
54679005,1558886942,1169A,OK
54677643,1558886597,1169B,OK
54304137,1558110393,1166C,OK
54301048,1558109486,1166C,WRONG_ANSWER
54298118,1558108640,1166C,WRONG_ANSWER
54296928,1558108320,1166C,WRONG_ANSWER
54289345,1558106574,1166A,OK
54286691,1558106100,1166B,OK
53513054,1556550591,1150C,OK
53510223,1556550012,1150B,OK
53505455,1556549211,1150A,OK
53357120,1556294790,1157E,OK
53351724,1556293739,1157E,WRONG_ANSWER
53343489,1556292327,1157C1,OK
53343249,1556292289,1157C2,OK
53331537,1556290675,1157B,OK
53330682,1556290560,1157B,WRONG_ANSWER
53326623,1556290006,1157A,OK
53200261,1556040198,1155D,OK
53199089,1556038943,1155D,WRONG_ANSWER
53075028,1555792446,1146C,WRONG_ANSWER
53074729,1555792285,1146C,WRONG_ANSWER
53074558,1555792185,1146C,WRONG_ANSWER
53074355,1555792062,1146C,RUNTIME_ERROR
53072808,1555790830,1146C,WRONG_ANSWER
53072739,1555790758,1146C,COMPILATION_ERROR
53071100,1555789385,1146C,WRONG_ANSWER
53069222,1555788044,1146C,WRONG_ANSWER
53068907,1555787836,1146C,WRONG_ANSWER
53063808,1555785304,1146B,OK
53058109,1555783745,1146A,OK
52981329,1555608338,1151C,OK
52977828,1555606813,1151D,OK
52965096,1555602985,1151B,OK
52961997,1555602313,1151A,OK
52878142,1555448757,126B,OK
52878112,1555448668,126B,OK
52878070,1555448555,126B,WRONG_ANSWER
52824982,1555421061,126B,WRONG_ANSWER
52795488,1555359330,264B,OK
52793999,1555355641,231D,OK
51639767,1553185843,1139C,OK
51638915,1553185531,1139C,WRONG_ANSWER
51632065,1553183712,1139B,OK
51631898,1553183675,1139B,WRONG_ANSWER
51628007,1553183053,1139A,OK
51533821,1553014030,1141F2,WRONG_ANSWER
51532955,1553013294,1141F2,TIME_LIMIT_EXCEEDED
51530853,1553012967,1141F2,WRONG_ANSWER
51529602,1553012730,1141A,OK
51528641,1553012540,1141F2,TIME_LIMIT_EXCEEDED
51527774,1553012373,1141F1,OK
51526327,1553012082,1141F1,WRONG_ANSWER
51526196,1553012058,1141F2,TIME_LIMIT_EXCEEDED
51311673,1552592740,1067A,WRONG_ANSWER
51309275,1552587926,1120C,OK
51282604,1552540548,467C,OK
51195439,1552329270,1136D,WRONG_ANSWER
51194906,1552329104,1136D,WRONG_ANSWER
51194156,1552328798,1136D,WRONG_ANSWER
51179893,1552323727,1136B,OK
51173822,1552322537,1136A,OK
51164762,1552312347,1107E,OK
51139325,1552241458,1132F,WRONG_ANSWER
51139297,1552241401,1132F,OK
51139242,1552241286,1132F,OK
51071453,1552117763,1138B,WRONG_ANSWER
51024683,1552044287,1138A,OK
51023861,1552043940,1138B,WRONG_ANSWER
51023679,1552043857,1138B,MEMORY_LIMIT_EXCEEDED
51020297,1552042272,1138B,WRONG_ANSWER
51020153,1552042209,1138B,WRONG_ANSWER
51019976,1552042131,1138B,WRONG_ANSWER
51019490,1552041898,1138B,RUNTIME_ERROR
51019338,1552041828,1138B,MEMORY_LIMIT_EXCEEDED
51018806,1552041585,1138B,WRONG_ANSWER
50994954,1552013433,1133D,WRONG_ANSWER
50994930,1552013318,1133D,OK
50977819,1551979168,1133D,OK
50975778,1551978261,1133D,WRONG_ANSWER
50973560,1551977938,1133D,WRONG_ANSWER
50973372,1551977901,1133D,WRONG_ANSWER
50971649,1551977602,1133B,OK
50968279,1551976984,1133B,WRONG_ANSWER
50965205,1551976415,1133B,WRONG_ANSWER
50964079,1551976229,1133B,WRONG_ANSWER
50955504,1551974735,1133D,WRONG_ANSWER
50954078,1551974515,1133D,WRONG_ANSWER
50953504,1551974420,1133D,RUNTIME_ERROR
50953090,1551974358,1133D,WRONG_ANSWER
50949119,1551973739,1133C,OK
50946739,1551973366,1133A,OK
50941120,1551972542,1133A,WRONG_ANSWER
50938231,1551972108,1133A,WRONG_ANSWER
50937772,1551972043,1133A,WRONG_ANSWER
50743580,1551628257,1121B,OK
50688842,1551538025,220B,OK
50688771,1551537934,220B,TIME_LIMIT_EXCEEDED
50688736,1551537863,220B,OK
50688114,1551537012,220B,TIME_LIMIT_EXCEEDED
50687988,1551536856,220B,WRONG_ANSWER
50459175,1551029202,1130B,OK
50457386,1551028596,1130C,OK
50450157,1551026007,1130B,WRONG_ANSWER
50436504,1551022980,1130A,OK
50436333,1551022957,1130A,COMPILATION_ERROR
50435470,1551022861,1130A,WRONG_ANSWER
50055972,1550398837,1113D,WRONG_ANSWER
50055947,1550398798,1113D,WRONG_ANSWER
50035632,1550349540,1113D,WRONG_ANSWER
50033342,1550343861,1113D,WRONG_ANSWER
50033111,1550343803,1113D,WRONG_ANSWER
50032924,1550343745,1113D,WRONG_ANSWER
50032752,1550343685,1113D,WRONG_ANSWER
50031275,1550343102,1113D,WRONG_ANSWER
50030644,1550342831,1113D,WRONG_ANSWER
50025428,1550340792,1113C,OK
50020077,1550339111,1113A,OK
50012678,1550337277,1113A,WRONG_ANSWER
50008835,1550336549,1113A,WRONG_ANSWER
50005619,1550336015,1113B,OK
49830074,1549978303,1114E,WRONG_ANSWER
49830047,1549978260,1114E,WRONG_ANSWER
49830026,1549978239,1114E,WRONG_ANSWER
49830006,1549978199,1114E,WRONG_ANSWER
49829625,1549977604,1114E,WRONG_ANSWER
49829190,1549976959,1114E,OK
49829071,1549976765,1114E,WRONG_ANSWER
49828851,1549976362,1114E,WRONG_ANSWER
49821510,1549962550,1114E,WRONG_ANSWER
49821478,1549962490,1114E,WRONG_ANSWER
49821457,1549962459,1114E,COMPILATION_ERROR
49821288,1549962123,1114E,WRONG_ANSWER
49592533,1549552457,1110C,OK
49592158,1549552346,1110C,WRONG_ANSWER
49589389,1549551571,1110B,OK
49568307,1549547178,1110A,OK
49529239,1549458235,182D,OK
49487405,1549350123,276D,OK
49478087,1549312419,100886G,OK
49478005,1549312182,100886G,OK
49477758,1549311667,100886G,WRONG_ANSWER
49477743,1549311628,100886G,WRONG_ANSWER
49475674,1549307899,100886G,WRONG_ANSWER
49475469,1549307464,100886G,WRONG_ANSWER
49475448,1549307409,100886G,WRONG_ANSWER
49474995,1549306664,100886G,WRONG_ANSWER
49438074,1549222920,1111B,WRONG_ANSWER
49437086,1549221796,1111B,WRONG_ANSWER
49427943,1549213395,1111B,CHALLENGED
49408124,1549208788,1111A,CHALLENGED
49392255,1549190221,246D,OK
49391670,1549188921,246D,WRONG_ANSWER
49391436,1549188460,246D,WRONG_ANSWER
49391291,1549188152,246D,WRONG_ANSWER
49218627,1548871678,839C,OK
49218584,1548871626,839C,OK
49218539,1548871564,839C,WRONG_ANSWER
49218487,1548871486,839C,WRONG_ANSWER
49218305,1548871234,839C,WRONG_ANSWER
49174901,1548791639,628D,OK
49174747,1548791339,628D,WRONG_ANSWER
49174697,1548791225,628D,OK
49174648,1548791126,628D,WRONG_ANSWER
49174353,1548790523,628D,TIME_LIMIT_EXCEEDED
49174224,1548790263,628D,TIME_LIMIT_EXCEEDED
49174144,1548790109,628D,WRONG_ANSWER
49174128,1548790080,628D,MEMORY_LIMIT_EXCEEDED
49174075,1548789993,628D,MEMORY_LIMIT_EXCEEDED
49174035,1548789932,628D,WRONG_ANSWER
49174021,1548789909,628D,MEMORY_LIMIT_EXCEEDED
49173947,1548789794,628D,MEMORY_LIMIT_EXCEEDED
49173911,1548789739,628D,MEMORY_LIMIT_EXCEEDED
49170131,1548784373,1036C,OK
49156141,1548769770,118C,WRONG_ANSWER
49150862,1548765314,118D,OK
49051367,1548587682,489D,OK
49051198,1548587405,489D,WRONG_ANSWER
49051112,1548587264,489D,WRONG_ANSWER
49048562,1548583037,448D,OK
49048389,1548582812,448D,OK
49048357,1548582754,448D,WRONG_ANSWER
48949148,1548451334,414B,OK
48946884,1548445228,493D,OK
48924192,1548408455,1108E2,OK
48922902,1548405986,1108E2,TIME_LIMIT_EXCEEDED
48922680,1548405614,1108E1,OK
48922649,1548405550,1108E2,TIME_LIMIT_EXCEEDED
48874464,1548315138,1105D,WRONG_ANSWER
48874165,1548314625,1105D,WRONG_ANSWER
48843304,1548260209,1108D,OK
48840740,1548259580,1108C,OK
48835784,1548258476,1108B,OK
48826008,1548256758,1108B,WRONG_ANSWER
48823131,1548256346,1108B,WRONG_ANSWER
48819062,1548255843,1108B,WRONG_ANSWER
48817169,1548255610,1108B,WRONG_ANSWER
48814151,1548255289,1108B,WRONG_ANSWER
48813127,1548255181,1108B,WRONG_ANSWER
48803063,1548254348,1108A,OK
48782543,1548228291,1105E,WRONG_ANSWER
48781662,1548227098,1105E,WRONG_ANSWER
48768448,1548190546,1095F,OK
48768398,1548190399,1095F,TIME_LIMIT_EXCEEDED
48768283,1548190092,1095F,TIME_LIMIT_EXCEEDED
48768236,1548189907,1095F,TIME_LIMIT_EXCEEDED
48768183,1548189793,1095F,TIME_LIMIT_EXCEEDED
48768147,1548189708,1095F,TIME_LIMIT_EXCEEDED
48766912,1548186687,1101D,OK
48766674,1548186173,1101D,OK
48746206,1548171113,1104C,OK
48744033,1548170650,1104C,WRONG_ANSWER
48743072,1548170447,1104C,WRONG_ANSWER
48737580,1548169501,1104B,OK
48734217,1548168976,1104A,OK
48732080,1548168691,1104B,WRONG_ANSWER
48696221,1548107277,339D,OK
48695202,1548102897,208D,OK
48695003,1548102281,208D,WRONG_ANSWER
48694973,1548102181,208D,WRONG_ANSWER
48638054,1547993063,1105C,WRONG_ANSWER
48623483,1547988710,1105A,OK
48616410,1547987290,1105A,WRONG_ANSWER
48611788,1547986618,1105B,OK
48535359,1547819969,1101D,WRONG_ANSWER
48529657,1547809444,1101D,WRONG_ANSWER
48364950,1547413153,1076E,TIME_LIMIT_EXCEEDED
48364937,1547413090,1076E,OK
48359275,1547402527,1100C,OK
48359114,1547402407,1100B,OK
48358821,1547402187,1100B,OK
48349856,1547394582,1100C,OK
48345116,1547393005,1100A,OK
48336321,1547391137,1100B,OK
48335702,1547391043,1100B,SKIPPED
48333242,1547390669,1100B,WRONG_ANSWER
48331035,1547389562,1076E,WRONG_ANSWER
48331000,1547389502,1076E,WRONG_ANSWER
48266120,1547238010,1096D,WRONG_ANSWER
48225254,1547218646,1096D,WRONG_ANSWER
48219583,1547217833,1096D,WRONG_ANSWER
48152790,1547051654,1102D,WRONG_ANSWER
48150020,1547051017,1102D,WRONG_ANSWER
48145242,1547049766,1102D,WRONG_ANSWER
48141076,1547048744,1102D,WRONG_ANSWER
48132576,1547046920,1102C,OK
48128210,1547046134,1102B,OK
48123336,1547045322,1102B,WRONG_ANSWER
48119180,1547044656,1102A,OK
48010595,1546714878,1099D,WRONG_ANSWER
48009938,1546714673,1099D,WRONG_ANSWER
48007266,1546713649,1099D,WRONG_ANSWER
48003750,1546712413,1099D,WRONG_ANSWER
47996193,1546710107,1099C,OK
47994714,1546709738,1099C,WRONG_ANSWER
47994337,1546709649,1099C,WRONG_ANSWER
47994010,1546709570,1099C,TIME_LIMIT_EXCEEDED
47993506,1546709457,1099C,WRONG_ANSWER
47982413,1546707328,1099A,OK
47977686,1546706742,1099B,OK
47977501,1546706721,1099B,WRONG_ANSWER
47926608,1546616701,1097C,OK
47911683,1546613910,1097A,OK
47907818,1546613545,1097B,OK
47273431,1545242144,1092F,OK
47113820,1544971518,1081A,OK
47092251,1544942490,1093D,OK
47092214,1544942390,1093D,OK
47077165,1544895339,1093D,WRONG_ANSWER
47077128,1544895269,1093D,WRONG_ANSWER
47077088,1544895215,1093D,OK
47065413,1544889340,1093D,OK
47063650,1544888857,1093D,WRONG_ANSWER
47054765,1544886714,1093C,OK
47050174,1544885862,1093B,OK
47048765,1544885612,1093A,OK
47047045,1544885352,1093A,WRONG_ANSWER
46883010,1544473837,1084D,OK
46873725,1544464578,1084C,OK
46873373,1544464443,1084C,WRONG_ANSWER
46872875,1544464248,1084C,RUNTIME_ERROR
46872564,1544464127,1084C,RUNTIME_ERROR
46861861,1544460819,1084B,OK
46861558,1544460744,1084B,WRONG_ANSWER
46861437,1544460714,1084B,WRONG_ANSWER
46816819,1544359727,474D,OK
46816586,1544359421,474D,WRONG_ANSWER
46254795,1543248133,1056D,OK
46245219,1543230052,1056D,WRONG_ANSWER
46239243,1543213983,1056D,WRONG_ANSWER
46165941,1543052990,1080C,WRONG_ANSWER
46153600,1543047244,1080A,OK
46151941,1543046529,1080B,OK
46088461,1542908699,1061B,WRONG_ANSWER
46088107,1542908651,1061B,WRONG_ANSWER
46085311,1542907730,1061B,WRONG_ANSWER
46083016,1542906809,1061B,WRONG_ANSWER
46081311,1542906121,1061B,WRONG_ANSWER
46069298,1542902083,1061A,OK
46064412,1542900497,1076E,TIME_LIMIT_EXCEEDED
46064351,1542900035,1076E,RUNTIME_ERROR
45745365,1542225196,1062A,OK
45745330,1542225139,1062A,WRONG_ANSWER
45745212,1542224971,1062C,WRONG_ANSWER
45745189,1542224942,1062C,WRONG_ANSWER
45745027,1542224706,1062A,WRONG_ANSWER
45740671,1542216886,1062C,WRONG_ANSWER
45740489,1542216857,1062C,WRONG_ANSWER
45740153,1542216790,1062C,WRONG_ANSWER
45738890,1542216439,1062A,WRONG_ANSWER
45735928,1542215458,1062C,WRONG_ANSWER
45733434,1542214637,1062C,WRONG_ANSWER
45730993,1542213884,1062C,WRONG_ANSWER
45726472,1542212636,1062B,OK
45718748,1542210905,1062A,CHALLENGED
45716082,1542210389,1062A,WRONG_ANSWER
45715807,1542210333,1062A,WRONG_ANSWER
45715085,1542210188,1062A,WRONG_ANSWER
45714534,1542210077,1062A,WRONG_ANSWER
45613869,1542036282,1076D,WRONG_ANSWER
45605851,1542034912,1076C,OK
45600266,1542034135,1076B,OK
45596070,1542033632,1076A,OK
45522726,1541862955,1055B,OK
45515701,1541861090,1055A,WRONG_ANSWER
45515583,1541861067,1055A,WRONG_ANSWER
45309805,1541385593,1075C,OK
45309769,1541385421,1075C,OK
45309691,1541385077,1075C,OK
45309678,1541385013,1075C,OK
45309670,1541384966,1075C,OK
45309632,1541384759,1075C,WRONG_ANSWER
45309612,1541384653,1075C,WRONG_ANSWER
45302253,1541362260,1075C,WRONG_ANSWER
45301281,1541361560,1075C,WRONG_ANSWER
45293741,1541356993,1075B,OK
45289960,1541355557,1075A,OK
45289878,1541355532,1075A,WRONG_ANSWER
45138633,1540992647,1043D,OK
45138612,1540992614,1043D,TIME_LIMIT_EXCEEDED
45138419,1540992287,1043D,TIME_LIMIT_EXCEEDED
45138249,1540992027,1043D,OK
45138143,1540991851,1043D,TIME_LIMIT_EXCEEDED
45138054,1540991729,1043D,OK
45137945,1540991565,1043D,WRONG_ANSWER
45137870,1540991477,1043D,TIME_LIMIT_EXCEEDED
45137765,1540991303,1043D,WRONG_ANSWER
45137394,1540990745,1043D,WRONG_ANSWER
45137349,1540990670,1043D,WRONG_ANSWER
45133970,1540985703,1043D,WRONG_ANSWER
45133765,1540985396,1043D,WRONG_ANSWER
45133644,1540985210,1043D,WRONG_ANSWER
45133419,1540984898,1043D,WRONG_ANSWER
45133337,1540984775,1043D,WRONG_ANSWER
45133137,1540984532,1043D,WRONG_ANSWER
45125167,1540971261,1043D,WRONG_ANSWER
45125022,1540970947,1043D,WRONG_ANSWER
45124953,1540970804,1043D,WRONG_ANSWER
45124824,1540970525,1043D,WRONG_ANSWER
45124698,1540970216,1043D,WRONG_ANSWER
45124561,1540969985,1043D,WRONG_ANSWER
45124439,1540969782,1043D,WRONG_ANSWER
45124362,1540969642,1043D,TIME_LIMIT_EXCEEDED
45124207,1540969359,1043D,WRONG_ANSWER
45124184,1540969305,1043D,TIME_LIMIT_EXCEEDED
45123993,1540968956,1043D,TIME_LIMIT_EXCEEDED
45123939,1540968861,1043D,WRONG_ANSWER
44881319,1540494969,1073B,WRONG_ANSWER
44881247,1540494841,1073B,WRONG_ANSWER
44881226,1540494809,1073B,WRONG_ANSWER
44881168,1540494722,1073B,OK
44877511,1540489215,1073C,WRONG_ANSWER
44877483,1540489175,1073C,RUNTIME_ERROR
44875368,1540486596,1073C,WRONG_ANSWER
44871390,1540484697,1073D,OK
44857172,1540480115,1073B,OK
44856149,1540479860,1073B,TIME_LIMIT_EXCEEDED
44855529,1540479714,1073B,TIME_LIMIT_EXCEEDED
44855354,1540479677,1073B,WRONG_ANSWER
44847430,1540478408,1073A,OK
44828884,1540452978,1068B,OK
44828826,1540452867,1068B,WRONG_ANSWER
44799223,1540402501,1068A,OK
44797428,1540402075,1068A,WRONG_ANSWER
44793645,1540401253,1068B,WRONG_ANSWER
44793368,1540401197,1068B,WRONG_ANSWER
44788947,1540400433,1068A,WRONG_ANSWER
44728862,1540286702,466C,OK
44721933,1540273662,474D,WRONG_ANSWER
44721892,1540273568,474D,WRONG_ANSWER
44646888,1540116288,1072C,OK
44646179,1540116082,1072C,WRONG_ANSWER
44645198,1540115781,1072C,WRONG_ANSWER
44644308,1540115471,1072C,WRONG_ANSWER
44638625,1540113527,1072B,OK
44625508,1540109788,1072A,OK
44515655,1539886821,1054C,OK
44504684,1539882160,1054B,OK
44503948,1539881982,1054B,WRONG_ANSWER
44501009,1539881429,1054A,OK
44500402,1539881329,1054A,WRONG_ANSWER
44323623,1539529560,1064D,WRONG_ANSWER
44315872,1539518662,1064D,RUNTIME_ERROR
44315650,1539518616,1064D,RUNTIME_ERROR
44315293,1539518530,1064D,RUNTIME_ERROR
44314905,1539518444,1064D,RUNTIME_ERROR
44314255,1539518182,1064D,RUNTIME_ERROR
44313323,1539517893,1064D,RUNTIME_ERROR
44312139,1539517483,1064D,RUNTIME_ERROR
44311061,1539517115,1064D,WRONG_ANSWER
44305195,1539515070,1064C,OK
44297321,1539512683,1064B,OK
44296883,1539512582,1064B,WRONG_ANSWER
44292909,1539511842,1064A,OK
44072487,1539172989,1033D,WRONG_ANSWER
43958350,1538933406,1033A,OK
43953152,1538932373,1033B,OK
43859847,1538756827,1059C,WRONG_ANSWER
43858330,1538756415,1059C,WRONG_ANSWER
43854554,1538755263,1059C,WRONG_ANSWER
43851619,1538754330,1059B,OK
43833618,1538750514,1059A,OK
43782322,1538650909,489C,OK
43782206,1538650774,489C,WRONG_ANSWER
43781914,1538650519,489C,WRONG_ANSWER
43781422,1538649681,489C,WRONG_ANSWER
43680480,1538474075,1058E,WRONG_ANSWER
43678747,1538470864,1058E,WRONG_ANSWER
43508897,1538082785,1028C,OK
43335443,1537715025,1058C,OK
43330850,1537714126,1058D,OK
43324346,1537712637,1058C,CHALLENGED
43314965,1537710687,1058B,OK
43300471,1537708420,1058A,OK
43293741,1537704810,86D,OK
43292933,1537703248,86D,OK
43292888,1537703170,86D,WRONG_ANSWER
43292720,1537702841,86D,TIME_LIMIT_EXCEEDED
43292564,1537702613,86D,TIME_LIMIT_EXCEEDED
43292505,1537702484,86D,TIME_LIMIT_EXCEEDED
43292053,1537701756,86D,TIME_LIMIT_EXCEEDED
43197027,1537542478,1047C,OK
43196357,1537542330,1047C,RUNTIME_ERROR
43188809,1537541091,1047B,WRONG_ANSWER
43185197,1537540730,1047A,OK
43176988,1537530697,1051C,WRONG_ANSWER
43150195,1537463250,1051C,OK
43150016,1537463093,1051C,WRONG_ANSWER
43140502,1537459374,1051C,OK
43136983,1537458456,1051C,WRONG_ANSWER
43133747,1537457736,1051C,WRONG_ANSWER
43129704,1537456955,1051C,WRONG_ANSWER
43128865,1537456822,1051C,WRONG_ANSWER
43128013,1537456681,1051C,WRONG_ANSWER
43123968,1537456077,1051A,OK
43119252,1537455358,1051B,OK
43021676,1537248904,1041E,OK
42934133,1537097324,1041C,OK
42924091,1537094915,1041B,OK
42920326,1537094425,1041A,OK
42410027,1535931423,1037E,OK
42410012,1535931353,1037E,RUNTIME_ERROR
42409020,1535925910,1037D,OK
42395078,1535904454,1037A,OK
42392671,1535903723,1037D,WRONG_ANSWER
42389693,1535902969,1037D,WRONG_ANSWER
42382851,1535901503,1037A,WRONG_ANSWER
42379797,1535900979,1037C,OK
42379204,1535900880,1037C,WRONG_ANSWER
42376678,1535900507,1037B,OK
42368293,1535899370,1037A,WRONG_ANSWER
42176451,1535393148,1028C,OK
42172724,1535391528,1028B,OK
42171976,1535391224,1028B,WRONG_ANSWER
42171549,1535391045,1028B,WRONG_ANSWER
42170411,1535390638,1028B,WRONG_ANSWER
42168893,1535390120,1028B,WRONG_ANSWER
42165846,1535389192,1028B,WRONG_ANSWER
42164579,1535388886,1028B,WRONG_ANSWER
42163769,1535388711,1028B,WRONG_ANSWER
42160317,1535388110,1028A,OK
41800394,1534616732,1027C,OK
41800335,1534616633,1027C,OK
41800295,1534616557,1027C,TIME_LIMIT_EXCEEDED
41797328,1534612346,1027C,TIME_LIMIT_EXCEEDED
41796041,1534611233,1027C,TIME_LIMIT_EXCEEDED
41794253,1534610087,1027C,TIME_LIMIT_EXCEEDED
41793999,1534610052,1027C,TIME_LIMIT_EXCEEDED
41793481,1534609961,1027B,OK
41792077,1534609690,1027B,WRONG_ANSWER
41788324,1534608842,1027A,OK
41781593,1534607331,1027C,TIME_LIMIT_EXCEEDED
41780803,1534607161,1027C,WRONG_ANSWER
41777887,1534606549,1027C,TIME_LIMIT_EXCEEDED
41047199,1533052031,1015C,OK
41043645,1533051221,1015B,OK
41042156,1533050907,1015B,WRONG_ANSWER
41033369,1533049190,1015A,OK
41033179,1533049149,1015A,COMPILATION_ERROR
40483024,1531839865,1006E,OK
40444992,1531758811,1006E,RUNTIME_ERROR
40444575,1531758721,1006E,MEMORY_LIMIT_EXCEEDED
40443962,1531758574,1006E,MEMORY_LIMIT_EXCEEDED
40438848,1531757135,1006E,MEMORY_LIMIT_EXCEEDED
40425869,1531753885,1006C,OK
40421444,1531752934,1006B,OK
40415394,1531751850,1006A,OK
40349074,1531586096,1009C,WRONG_ANSWER
40348767,1531586050,1009C,WRONG_ANSWER
40347787,1531585830,1009B,WRONG_ANSWER
40347501,1531585755,1009B,WRONG_ANSWER
40344245,1531584800,1009C,WRONG_ANSWER
40330654,1531580898,1009B,WRONG_ANSWER
40329590,1531580634,1009B,WRONG_ANSWER
40324933,1531579514,1009A,OK
40324320,1531579397,1009A,WRONG_ANSWER
40320058,1531574565,1008A,OK
40300725,1531532817,1008A,WRONG_ANSWER
40288478,1531498613,1008A,CHALLENGED
40282243,1531496020,1008C,OK
40279582,1531495169,1008C,WRONG_ANSWER
40273920,1531493924,1008B,OK
40273480,1531493846,1008B,WRONG_ANSWER
40269689,1531493320,1008A,SKIPPED
40267891,1531493119,1008A,WRONG_ANSWER
40232901,1531400668,1003D,OK
40225140,1531384400,1000D,WRONG_ANSWER
40201569,1531313742,1000C,OK
40192339,1531293500,1005E1,OK
40192258,1531293378,1005E1,OK
40159473,1531203344,962A,OK
40145938,1531158059,1005D,OK
40145271,1531157665,1005D,WRONG_ANSWER
40130458,1531153117,1005C,OK
40130158,1531153030,1005C,WRONG_ANSWER
40124156,1531151695,1005B,OK
40121427,1531151242,1005A,OK
40007017,1530818346,1004B,OK
40006967,1530818316,1004B,WRONG_ANSWER
40006057,1530815541,1004D,WRONG_ANSWER
40005575,1530815265,1004D,TIME_LIMIT_EXCEEDED
40005099,1530814953,1004D,WRONG_ANSWER
40003853,1530814105,1004D,WRONG_ANSWER
39998805,1530811209,1004B,WRONG_ANSWER
39997739,1530810762,1004C,OK
39992461,1530809220,1004A,OK
39927126,1530635547,1003D,WRONG_ANSWER
39917107,1530632899,1003C,OK
39916167,1530632662,1003C,TIME_LIMIT_EXCEEDED
39915622,1530632536,1003C,TIME_LIMIT_EXCEEDED
39915229,1530632442,1003C,WRONG_ANSWER
39912683,1530631834,1003C,WRONG_ANSWER
39909771,1530631184,1003B,OK
39905742,1530630345,1003B,RUNTIME_ERROR
39902492,1530629641,1003B,WRONG_ANSWER
39898424,1530628926,1003A,OK
39841770,1530459338,998B,OK
39839635,1530458231,998C,OK
39828206,1530454879,998A,OK
39828041,1530454842,998A,COMPILATION_ERROR
39826619,1530454606,998A,WRONG_ANSWER
39824722,1530454333,998A,WRONG_ANSWER
39710581,1530112289,1000A,OK
39706737,1530111025,1000A,WRONG_ANSWER
39705507,1530110714,1000A,WRONG_ANSWER
39629126,1529865264,996E,WRONG_ANSWER
39627282,1529864661,996E,WRONG_ANSWER
39624769,1529863507,996D,OK
39624471,1529863359,996D,WRONG_ANSWER
39621172,1529861822,996B,OK
39610596,1529858480,996A,OK
39571781,1529773285,991B,OK
39571133,1529773056,991B,WRONG_ANSWER
39564232,1529771064,991B,WRONG_ANSWER
39549270,1529768650,991A,OK
39515382,1529668103,999E,WRONG_ANSWER
39515367,1529668072,999E,WRONG_ANSWER
39515286,1529667857,999E,WRONG_ANSWER
39515030,1529667333,999E,WRONG_ANSWER
39504776,1529638749,999E,WRONG_ANSWER
39496618,1529603134,999E,TIME_LIMIT_EXCEEDED
39496451,1529602861,999E,TIME_LIMIT_EXCEEDED
39492987,1529598854,999E,WRONG_ANSWER
39489339,1529597829,999E,WRONG_ANSWER
39488016,1529597398,999E,WRONG_ANSWER
39481210,1529595114,999C,OK
39476850,1529593868,999B,OK
39467128,1529592099,999A,OK
39418541,1529430402,994B,OK
39418493,1529430291,994B,WRONG_ANSWER
39418467,1529430240,994B,TIME_LIMIT_EXCEEDED
39418037,1529429117,994A,OK
39399078,1529385876,992C,OK
39399052,1529385778,992C,WRONG_ANSWER
39396497,1529376742,992B,OK
39396393,1529376371,992B,WRONG_ANSWER
39374159,1529342936,992B,WRONG_ANSWER
39373654,1529342806,992B,WRONG_ANSWER
39372405,1529342475,992B,WRONG_ANSWER
39364018,1529340298,992A,OK
38743123,1527612551,987B,WRONG_ANSWER
38742931,1527612494,987B,OK
38734005,1527610150,987B,WRONG_ANSWER
38732366,1527609833,987B,WRONG_ANSWER
38731734,1527609719,987B,WRONG_ANSWER
38729627,1527609366,987B,WRONG_ANSWER
38726118,1527608833,987A,OK
38725344,1527608729,987A,WRONG_ANSWER
38526271,1526972482,985C,OK
38511015,1526921027,985C,WRONG_ANSWER
38510743,1526920976,985C,WRONG_ANSWER
38504551,1526919095,985A,OK
38502699,1526918470,985A,WRONG_ANSWER
38497345,1526916749,985B,OK
38497231,1526916708,985B,OK
38496226,1526916412,985B,WRONG_ANSWER
38491685,1526915167,985A,WRONG_ANSWER
38488881,1526914553,985A,WRONG_ANSWER
37164083,1523374675,962B,WRONG_ANSWER
37161681,1523373991,962B,WRONG_ANSWER
37161077,1523373826,962B,WRONG_ANSWER
37156290,1523372640,962B,WRONG_ANSWER
37151242,1523371554,962A,CHALLENGED
37149697,1523371268,962A,WRONG_ANSWER
36185570,1520743717,948C,OK
36160014,1520697716,948A,OK
34868465,1517589297,920B,WRONG_ANSWER
34868247,1517589266,920B,WRONG_ANSWER
34867194,1517589019,920B,WRONG_ANSWER
34866854,1517588925,920B,WRONG_ANSWER
34865528,1517588525,920B,WRONG_ANSWER
34865081,1517588367,920B,WRONG_ANSWER
34863271,1517587758,920C,OK
34860226,1517586741,920A,OK
34845464,1517583067,920A,WRONG_ANSWER
34760242,1517407700,919C,OK
34757738,1517407110,919C,WRONG_ANSWER
34750372,1517405681,919B,OK
34746976,1517405136,919A,OK
34746817,1517405110,919A,COMPILATION_ERROR
34687484,1517250918,918A,OK
34672181,1517237817,918B,OK
34667110,1517236990,918A,CHALLENGED
34664134,1517235247,916A,OK
34663551,1517233987,916A,WRONG_ANSWER
