59847664,1567332660,102192K,OK
59846924,1567331578,102192K,WRONG_ANSWER
59845605,1567329617,102192L,OK
59845501,1567329442,102192L,WRONG_ANSWER
59844181,1567327573,102192D,OK
59843853,1567327004,102192G,OK
59843756,1567326810,102192G,WRONG_ANSWER
59842893,1567325322,102192G,WRONG_ANSWER
59842809,1567325179,102192G,WRONG_ANSWER
59842737,1567325060,102192G,WRONG_ANSWER
59842550,1567324711,102192G,WRONG_ANSWER
59842443,1567324521,102192G,WRONG_ANSWER
59842103,1567323911,102192G,WRONG_ANSWER
59841795,1567323312,102192G,WRONG_ANSWER
59841701,1567323140,102192G,WRONG_ANSWER
59839894,1567320032,102192A,OK
59839796,1567319851,102192D,WRONG_ANSWER
59839620,1567319560,102192D,WRONG_ANSWER
59839288,1567318913,102192J,OK
59839216,1567318778,102192J,WRONG_ANSWER
59838536,1567317561,102192E,OK
59439610,1566729254,1045J,MEMORY_LIMIT_EXCEEDED
59439524,1566729112,1045J,MEMORY_LIMIT_EXCEEDED
59439237,1566728633,1045C,TIME_LIMIT_EXCEEDED
59439197,1566728560,1045C,OK
59439142,1566728445,1045C,TIME_LIMIT_EXCEEDED
59438580,1566727414,1045J,WRONG_ANSWER
59438270,1566726831,1045J,WRONG_ANSWER
59438160,1566726643,1045H,OK
59438122,1566726575,1045H,WRONG_ANSWER
59437904,1566726207,1045H,WRONG_ANSWER
59437598,1566725658,1045H,WRONG_ANSWER
59437583,1566725622,1045J,WRONG_ANSWER
59437379,1566725284,1045H,WRONG_ANSWER
59437232,1566725044,1045H,WRONG_ANSWER
59437118,1566724876,1045H,WRONG_ANSWER
59436672,1566724152,1045J,WRONG_ANSWER
59436653,1566724113,1045J,COMPILATION_ERROR
59433642,1566718737,1045B,OK
59433606,1566718686,1045B,TIME_LIMIT_EXCEEDED
59433477,1566718470,1045B,WRONG_ANSWER
59433292,1566718109,1045D,OK
59433255,1566718033,1045D,OK
59433198,1566717895,1045D,TIME_LIMIT_EXCEEDED
59433094,1566717717,1045D,TIME_LIMIT_EXCEEDED
59432485,1566716601,1045B,WRONG_ANSWER
59432239,1566716132,1045B,WRONG_ANSWER
59432148,1566715975,1045B,WRONG_ANSWER
59431610,1566714827,1045B,WRONG_ANSWER
59431168,1566714051,1045G,OK
59431077,1566713880,1045G,WRONG_ANSWER
59430233,1566712282,1045I,OK
59430188,1566712182,1045I,MEMORY_LIMIT_EXCEEDED
56620831,1562413982,102155D,OK
56619010,1562411403,102155G,OK
56618868,1562411115,102155G,WRONG_ANSWER
56618291,1562410038,102155I,OK
56618203,1562409879,102155I,WRONG_ANSWER
56617767,1562409177,102155I,WRONG_ANSWER
56617750,1562409140,102155I,COMPILATION_ERROR
56617054,1562407864,102155H,OK
56617040,1562407831,102155H,WRONG_ANSWER
56616971,1562407712,102155H,WRONG_ANSWER
56616936,1562407634,102155H,WRONG_ANSWER
56616234,1562406408,102155F,OK
56616075,1562406137,102155A,OK
56615438,1562405002,102155A,WRONG_ANSWER
56615328,1562404804,102155A,WRONG_ANSWER
56614981,1562404288,102155C,OK
56614854,1562404082,102155A,WRONG_ANSWER
56613972,1562402639,102155A,WRONG_ANSWER
56613610,1562401963,102155K,OK
56612896,1562400752,102155K,WRONG_ANSWER
56612603,1562400265,102155K,WRONG_ANSWER
56612510,1562400106,102155K,WRONG_ANSWER
56612371,1562399850,102155K,WRONG_ANSWER
56612298,1562399723,102155K,WRONG_ANSWER
56611914,1562399018,102155K,WRONG_ANSWER
55635055,1560681778,102129A,OK
55633858,1560681379,102129A,TIME_LIMIT_EXCEEDED
55630570,1560680362,102129F,OK
55621523,1560678392,102129J,OK
55620213,1560678237,102129F,WRONG_ANSWER
55616896,1560677621,102129F,WRONG_ANSWER
55616604,1560676892,102129F,WRONG_ANSWER
55616036,1560675570,102129F,WRONG_ANSWER
55614396,1560672022,102129H,OK
55613954,1560671003,102129H,WRONG_ANSWER
55613724,1560670492,102129F,WRONG_ANSWER
55613117,1560669135,102129K,OK
55612957,1560668767,102129E,OK
54619469,1558784268,102156C,OK
54619330,1558784064,102156C,WRONG_ANSWER
54609591,1558781191,102156J,OK
54609295,1558780717,102156I,OK
54604366,1558777106,102156A,OK
54604325,1558777032,102156A,OK
54604214,1558776853,102156A,WRONG_ANSWER
54603828,1558776347,102156A,TIME_LIMIT_EXCEEDED
54603727,1558776223,102156A,TIME_LIMIT_EXCEEDED
54603570,1558776048,102156A,COMPILATION_ERROR
54597899,1558775596,102156A,TIME_LIMIT_EXCEEDED
54594996,1558775276,102156A,TIME_LIMIT_EXCEEDED
54591678,1558774444,102156A,TIME_LIMIT_EXCEEDED
54590912,1558773546,102156A,WRONG_ANSWER
54590858,1558773478,102156A,WRONG_ANSWER
54586502,1558767958,102156H,OK
49038210,1548565700,102056C,OK
49038179,1548565628,102056C,WRONG_ANSWER
49038080,1548565359,102056C,TIME_LIMIT_EXCEEDED
49038040,1548565214,102056C,TIME_LIMIT_EXCEEDED
49038008,1548565101,102056C,TIME_LIMIT_EXCEEDED
49037984,1548565029,102056C,WRONG_ANSWER
49037969,1548564991,102056C,WRONG_ANSWER
49037930,1548564933,102056C,WRONG_ANSWER
49037902,1548564882,102056C,WRONG_ANSWER
49037883,1548564825,102056C,WRONG_ANSWER
49037737,1548564459,102056C,WRONG_ANSWER
49037589,1548564001,102056C,WRONG_ANSWER
49037451,1548563562,102056C,TIME_LIMIT_EXCEEDED
49037347,1548563232,102056C,WRONG_ANSWER
49036564,1548560749,102056F,OK
49035822,1548558609,102056L,OK
49035768,1548558437,102056L,WRONG_ANSWER
49035585,1548557904,102056I,OK
49035232,1548556919,102056D,OK
49035224,1548556893,102056D,COMPILATION_ERROR
46910876,1544547106,101991G,WRONG_ANSWER
46745249,1544250369,1089H,WRONG_ANSWER
46745030,1544249975,1089H,WRONG_ANSWER
46744965,1544249839,1089H,TIME_LIMIT_EXCEEDED
46744485,1544248938,1089B,OK
46744299,1544248570,1089B,OK
46743928,1544247760,1089B,TIME_LIMIT_EXCEEDED
46743094,1544245145,1089M,OK
46742191,1544241673,1089C,OK
46742080,1544241236,1089A,OK
46742064,1544241173,1089A,WRONG_ANSWER
46742017,1544240972,1089A,WRONG_ANSWER
46741615,1544238840,1089E,OK
46741502,1544238357,1089E,WRONG_ANSWER
46741240,1544237122,1089K,OK
46741216,1544237026,1089K,WRONG_ANSWER
46741005,1544236110,1089G,OK
46740899,1544235642,1089F,OK
46740795,1544235219,1089L,OK
46705199,1544164610,101991E,OK
46704461,1544162595,101991H,OK
46704357,1544162302,101991G,WRONG_ANSWER
46704226,1544161927,101991G,TIME_LIMIT_EXCEEDED
46704222,1544161917,101991G,RUNTIME_ERROR
46703960,1544160973,101991G,TIME_LIMIT_EXCEEDED
46703711,1544160309,101991H,TIME_LIMIT_EXCEEDED
46703604,1544160178,101991H,RUNTIME_ERROR
46703572,1544160060,101991H,WRONG_ANSWER
46703537,1544159959,101991G,TIME_LIMIT_EXCEEDED
46703467,1544159745,101991G,TIME_LIMIT_EXCEEDED
46703178,1544158831,101991J,OK
46702569,1544156467,101991K,OK
46702426,1544155882,101991F,OK
46702320,1544155458,101991F,WRONG_ANSWER
46701333,1544151150,101991F,WRONG_ANSWER
46701221,1544150527,101991B,OK
46701149,1544150207,101991D,OK
46700996,1544149309,101991C,OK
46700921,1544148753,101991I,OK
46700915,1544148692,101991I,WRONG_ANSWER
46700867,1544148409,101991I,WRONG_ANSWER
46700851,1544148328,101991L,OK
46700786,1544147979,101991L,TIME_LIMIT_EXCEEDED
46688162,1544108353,102012J,OK
46688134,1544108311,102012J,WRONG_ANSWER
46688041,1544108143,102012J,WRONG_ANSWER
46688013,1544108100,102012J,WRONG_ANSWER
46687380,1544107034,102012J,WRONG_ANSWER
46685855,1544104778,102012J,WRONG_ANSWER
46684028,1544102108,102012J,WRONG_ANSWER
46670104,1544076138,102012J,WRONG_ANSWER
46669876,1544075485,102012J,WRONG_ANSWER
46669760,1544075163,102012J,WRONG_ANSWER
46669700,1544075037,102012J,WRONG_ANSWER
46668730,1544072135,102012C,OK
46667015,1544066562,102012H,OK
46666915,1544066152,102012H,TIME_LIMIT_EXCEEDED
46666804,1544065685,102012H,TIME_LIMIT_EXCEEDED
46666747,1544065443,102012H,WRONG_ANSWER
46666706,1544065268,102012H,WRONG_ANSWER
46666474,1544064284,102012G,OK
46666349,1544063679,102012G,WRONG_ANSWER
46666153,1544062675,102012A,OK
46666111,1544062477,102012A,WRONG_ANSWER
46525000,1543782868,101498L,TIME_LIMIT_EXCEEDED
46524989,1543782841,101498L,COMPILATION_ERROR
45779188,1542308873,101964A,OK
45779136,1542308777,101964A,WRONG_ANSWER
45778644,1542307552,101964A,TIME_LIMIT_EXCEEDED
45778395,1542306974,101964K,OK
45778354,1542306874,101964K,WRONG_ANSWER
45778208,1542306569,101964K,WRONG_ANSWER
45777069,1542303902,101964H,OK
45776736,1542303145,101964H,RUNTIME_ERROR
45776677,1542303003,101964H,RUNTIME_ERROR
45776450,1542302511,101964H,TIME_LIMIT_EXCEEDED
45776252,1542302105,101964H,TIME_LIMIT_EXCEEDED
45776197,1542301981,101964H,TIME_LIMIT_EXCEEDED
45775086,1542299744,101964F,WRONG_ANSWER
45773672,1542297093,101964B,OK
45773483,1542296719,101964C,OK
45773458,1542296683,101964C,COMPILATION_ERROR
45773275,1542296368,101964G,OK
45773198,1542296224,101964G,WRONG_ANSWER
45773097,1542296027,101964E,OK
45772909,1542295657,101964E,TIME_LIMIT_EXCEEDED
45772028,1542294050,101964I,OK
45697427,1542172202,101986G,OK
45697166,1542171168,101986G,WRONG_ANSWER
45696924,1542170126,101986G,WRONG_ANSWER
45696329,1542167433,101986E,OK
45696307,1542167297,101986K,OK
45696297,1542167221,101986K,RUNTIME_ERROR
45695901,1542165383,101986I,OK
45695853,1542165184,101986I,WRONG_ANSWER
45695624,1542164092,101986K,WRONG_ANSWER
45695080,1542161412,101986F,OK
45694918,1542160326,101986B,OK
45694867,1542159994,101986B,WRONG_ANSWER
45694616,1542158513,101986C,OK
45694547,1542157962,101986A,OK
45694543,1542157943,101986A,COMPILATION_ERROR
44597735,1540040491,1070L,TIME_LIMIT_EXCEEDED
44595410,1540038165,1070J,OK
44594501,1540037238,1070G,OK
44593793,1540036492,1070G,WRONG_ANSWER
44592252,1540034861,1070K,RUNTIME_ERROR
44592221,1540034829,1070G,WRONG_ANSWER
44592099,1540034687,1070G,RUNTIME_ERROR
44592082,1540034672,1070K,RUNTIME_ERROR
44591925,1540034505,1070G,WRONG_ANSWER
44591828,1540034380,1070G,WRONG_ANSWER
44591721,1540034255,1070G,WRONG_ANSWER
44589224,1540031582,1070B,OK
44589119,1540031474,1070B,RUNTIME_ERROR
44588963,1540031293,1070B,RUNTIME_ERROR
44588795,1540031131,1070I,OK
44588713,1540031038,1070I,WRONG_ANSWER
44584389,1540026708,1070A,OK
44583618,1540026125,1070C,OK
44582507,1540025326,1070E,OK
44582318,1540025196,1070F,OK
44581806,1540024859,1070E,WRONG_ANSWER
44581755,1540024825,1070E,WRONG_ANSWER
44580365,1540023933,1070H,OK
44580211,1540023820,1070H,WRONG_ANSWER
44579764,1540023478,1070D,OK
44579555,1540023275,1070K,OK
44154463,1539279553,1065F,OK
44154440,1539279528,1065F,RUNTIME_ERROR
44152797,1539277612,1065F,WRONG_ANSWER
42902367,1537041815,1037E,WRONG_ANSWER
42902334,1537041725,1037E,WRONG_ANSWER
42791497,1536742246,101237H,OK
42791228,1536741536,101237H,WRONG_ANSWER
42791155,1536741378,101237H,WRONG_ANSWER
42787388,1536730686,101237F,OK
42787264,1536730300,101237F,WRONG_ANSWER
42786552,1536727891,101237A,OK
42786496,1536727741,101237A,TIME_LIMIT_EXCEEDED
42786114,1536726274,101237D,OK
42328200,1535787917,101137J,WRONG_ANSWER
42328189,1535787875,101137J,COMPILATION_ERROR
42328175,1535787840,101137J,WRONG_ANSWER
42328122,1535787665,101137J,WRONG_ANSWER
42327975,1535787212,101137J,WRONG_ANSWER
42327859,1535786888,101137J,WRONG_ANSWER
42327707,1535786425,101137J,WRONG_ANSWER
42327681,1535786345,101137J,WRONG_ANSWER
42326495,1535781843,101137E,OK
42325548,1535777416,101137F,OK
42325375,1535776444,101137F,WRONG_ANSWER
42325322,1535776183,101137K,OK
42325309,1535776131,101137F,WRONG_ANSWER
42325303,1535776107,101137K,WRONG_ANSWER
42325252,1535775835,101137K,WRONG_ANSWER
42325219,1535775601,101137K,WRONG_ANSWER
42324443,1535771046,101137B,OK
42324262,1535770042,101137G,OK
42324223,1535769875,101137B,WRONG_ANSWER
42324102,1535769364,101137B,WRONG_ANSWER
42324004,1535768947,101137B,WRONG_ANSWER
42323987,1535768868,101137B,WRONG_ANSWER
42323971,1535768789,101137L,OK
42323958,1535768734,101137L,RUNTIME_ERROR
42323859,1535768328,101137A,OK
42323803,1535768052,101137A,WRONG_ANSWER
42323769,1535767909,101137A,WRONG_ANSWER
41954436,1534915390,101591I,OK
41954154,1534914381,101591I,WRONG_ANSWER
41953783,1534912960,101591D,OK
41953719,1534912681,101591D,WRONG_ANSWER
41953522,1534911864,101591L,OK
41953322,1534910953,101591L,WRONG_ANSWER
41953239,1534910448,101591E,OK
41953194,1534910222,101591E,WRONG_ANSWER
41953176,1534910154,101591E,WRONG_ANSWER
41953128,1534909903,101591E,MEMORY_LIMIT_EXCEEDED
41952552,1534906964,101591J,OK
41952316,1534905988,101591C,OK
41952294,1534905921,101591C,WRONG_ANSWER
41952241,1534905705,101591A,OK
41951822,1534904145,101591A,TIME_LIMIT_EXCEEDED
41951731,1534903810,101591A,TIME_LIMIT_EXCEEDED
41951537,1534903001,101591B,OK
41951352,1534902227,101591H,OK
41951253,1534901939,101591G,OK
39024529,1528382148,986C,TIME_LIMIT_EXCEEDED
39024451,1528381945,986C,TIME_LIMIT_EXCEEDED
39024439,1528381901,986C,TIME_LIMIT_EXCEEDED
39024283,1528381516,986C,WRONG_ANSWER
39024202,1528381312,986C,WRONG_ANSWER
39024180,1528381269,986C,COMPILATION_ERROR
37139119,1523348665,101242F,WRONG_ANSWER
37139034,1523348405,101242A,WRONG_ANSWER
37139011,1523348337,101242A,WRONG_ANSWER
37138908,1523348029,101242A,WRONG_ANSWER
37138888,1523347971,101242A,WRONG_ANSWER
37138401,1523346289,101242F,WRONG_ANSWER
37138004,1523344972,101242F,WRONG_ANSWER
37137115,1523341884,101242D,OK
37136512,1523339431,101242B,OK
37136495,1523339359,101242B,MEMORY_LIMIT_EXCEEDED
37136100,1523337715,101242K,OK
37135735,1523335878,101242L,OK
37135692,1523335614,101242L,WRONG_ANSWER
37135528,1523334503,101242G,OK
37135491,1523334283,101242G,WRONG_ANSWER
37135479,1523334182,101242G,WRONG_ANSWER
37135304,1523332841,101242E,OK
37135191,1523332077,101242C,OK
36197267,1520767764,101597A,WRONG_ANSWER
36197125,1520767523,101597A,MEMORY_LIMIT_EXCEEDED
36196981,1520767242,101597A,MEMORY_LIMIT_EXCEEDED
36196910,1520767097,101597F,OK
36196262,1520765644,101597D,OK
36195749,1520764449,101597F,WRONG_ANSWER
36195404,1520763755,101597F,WRONG_ANSWER
36195355,1520763633,101597F,WRONG_ANSWER
36195184,1520763280,101597F,WRONG_ANSWER
36194976,1520762820,101597F,RUNTIME_ERROR
36194918,1520762694,101597F,MEMORY_LIMIT_EXCEEDED
36194113,1520760737,101597B,OK
36193847,1520760119,101597C,OK
36192808,1520757971,101597K,OK
36192732,1520757856,101597E,OK
35832763,1519987403,101611C,OK
35832585,1519986828,101611C,WRONG_ANSWER
35832416,1519986274,101611C,WRONG_ANSWER
35832164,1519985523,101611F,OK
35832009,1519985023,101611F,WRONG_ANSWER
35831714,1519984493,101611F,WRONG_ANSWER
35830299,1519981828,101611I,WRONG_ANSWER
35830241,1519981680,101611G,OK
35829999,1519981187,101611G,WRONG_ANSWER
35829402,1519979531,101611G,WRONG_ANSWER
35828958,1519978474,101611H,OK
35828934,1519978412,101611H,WRONG_ANSWER
35828767,1519977880,101611H,WRONG_ANSWER
35828647,1519977487,101611H,WRONG_ANSWER
35827514,1519974084,101611D,OK
35827374,1519973730,101611D,WRONG_ANSWER
35827244,1519973391,101611D,WRONG_ANSWER
35827103,1519972937,101611A,OK
35719500,1519618720,101620F,OK
35719459,1519618545,101620F,WRONG_ANSWER
35719432,1519618326,101620F,WRONG_ANSWER
35719147,1519617185,101620J,OK
35719091,1519617014,101620F,WRONG_ANSWER
35718901,1519616338,101620A,OK
35448974,1518965098,938E,OK
35448958,1518965069,938E,WRONG_ANSWER
35448217,1518963362,938F,OK
34289559,1516328890,915G,TIME_LIMIT_EXCEEDED
33809819,1514639489,908G,OK
32814410,1512067855,757F,OK
32772752,1511941496,101480H,WRONG_ANSWER
32772164,1511940298,101480E,OK
32771915,1511939761,101480F,OK
32766954,1511936484,101480G,OK
32766478,1511934990,101480G,WRONG_ANSWER
32765332,1511930930,101480B,OK
32764889,1511928503,101480K,OK
32764751,1511927592,101480J,OK
32764362,1511924599,101480D,OK
32764315,1511924256,101480A,OK
32542697,1511335453,101615F,TIME_LIMIT_EXCEEDED
32542388,1511334460,101615F,WRONG_ANSWER
32541563,1511331858,101615I,OK
32541035,1511329991,101615M,OK
32540948,1511329661,101615M,WRONG_ANSWER
32540639,1511328492,101615H,OK
32540579,1511328265,101615H,WRONG_ANSWER
32540439,1511327638,101615H,WRONG_ANSWER
32540395,1511327448,101615H,WRONG_ANSWER
32540302,1511326952,101615H,WRONG_ANSWER
32540281,1511326825,101615H,WRONG_ANSWER
32540137,1511326092,101615H,WRONG_ANSWER
32539939,1511324911,101615G,OK
32539844,1511324396,101615E,OK
32539615,1511322906,101615J,OK
32539380,1511321435,101615F,TIME_LIMIT_EXCEEDED
32539060,1511319719,101615D,OK
32538931,1511319031,101615L,OK
32538889,1511318757,101615C,OK
32538843,1511318431,101615C,TIME_LIMIT_EXCEEDED
32538764,1511317934,101615A,OK
32199421,1510328662,101161C,OK
32198724,1510326939,101161F,OK
32198407,1510326090,101161D,OK
32198270,1510325683,101161D,WRONG_ANSWER
32198063,1510325125,101161D,WRONG_ANSWER
32197820,1510324465,101161H,OK
32197289,1510322908,101161B,OK
32197188,1510322639,101161E,OK
32196177,1510320003,101161G,OK
32196113,1510319847,101161G,WRONG_ANSWER
32196056,1510319739,101161G,WRONG_ANSWER
32195519,1510318362,101161I,OK
32195405,1510318144,101161I,WRONG_ANSWER
32195145,1510317495,101161L,OK
32157346,1510229924,101194G,MEMORY_LIMIT_EXCEEDED
32156795,1510228453,101194G,TIME_LIMIT_EXCEEDED
32156764,1510228380,101194G,MEMORY_LIMIT_EXCEEDED
32156758,1510228363,101194G,MEMORY_LIMIT_EXCEEDED
32156747,1510228318,101194G,TIME_LIMIT_EXCEEDED
32156730,1510228278,101194G,MEMORY_LIMIT_EXCEEDED
32156713,1510228232,101194G,MEMORY_LIMIT_EXCEEDED
32156630,1510227966,101194G,TIME_LIMIT_EXCEEDED
32156409,1510227335,101194G,MEMORY_LIMIT_EXCEEDED
32155007,1510223268,101194E,OK
32154780,1510222499,101194B,OK
32154343,1510220623,101194C,OK
32154307,1510220446,101194F,OK
32154210,1510220009,101194F,WRONG_ANSWER
32154127,1510219703,101194H,OK
32154045,1510219364,101194C,WRONG_ANSWER
32153924,1510218830,101194F,WRONG_ANSWER
32153758,1510217955,101194D,OK
32153730,1510217835,101194F,WRONG_ANSWER
32153657,1510217543,101194D,WRONG_ANSWER
32153448,1510216617,101194D,WRONG_ANSWER
32153313,1510215965,101194E,WRONG_ANSWER
32153246,1510215712,101194C,WRONG_ANSWER
32153116,1510215123,101194C,WRONG_ANSWER
32152751,1510213350,101194E,WRONG_ANSWER
32152729,1510213223,101194E,WRONG_ANSWER
32152666,1510212928,101194L,OK
32152475,1510212111,101194A,OK
32139053,1510143690,101412I,OK
32139034,1510143655,101412H,OK
32139026,1510143642,101412G,OK
32139017,1510143632,101412F,OK
32138957,1510143521,101412E,OK
32138949,1510143510,101412D,OK
32138939,1510143482,101412C,OK
32138932,1510143470,101412B,OK
32138860,1510143320,101412A,OK
32134373,1510121574,101412A,OK
32110883,1510035326,101470G,OK
32110499,1510033450,101470A,OK
32110416,1510032967,101470C,OK
32110185,1510031847,101470G,TIME_LIMIT_EXCEEDED
32110090,1510031412,101470G,WRONG_ANSWER
32109879,1510030276,101470J,OK
32109852,1510030122,101470J,WRONG_ANSWER
32109668,1510028922,101470B,OK
32109293,1510026268,101470B,WRONG_ANSWER
32109258,1510025977,101470B,WRONG_ANSWER
32109238,1510025901,101470B,WRONG_ANSWER
32109018,1510024382,101470E,OK
32108911,1510023547,101470F,OK
32108646,1510021830,101470D,OK
32108642,1510021821,101470H,OK
32108632,1510021745,101470H,WRONG_ANSWER
32108607,1510021555,101470D,WRONG_ANSWER
32108583,1510021424,101470D,WRONG_ANSWER
30460172,1505728614,100015C,WRONG_ANSWER
30459783,1505727445,100015D,OK
30459161,1505725670,100015I,OK
30458760,1505724463,100015H,OK
30458727,1505724349,100015H,WRONG_ANSWER
30458660,1505724163,100015H,WRONG_ANSWER
30458578,1505723896,100015H,WRONG_ANSWER
30458034,1505721853,100015F,OK
30457987,1505721670,100015F,TIME_LIMIT_EXCEEDED
30457564,1505720015,100015B,OK
30456952,1505717719,100015C,WRONG_ANSWER
30456428,1505715536,100015A,OK
30361580,1505474777,100803I,WRONG_ANSWER
30360440,1505469188,100803E,WRONG_ANSWER
30360408,1505468992,100803E,WRONG_ANSWER
30359707,1505464891,100803D,OK
30359306,1505463077,100803G,OK
30358904,1505461318,100803F,OK
30358757,1505460709,100803C,OK
30358699,1505460451,100803C,WRONG_ANSWER
30358628,1505460073,100803C,WRONG_ANSWER
30358623,1505460052,100803C,RUNTIME_ERROR
30358327,1505458591,100803A,OK
30358104,1505457760,100803B,OK
28650445,1500333482,100520A,WRONG_ANSWER
28643865,1500307945,101385D,OK
28643400,1500304066,101385D,WRONG_ANSWER
27351544,1495787026,799E,OK
27351430,1495786563,799E,WRONG_ANSWER
27351359,1495786316,799E,RUNTIME_ERROR
27313642,1495598235,809D,OK
27313511,1495597390,809D,WRONG_ANSWER
27313508,1495597368,809D,WRONG_ANSWER
27304284,1495553271,809B,OK
27304141,1495552751,809B,WRONG_ANSWER
26862162,1493916339,804E,WRONG_ANSWER
26858180,1493914501,804C,OK
26856712,1493913919,804C,CHALLENGED
26856426,1493913811,804C,WRONG_ANSWER
26843095,1493910302,804B,OK
26838819,1493909733,804A,OK
26627913,1492980238,793C,OK
26623969,1492972697,793C,WRONG_ANSWER
26623948,1492972688,793D,WRONG_ANSWER
26622531,1492972025,793C,WRONG_ANSWER
26621389,1492971401,793C,WRONG_ANSWER
26620527,1492970937,793C,WRONG_ANSWER
26619827,1492970489,793C,WRONG_ANSWER
26618833,1492969977,793C,WRONG_ANSWER
26617495,1492969288,793C,WRONG_ANSWER
26616823,1492968959,793C,WRONG_ANSWER
26612814,1492967063,793B,OK
26610395,1492966203,793A,OK
26434218,1492364015,800B,OK
26434133,1492363983,800C,COMPILATION_ERROR
26434066,1492363947,800B,COMPILATION_ERROR
26433648,1492363719,800C,WRONG_ANSWER
26433603,1492363692,800C,COMPILATION_ERROR
26433341,1492363537,800C,WRONG_ANSWER
26433190,1492363443,800C,WRONG_ANSWER
26432801,1492363197,800C,WRONG_ANSWER
26424182,1492358892,800B,SKIPPED
26424158,1492358881,800A,TIME_LIMIT_EXCEEDED
26424043,1492358836,800B,COMPILATION_ERROR
26423587,1492358659,800A,COMPILATION_ERROR
26423185,1492358500,800A,COMPILATION_ERROR
26153790,1491412326,795E,COMPILATION_ERROR
26152869,1491411480,795H,OK
26151651,1491410468,795D,OK
26150916,1491409913,795K,TIME_LIMIT_EXCEEDED
26150450,1491409585,795K,TIME_LIMIT_EXCEEDED
26147393,1491407358,795C,OK
26007624,1490975797,784A,OK
26007474,1490975772,784A,COMPILATION_ERROR
26003781,1490975200,784A,WRONG_ANSWER
25998724,1490974405,784A,WRONG_ANSWER
25998356,1490974330,784A,RUNTIME_ERROR
25997271,1490974167,784A,WRONG_ANSWER
25997134,1490974145,784A,WRONG_ANSWER
25996332,1490974022,784A,RUNTIME_ERROR
25987525,1490972896,784A,WRONG_ANSWER
25984572,1490972634,784A,WRONG_ANSWER
25983767,1490972579,784A,WRONG_ANSWER
25617683,1489855111,790B,OK
25617151,1489854851,790B,WRONG_ANSWER
25608784,1489852048,790A,OK
25608354,1489851957,790A,WRONG_ANSWER
25556303,1489684950,704B,OK
25556247,1489684764,704B,WRONG_ANSWER
25488467,1489544733,500E,OK
25394698,1489213135,101201L,WRONG_ANSWER
25394675,1489213067,101201L,TIME_LIMIT_EXCEEDED
25394643,1489213006,101201L,TIME_LIMIT_EXCEEDED
25394627,1489212966,101201K,OK
25394620,1489212945,101201L,TIME_LIMIT_EXCEEDED
25394609,1489212922,101201L,COMPILATION_ERROR
25394495,1489212628,101201K,TIME_LIMIT_EXCEEDED
25394466,1489212550,101201K,TIME_LIMIT_EXCEEDED
25394397,1489212348,101201K,RUNTIME_ERROR
25394329,1489212128,101201K,TIME_LIMIT_EXCEEDED
25394280,1489212011,101201K,WRONG_ANSWER
25394169,1489211745,101201K,WRONG_ANSWER
25394156,1489211699,101201K,WRONG_ANSWER
25393232,1489208006,101201B,OK
25393178,1489207667,101201B,WRONG_ANSWER
25392750,1489204796,101201J,OK
25392724,1489204631,101201J,TIME_LIMIT_EXCEEDED
25392686,1489204379,101201I,OK
25392533,1489203295,101201C,OK
25392461,1489202925,101201C,WRONG_ANSWER
25392408,1489202654,101201H,OK
25392297,1489201974,101201A,OK
25346210,1488992753,696D,OK
25201226,1488605132,100519I,WRONG_ANSWER
25201064,1488604508,100519B,OK
25200395,1488601741,100519G,OK
25200355,1488601538,100519G,WRONG_ANSWER
25200086,1488599836,100519G,WRONG_ANSWER
25200035,1488599552,100519G,WRONG_ANSWER
25199948,1488599004,100519A,OK
25199941,1488598911,100519A,WRONG_ANSWER
25199735,1488597539,100519H,OK
25199685,1488597247,100519E,OK
25199663,1488597093,100519E,WRONG_ANSWER
25199646,1488596994,100519E,WRONG_ANSWER
25199628,1488596902,100519E,WRONG_ANSWER
25199617,1488596860,100519E,TIME_LIMIT_EXCEEDED
25199614,1488596817,100519E,TIME_LIMIT_EXCEEDED
25199605,1488596780,100519E,TIME_LIMIT_EXCEEDED
25199586,1488596643,100519F,OK
25199439,1488595514,100519H,WRONG_ANSWER
25199327,1488594660,100519H,WRONG_ANSWER
25199320,1488594613,100519C,OK
25199301,1488594409,100519H,WRONG_ANSWER
25199293,1488594351,100519H,WRONG_ANSWER
25199070,1488592715,100519E,WRONG_ANSWER
25199064,1488592659,100519E,WRONG_ANSWER
25199031,1488592403,100519D,OK
25199027,1488592373,100519E,WRONG_ANSWER
25198997,1488592137,100519E,WRONG_ANSWER
25198989,1488592021,100519E,WRONG_ANSWER
24850395,1487615564,768E,OK
24848678,1487614501,768E,RUNTIME_ERROR
24845747,1487612704,768E,WRONG_ANSWER
24845528,1487612642,768E,WRONG_ANSWER
24837175,1487609557,768C,OK
24833769,1487608473,768B,OK
24833353,1487608339,768B,WRONG_ANSWER
24826977,1487606936,768A,OK
24751670,1487397858,101208I,OK
24751649,1487397788,101208I,WRONG_ANSWER
24751421,1487397194,101208I,WRONG_ANSWER
24751221,1487396642,101208I,TIME_LIMIT_EXCEEDED
24751187,1487396550,101208I,WRONG_ANSWER
24751057,1487396160,101208I,TIME_LIMIT_EXCEEDED
24750774,1487395297,101208C,OK
24750495,1487394353,101208C,WRONG_ANSWER
24750338,1487393710,101208H,OK
24750183,1487393091,101208C,WRONG_ANSWER
24749888,1487391462,101208C,WRONG_ANSWER
24749868,1487391352,101208C,WRONG_ANSWER
24749856,1487391314,101208C,WRONG_ANSWER
24749816,1487391059,101208C,WRONG_ANSWER
24749810,1487391022,101208C,COMPILATION_ERROR
24749556,1487389359,101208A,OK
24749459,1487388693,101208A,WRONG_ANSWER
24748987,1487385762,101208F,OK
24620752,1486959614,101116M,WRONG_ANSWER
24620736,1486959444,101116M,WRONG_ANSWER
24620582,1486958221,101116M,WRONG_ANSWER
24620469,1486957382,101116M,WRONG_ANSWER
24620366,1486956517,101116M,WRONG_ANSWER
24620339,1486956286,101116M,WRONG_ANSWER
24380760,1486046876,763B,TIME_LIMIT_EXCEEDED
24380359,1486046596,763B,WRONG_ANSWER
24380294,1486046565,763B,COMPILATION_ERROR
24379824,1486046360,763B,WRONG_ANSWER
24378954,1486045966,763B,WRONG_ANSWER
24374111,1486044198,763A,WRONG_ANSWER
24343946,1485953529,762E,OK
24343886,1485953382,762E,TIME_LIMIT_EXCEEDED
24343865,1485953342,762E,WRONG_ANSWER
24343843,1485953287,762E,TIME_LIMIT_EXCEEDED
24343677,1485952894,762E,WRONG_ANSWER
24343668,1485952863,762E,COMPILATION_ERROR
23763276,1484242730,757D,OK
23763039,1484242576,757D,SKIPPED
23762527,1484242279,757D,WRONG_ANSWER
23761624,1484241777,757D,WRONG_ANSWER
23760916,1484241388,757D,WRONG_ANSWER
23760827,1484241339,757D,WRONG_ANSWER
23760735,1484241291,757D,MEMORY_LIMIT_EXCEEDED
23760550,1484241205,757D,MEMORY_LIMIT_EXCEEDED
23754183,1484238596,757C,OK
23754124,1484238576,757C,COMPILATION_ERROR
23753799,1484238471,757A,OK
23753478,1484238368,757C,WRONG_ANSWER
23753380,1484238336,757C,COMPILATION_ERROR
23745223,1484236374,757B,OK
23743794,1484236126,757B,WRONG_ANSWER
23742941,1484235991,757B,WRONG_ANSWER
23740244,1484235585,757A,CHALLENGED
23447055,1483113660,750D,OK
23446942,1483113621,750E,MEMORY_LIMIT_EXCEEDED
23446641,1483113497,750D,MEMORY_LIMIT_EXCEEDED
23430236,1483108511,750C,OK
23427122,1483108040,750B,OK
23421783,1483107497,750A,OK
23064221,1481996537,744B,OK
23064057,1481996470,744B,IDLENESS_LIMIT_EXCEEDED
23063890,1481996397,744B,IDLENESS_LIMIT_EXCEEDED
23063699,1481996316,744B,IDLENESS_LIMIT_EXCEEDED
23063648,1481996296,744B,IDLENESS_LIMIT_EXCEEDED
23062222,1481995711,744B,IDLENESS_LIMIT_EXCEEDED
23061046,1481995240,744B,IDLENESS_LIMIT_EXCEEDED
23056069,1481993525,744A,OK
22883465,1481470460,101161E,OK
22883364,1481470162,101161E,WRONG_ANSWER
22883343,1481470111,101161E,WRONG_ANSWER
22883287,1481469940,101161E,WRONG_ANSWER
22883281,1481469926,101161E,WRONG_ANSWER
22883141,1481469509,101161E,WRONG_ANSWER
22883105,1481469401,101161E,WRONG_ANSWER
22883086,1481469345,101161E,WRONG_ANSWER
22882077,1481466571,101161B,OK
22881927,1481466180,101161B,WRONG_ANSWER
22881687,1481465562,101161B,TIME_LIMIT_EXCEEDED
22880999,1481463935,101161I,OK
22812162,1481206380,741D,OK
22812140,1481206317,741D,RUNTIME_ERROR
22811910,1481205709,741D,WRONG_ANSWER
22757626,1481040895,741C,TIME_LIMIT_EXCEEDED
22757416,1481040831,741C,WRONG_ANSWER
22755578,1481040194,741C,WRONG_ANSWER
22752274,1481039120,741C,WRONG_ANSWER
22743142,1481036899,741B,OK
22742862,1481036819,741A,OK
22736939,1481035583,741A,WRONG_ANSWER
22179558,1478960490,713C,TIME_LIMIT_EXCEEDED
22013439,1478179617,713C,OK
21937562,1477927728,733F,OK
21933051,1477925868,733D,OK
21930443,1477924973,733C,WRONG_ANSWER
21929692,1477924743,733C,WRONG_ANSWER
21928700,1477924464,733C,WRONG_ANSWER
21922570,1477923335,733B,OK
21920399,1477923044,733A,OK
21920079,1477923007,733A,WRONG_ANSWER
21670617,1477148950,725A,OK
21611419,1476949753,732F,RUNTIME_ERROR
21597760,1476891182,727F,OK
21596605,1476888384,484E,OK
21576809,1476820824,484E,WRONG_ANSWER
21573025,1476808672,484E,WRONG_ANSWER
21572783,1476808016,484E,WRONG_ANSWER
21543989,1476722831,732E,RUNTIME_ERROR
21543858,1476722751,732E,WRONG_ANSWER
21543634,1476722611,732E,WRONG_ANSWER
21543601,1476722589,732E,COMPILATION_ERROR
21534452,1476718039,732C,OK
21532868,1476717507,732C,WRONG_ANSWER
21532312,1476717319,732C,WRONG_ANSWER
21528118,1476716163,732D,OK
21524470,1476715483,732B,OK
21522830,1476715222,732A,OK
21491595,1476617768,731E,OK
21491549,1476617748,731E,WRONG_ANSWER
21489414,1476616696,731E,WRONG_ANSWER
21488912,1476616414,731E,WRONG_ANSWER
21486413,1476615024,731F,OK
21479765,1476612358,731C,OK
21479532,1476612288,731C,WRONG_ANSWER
21477911,1476611819,731B,OK
21476091,1476611318,731A,OK
21319063,1476018421,724E,OK
21318823,1476017514,724E,WRONG_ANSWER
21318761,1476017330,724E,MEMORY_LIMIT_EXCEEDED
21096719,1475351391,722F,OK
21096716,1475351372,722F,COMPILATION_ERROR
21096649,1475351074,722F,WRONG_ANSWER
21095427,1475346128,722E,OK
21086983,1475335424,722D,OK
21085832,1475334925,722D,TIME_LIMIT_EXCEEDED
21081764,1475333399,722C,OK
21081435,1475333293,722C,WRONG_ANSWER
21077823,1475332292,722C,WRONG_ANSWER
21074475,1475331641,722B,OK
21071564,1475331139,722A,OK
20871653,1474654237,718C,WRONG_ANSWER
20871625,1474654170,718C,TIME_LIMIT_EXCEEDED
20871580,1474654082,718C,TIME_LIMIT_EXCEEDED
20871552,1474654019,718A,OK
20859692,1474640881,718C,TIME_LIMIT_EXCEEDED
20856613,1474639923,718C,WRONG_ANSWER
20855420,1474639551,718C,TIME_LIMIT_EXCEEDED
20854690,1474639348,718C,TIME_LIMIT_EXCEEDED
20854349,1474639246,718A,WRONG_ANSWER
20854256,1474639220,718A,RUNTIME_ERROR
20854183,1474639200,718C,WRONG_ANSWER
20749856,1474272353,377D,OK
20732951,1474199453,720B,WRONG_ANSWER
20732835,1474199260,720B,WRONG_ANSWER
20671714,1474080385,713D,OK
20671706,1474080344,713D,MEMORY_LIMIT_EXCEEDED
20671699,1474080302,713D,MEMORY_LIMIT_EXCEEDED
20651316,1473992825,101078B,OK
20603988,1473823067,717G,OK
20530889,1473596451,717G,WRONG_ANSWER
20529977,1473594284,717E,OK
20529272,1473592784,717E,TIME_LIMIT_EXCEEDED
20528384,1473590928,717E,TIME_LIMIT_EXCEEDED
20528371,1473590897,717E,RUNTIME_ERROR
20528277,1473590722,717E,WRONG_ANSWER
20528127,1473590419,717E,WRONG_ANSWER
20528098,1473590356,717E,WRONG_ANSWER
20528037,1473590246,717E,WRONG_ANSWER
20527153,1473588645,717B,WRONG_ANSWER
20526588,1473587812,717B,MEMORY_LIMIT_EXCEEDED
20526585,1473587809,717C,OK
20526249,1473587352,717B,WRONG_ANSWER
20526085,1473587096,717D,OK
20526060,1473587061,717D,TIME_LIMIT_EXCEEDED
20526020,1473586990,717D,WRONG_ANSWER
20525914,1473586824,717D,RUNTIME_ERROR
20525138,1473585751,717B,WRONG_ANSWER
20525118,1473585727,717B,COMPILATION_ERROR
20524867,1473585432,717B,WRONG_ANSWER
20284214,1472572970,711E,OK
20284011,1472572352,711E,WRONG_ANSWER
20283964,1472572212,711E,WRONG_ANSWER
20283916,1472572099,711E,WRONG_ANSWER
20283210,1472569537,711E,WRONG_ANSWER
20283078,1472569128,711E,WRONG_ANSWER
20135643,1472067885,709E,TIME_LIMIT_EXCEEDED
20135621,1472067862,709E,RUNTIME_ERROR
20135509,1472067729,709E,WRONG_ANSWER
20135477,1472067693,709E,WRONG_ANSWER
20135097,1472067289,709E,WRONG_ANSWER
18423492,1465836536,678D,OK
18422801,1465836254,678D,WRONG_ANSWER
18420535,1465835396,678C,WRONG_ANSWER
18418952,1465834879,678B,WRONG_ANSWER
18417086,1465834397,678A,OK
18299232,1465394533,238C,OK
18299223,1465394509,238C,WRONG_ANSWER
18299219,1465394486,238C,COMPILATION_ERROR
18233363,1464967327,677E,OK
18233334,1464967207,677E,WRONG_ANSWER
18233245,1464966847,677E,WRONG_ANSWER
18233198,1464966561,677E,WRONG_ANSWER
18233122,1464966278,677E,WRONG_ANSWER
18229065,1464946354,100570F,OK
18229019,1464946144,100570F,WRONG_ANSWER
18228971,1464945938,100570F,WRONG_ANSWER
18228937,1464945759,100570F,WRONG_ANSWER
18228909,1464945605,100570F,WRONG_ANSWER
18228892,1464945559,100570F,WRONG_ANSWER
18228732,1464944701,100570F,WRONG_ANSWER
18228698,1464944550,100570F,COMPILATION_ERROR
18228641,1464944295,100570F,WRONG_ANSWER
18181051,1464779971,100513L,OK
18180975,1464779718,100513L,WRONG_ANSWER
18180912,1464779349,100513L,WRONG_ANSWER
18180881,1464779201,100513L,WRONG_ANSWER
18177242,1464758592,100513L,WRONG_ANSWER
18176959,1464756956,100513L,WRONG_ANSWER
18176890,1464756441,100513L,WRONG_ANSWER
18176861,1464756261,100513L,WRONG_ANSWER
18176858,1464756229,100513L,COMPILATION_ERROR
18164097,1464673038,676E,OK
18164078,1464672936,676E,WRONG_ANSWER
18162863,1464661271,676E,WRONG_ANSWER
18162858,1464661221,676E,WRONG_ANSWER
18162855,1464661194,676E,COMPILATION_ERROR
18162853,1464661140,676E,WRONG_ANSWER
18162851,1464661110,676E,WRONG_ANSWER
18162837,1464661011,676E,WRONG_ANSWER
18162817,1464660883,676E,COMPILATION_ERROR
18162812,1464660784,676E,COMPILATION_ERROR
18162797,1464660614,676E,COMPILATION_ERROR
18162723,1464659917,676E,TIME_LIMIT_EXCEEDED
18162716,1464659844,676E,TIME_LIMIT_EXCEEDED
18066507,1464154992,666C,OK
18066503,1464154959,666C,WRONG_ANSWER
18066490,1464154814,666C,TIME_LIMIT_EXCEEDED
18066479,1464154698,666C,TIME_LIMIT_EXCEEDED
18066472,1464154661,666C,COMPILATION_ERROR
17996166,1463683928,675E,OK
17996146,1463683781,675E,WRONG_ANSWER
17996141,1463683749,675E,COMPILATION_ERROR
17994496,1463675852,666B,OK
17994482,1463675784,666B,WRONG_ANSWER
17993688,1463672453,668D,OK
17993607,1463672159,668D,OK
17993574,1463672052,668D,COMPILATION_ERROR
17732448,1462466983,670E,OK
17728096,1462465960,670D1,OK
17727946,1462465927,670D2,OK
17727018,1462465745,670D2,WRONG_ANSWER
17726197,1462465552,670D2,WRONG_ANSWER
17723977,1462465109,670C,OK
17723268,1462464970,670C,WRONG_ANSWER
17721833,1462464714,670B,OK
17720767,1462464526,670A,OK
17405081,1461167891,665D,OK
17404906,1461167732,665D,WRONG_ANSWER
17404724,1461167585,665D,WRONG_ANSWER
17404081,1461167041,665E,OK
17402063,1461165434,665D,WRONG_ANSWER
17401990,1461165367,665D,WRONG_ANSWER
17401826,1461165207,665D,WRONG_ANSWER
17401426,1461164655,665C,OK
17351808,1460831164,664D,OK
17351775,1460831130,664D,COMPILATION_ERROR
17351106,1460830359,664D,WRONG_ANSWER
17351065,1460830314,664D,WRONG_ANSWER
17345820,1460825817,664B,OK
17345517,1460825590,664B,WRONG_ANSWER
17344995,1460825251,664B,WRONG_ANSWER
17343215,1460824626,664A,OK
17272907,1460340196,187A,OK
17272905,1460340175,187A,WRONG_ANSWER
17255567,1460223151,85E,OK
17255099,1460220650,85D,OK
17255060,1460220441,85D,RUNTIME_ERROR
17253958,1460214403,226C,OK
17253898,1460214095,226C,RUNTIME_ERROR
17253721,1460213087,226C,WRONG_ANSWER
17253666,1460212784,226C,TIME_LIMIT_EXCEEDED
17253618,1460212524,226C,MEMORY_LIMIT_EXCEEDED
17240857,1460134569,660E,WRONG_ANSWER
17237173,1460131225,660F,OK
17237141,1460131195,660F,WRONG_ANSWER
17232048,1460128040,660D,OK
17127953,1459591992,652E,OK
17127942,1459591936,652F,RUNTIME_ERROR
17127905,1459591817,652E,WRONG_ANSWER
17127822,1459591469,652E,WRONG_ANSWER
17116338,1459533432,656G,WRONG_ANSWER
17115892,1459533290,656G,WRONG_ANSWER
17115438,1459533125,656G,WRONG_ANSWER
17114924,1459532933,656G,WRONG_ANSWER
17114723,1459532848,656G,WRONG_ANSWER
17114652,1459532823,656G,WRONG_ANSWER
17114541,1459532786,656G,WRONG_ANSWER
17114516,1459532778,656G,WRONG_ANSWER
17114488,1459532769,656G,WRONG_ANSWER
17114457,1459532758,656G,WRONG_ANSWER
17114439,1459532750,656G,WRONG_ANSWER
17114413,1459532741,656G,WRONG_ANSWER
17114392,1459532732,656G,WRONG_ANSWER
17114135,1459532629,656G,WRONG_ANSWER
17113801,1459532503,656G,WRONG_ANSWER
17113541,1459532401,656G,WRONG_ANSWER
17113430,1459532360,656G,WRONG_ANSWER
17113392,1459532346,656G,WRONG_ANSWER
17112504,1459532002,656C,OK
17108996,1459530702,656A,OK
17108825,1459530648,656A,WRONG_ANSWER
17107794,1459530295,656E,OK
17100631,1459527936,656B,OK
17096869,1459526893,656A,WRONG_ANSWER
17095618,1459526669,656A,WRONG_ANSWER
17095203,1459526613,656A,WRONG_ANSWER
17094986,1459526585,656A,WRONG_ANSWER
17094644,1459526542,656A,WRONG_ANSWER
17076001,1459434999,420C,OK
17075489,1459433076,420B,OK
17075451,1459432923,420B,WRONG_ANSWER
17072639,1459424246,659E,OK
17072605,1459424107,659F,OK
17072580,1459424006,659F,WRONG_ANSWER
17072426,1459423367,574E,WRONG_ANSWER
17057589,1459362436,659G,OK
17055738,1459361260,659F,WRONG_ANSWER
17052769,1459359528,659D,OK
17044544,1459356047,659E,WRONG_ANSWER
17042460,1459355389,659B,OK
17040770,1459354906,659C,OK
17038019,1459354229,659A,OK
16872286,1458656794,466E,WRONG_ANSWER
16871941,1458655549,13E,TIME_LIMIT_EXCEEDED
16871898,1458655370,13E,TIME_LIMIT_EXCEEDED
16871869,1458655279,13E,TIME_LIMIT_EXCEEDED
16871829,1458655143,13E,TIME_LIMIT_EXCEEDED
16871807,1458655084,13E,TIME_LIMIT_EXCEEDED
16871733,1458654808,13E,TIME_LIMIT_EXCEEDED
16871696,1458654696,13E,TIME_LIMIT_EXCEEDED
16871650,1458654485,13E,TIME_LIMIT_EXCEEDED
16871636,1458654458,13E,TIME_LIMIT_EXCEEDED
16871617,1458654394,13E,TIME_LIMIT_EXCEEDED
16871565,1458654256,13E,WRONG_ANSWER
16871552,1458654217,13E,TIME_LIMIT_EXCEEDED
16868294,1458642677,375D,WRONG_ANSWER
16868195,1458642260,375D,WRONG_ANSWER
16868171,1458642154,375D,WRONG_ANSWER
16868147,1458642052,375D,COMPILATION_ERROR
16868092,1458641801,375D,WRONG_ANSWER
16856382,1458565387,398D,OK
16856261,1458564999,398D,RUNTIME_ERROR
16856231,1458564929,398D,RUNTIME_ERROR
16851742,1458547298,645D,OK
16851550,1458546376,645C,OK
16851542,1458546340,645C,WRONG_ANSWER
16850043,1458536647,653E,OK
16850018,1458536475,653E,WRONG_ANSWER
16849995,1458536255,653E,WRONG_ANSWER
16849970,1458535996,653E,WRONG_ANSWER
16842152,1458488964,653D,OK
16842137,1458488929,653D,WRONG_ANSWER
16747673,1458140564,555C,OK
16746266,1458136804,425D,OK
16746078,1458136261,425D,WRONG_ANSWER
16743780,1458129947,321C,OK
16743447,1458129113,321C,WRONG_ANSWER
16743259,1458128581,321C,WRONG_ANSWER
16743208,1458128469,321C,WRONG_ANSWER
16728189,1458049838,316E1,OK
16728186,1458049830,316E2,OK
16728124,1458049635,316E3,OK
16728108,1458049583,316E3,WRONG_ANSWER
16728072,1458049467,316E3,WRONG_ANSWER
16727198,1458045763,510E,OK
16727078,1458045203,510E,WRONG_ANSWER
16726951,1458044682,510E,WRONG_ANSWER
16723016,1458010111,333D,OK
16722963,1458009489,333D,WRONG_ANSWER
16717523,1457971192,650D,OK
16717495,1457971130,650D,WRONG_ANSWER
16717424,1457970875,650D,WRONG_ANSWER
16653504,1457714155,549F,OK
16653485,1457714125,549F,WRONG_ANSWER
16653399,1457713990,549F,MEMORY_LIMIT_EXCEEDED
16651069,1457708341,319C,OK
16649716,1457703920,416E,OK
16649690,1457703825,416E,WRONG_ANSWER
16636353,1457627854,631E,OK
16541070,1457209584,633E,WRONG_ANSWER
16541049,1457209506,633E,TIME_LIMIT_EXCEEDED
16541023,1457209411,633E,WRONG_ANSWER
16484871,1457018508,633F,OK
16484837,1457018366,633F,WRONG_ANSWER
16484814,1457018277,633F,WRONG_ANSWER
16469930,1456939914,633E,OK
16469924,1456939889,633E,COMPILATION_ERROR
16469892,1456939756,633E,WRONG_ANSWER
16469871,1456939681,633E,WRONG_ANSWER
16469856,1456939641,633E,WRONG_ANSWER
16469692,1456939057,633E,WRONG_ANSWER
16469645,1456938922,633E,TIME_LIMIT_EXCEEDED
16469629,1456938855,633E,WRONG_ANSWER
16469611,1456938776,633E,WRONG_ANSWER
16469551,1456938500,633E,WRONG_ANSWER
16467340,1456930680,633G,OK
16467312,1456930595,633G,WRONG_ANSWER
16467274,1456930489,633G,WRONG_ANSWER
16467241,1456930376,633G,WRONG_ANSWER
16467172,1456930146,633G,WRONG_ANSWER
16347232,1456492951,228E,OK
16346295,1456489860,100570D,OK
16346248,1456489698,100570D,WRONG_ANSWER
16333655,1456415903,27D,OK
16333539,1456415484,27D,WRONG_ANSWER
16293918,1456237021,391E1,OK
16293907,1456236976,391E2,OK
16280730,1456159896,348C,OK
16280680,1456159699,348C,TIME_LIMIT_EXCEEDED
16280672,1456159649,348C,TIME_LIMIT_EXCEEDED
16280638,1456159527,348C,TIME_LIMIT_EXCEEDED
16280623,1456159470,348C,TIME_LIMIT_EXCEEDED
16280593,1456159350,348C,TIME_LIMIT_EXCEEDED
16280535,1456159161,348C,TIME_LIMIT_EXCEEDED
16280437,1456158827,348C,TIME_LIMIT_EXCEEDED
16280360,1456158567,348C,WRONG_ANSWER
16280339,1456158491,348C,RUNTIME_ERROR
16280314,1456158367,348C,WRONG_ANSWER
16280300,1456158329,348C,COMPILATION_ERROR
16280251,1456158123,348C,RUNTIME_ERROR
16280225,1456158014,348C,RUNTIME_ERROR
16280110,1456157475,348C,WRONG_ANSWER
16256982,1456052333,629C,OK
16255601,1456037427,628E,OK
16224689,1455954410,628D,OK
16165471,1455812138,630K,OK
15923673,1455074132,625D,WRONG_ANSWER
15923602,1455073536,625D,WRONG_ANSWER
15923467,1455072304,625D,WRONG_ANSWER
15923456,1455072231,625D,WRONG_ANSWER
15923329,1455070855,625D,WRONG_ANSWER
15923313,1455070678,625D,WRONG_ANSWER
15923293,1455070497,625D,WRONG_ANSWER
15923272,1455069987,625D,WRONG_ANSWER
15923262,1455069839,625D,WRONG_ANSWER
15923256,1455069789,625D,COMPILATION_ERROR
15922985,1455066031,617E,WRONG_ANSWER
15922981,1455066003,617E,OK
15922974,1455065941,617E,WRONG_ANSWER
15922972,1455065908,617E,WRONG_ANSWER
15922970,1455065864,617E,WRONG_ANSWER
15922964,1455065805,617E,WRONG_ANSWER
15922944,1455065627,617E,WRONG_ANSWER
15922940,1455065593,617E,COMPILATION_ERROR
15922869,1455064518,617E,WRONG_ANSWER
15922847,1455064291,617E,WRONG_ANSWER
15922316,1455058038,620F,OK
15922261,1455057479,493E,OK
15922256,1455057452,493E,WRONG_ANSWER
15922247,1455057379,493E,MEMORY_LIMIT_EXCEEDED
15922232,1455057243,493E,WRONG_ANSWER
15922101,1455055905,479A,OK
15825213,1454676626,86D,OK
15825155,1454676494,86D,TIME_LIMIT_EXCEEDED
15825122,1454676403,86D,TIME_LIMIT_EXCEEDED
15825104,1454676369,86D,WRONG_ANSWER
15825018,1454676128,86D,TIME_LIMIT_EXCEEDED
15819295,1454652624,624D,OK
15818765,1454650178,624C,OK
15818721,1454649942,624C,WRONG_ANSWER
15769295,1454506105,620D,OK
15769278,1454506043,620D,WRONG_ANSWER
15767046,1454498638,620E,OK
15766893,1454498074,620E,WRONG_ANSWER
15765858,1454494050,618D,OK
15765786,1454493760,618D,WRONG_ANSWER
15765532,1454492755,618D,OK
15765527,1454492733,618D,WRONG_ANSWER
15765515,1454492680,618D,WRONG_ANSWER
15727078,1454313986,621E,OK
15726494,1454311604,621D,OK
15726482,1454311559,621D,WRONG_ANSWER
15726462,1454311461,621D,WRONG_ANSWER
15726440,1454311300,621D,TIME_LIMIT_EXCEEDED
15713624,1454255765,621D,WRONG_ANSWER
15713496,1454255689,621D,SKIPPED
15711118,1454254394,621D,WRONG_ANSWER
15705988,1454251992,621C,OK
15698944,1454249786,621B,OK
15696482,1454249390,621A,OK
15454030,1453297178,197A,OK
15427465,1453123191,612B,OK
15427355,1453122519,612A,OK
15427348,1453122495,612A,WRONG_ANSWER
15427316,1453122334,612A,WRONG_ANSWER
15427308,1453122281,612A,WRONG_ANSWER
15427302,1453122254,612A,WRONG_ANSWER
15426268,1453117763,614B,TIME_LIMIT_EXCEEDED
15426262,1453117729,614B,COMPILATION_ERROR
15426257,1453117693,614B,WRONG_ANSWER
15426245,1453117617,614B,RUNTIME_ERROR
15383453,1452840345,614A,OK
15297433,1452528789,616E,OK
15296816,1452528350,616E,WRONG_ANSWER
15295883,1452527728,616E,WRONG_ANSWER
15295546,1452527521,616E,WRONG_ANSWER
15293118,1452526127,616C,OK
15291366,1452525405,616D,OK
15291094,1452525311,616D,TIME_LIMIT_EXCEEDED
15290215,1452524999,616B,OK
15289700,1452524812,616A,OK
15180041,1451904910,611E,OK
15180025,1451904790,611E,WRONG_ANSWER
15180002,1451904656,611E,WRONG_ANSWER
15158623,1451739809,283D,OK
15158214,1451736708,283D,WRONG_ANSWER
15157913,1451734943,191C,OK
15126683,1451498674,611E,WRONG_ANSWER
15126102,1451498431,611E,WRONG_ANSWER
15125777,1451498257,611E,WRONG_ANSWER
15125018,1451497773,611E,WRONG_ANSWER
15124902,1451497703,611E,RUNTIME_ERROR
15118160,1451493250,611D,OK
15117835,1451493043,611D,TIME_LIMIT_EXCEEDED
15113624,1451490918,611A,OK
15113276,1451490780,611C,OK
15108039,1451489206,611B,OK
15107900,1451489179,611B,WRONG_ANSWER
15105731,1451488785,611A,CHALLENGED
15104344,1451488583,611A,WRONG_ANSWER
15103597,1451488484,611A,WRONG_ANSWER
15058760,1451233833,607B,OK
15058526,1451232325,610C,OK
15058470,1451231902,612E,OK
15058465,1451231873,612E,RUNTIME_ERROR
15058435,1451231631,612E,WRONG_ANSWER
15058346,1451231152,612E,WRONG_ANSWER
15058064,1451229885,612D,OK
14895786,1450599653,609F,OK
14895770,1450599581,609F,TIME_LIMIT_EXCEEDED
14895743,1450599425,609F,TIME_LIMIT_EXCEEDED
14894891,1450594513,609E,OK
14816532,1450190162,342E,OK
14786908,1450020518,600E,OK
14726558,1449681354,606A,OK
14725925,1449681043,606D,OK
14725676,1449680908,606D,WRONG_ANSWER
14721069,1449678960,606B,OK
14718212,1449677976,606C,CHALLENGED
14689056,1449506180,407D,OK
14688954,1449505698,407D,WRONG_ANSWER
14688945,1449505662,407D,WRONG_ANSWER
14624435,1449080468,545E,WRONG_ANSWER
14624390,1449080245,545E,WRONG_ANSWER
14603241,1448991175,604D,OK
14603102,1448991127,604D,COMPILATION_ERROR
14602142,1448990719,604D,WRONG_ANSWER
14601887,1448990578,604D,WRONG_ANSWER
14601399,1448990343,604D,WRONG_ANSWER
14601216,1448990248,604D,COMPILATION_ERROR
14600731,1448990014,604D,TIME_LIMIT_EXCEEDED
14595977,1448987661,604C,OK
14595372,1448987403,604C,WRONG_ANSWER
14595056,1448987276,604C,WRONG_ANSWER
14592720,1448986340,604B,OK
14591928,1448986057,604B,WRONG_ANSWER
14591577,1448985933,604A,OK
14591210,1448985810,604A,WRONG_ANSWER
14591073,1448985762,604A,COMPILATION_ERROR
14590698,1448985648,604B,WRONG_ANSWER
14588536,1448985010,604A,WRONG_ANSWER
14587628,1448984779,604A,WRONG_ANSWER
14586286,1448984420,604A,WRONG_ANSWER
14527043,1448648291,600D,WRONG_ANSWER
14526977,1448648186,600D,WRONG_ANSWER
14521312,1448641796,600D,WRONG_ANSWER
14521028,1448641607,600D,WRONG_ANSWER
14520722,1448641420,600D,WRONG_ANSWER
14520445,1448641230,600D,WRONG_ANSWER
14519616,1448640702,600A,OK
14517546,1448639384,600C,OK
14517366,1448639268,600C,WRONG_ANSWER
14515907,1448638407,600A,WRONG_ANSWER
14515761,1448638332,600A,WRONG_ANSWER
14513702,1448637095,600B,OK
14475242,1448467263,602D,OK
14448938,1448385256,602C,TIME_LIMIT_EXCEEDED
14445831,1448383906,602B,OK
14443203,1448383183,602A,OK
14430404,1448298896,588E,TIME_LIMIT_EXCEEDED
14430382,1448298817,588E,COMPILATION_ERROR
14430319,1448298533,588E,TIME_LIMIT_EXCEEDED
14430304,1448298493,588E,WRONG_ANSWER
14430041,1448297262,588E,TIME_LIMIT_EXCEEDED
14429995,1448297080,588E,TIME_LIMIT_EXCEEDED
14429979,1448297019,588E,WRONG_ANSWER
14429969,1448296960,588E,WRONG_ANSWER
14429913,1448296758,588E,WRONG_ANSWER
14390485,1448075979,379F,OK
14328378,1447860048,596C,OK
14326561,1447852460,538E,OK
14326544,1447852406,538E,RUNTIME_ERROR
14324083,1447842084,538E,WRONG_ANSWER
14324059,1447841982,538E,WRONG_ANSWER
14323105,1447837183,578D,OK
14269046,1447591905,100814D,OK
14269037,1447591850,100814D,WRONG_ANSWER
14268981,1447591600,100814G,OK
14268637,1447590180,100814K,WRONG_ANSWER
14268634,1447590161,100814K,OK
14268585,1447590002,100814K,WRONG_ANSWER
14268549,1447589859,100814K,WRONG_ANSWER
14268440,1447589284,100814K,WRONG_ANSWER
14268385,1447589023,100814K,WRONG_ANSWER
14267541,1447585257,100814D,WRONG_ANSWER
14267465,1447584942,100814D,WRONG_ANSWER
14267421,1447584742,100814A,OK
14267403,1447584677,100814A,WRONG_ANSWER
14267368,1447584543,100814A,WRONG_ANSWER
14267331,1447584430,100814A,WRONG_ANSWER
14267109,1447583547,100814A,WRONG_ANSWER
14266879,1447582622,100814D,WRONG_ANSWER
14266751,1447582145,100814A,WRONG_ANSWER
14266727,1447582071,100814A,WRONG_ANSWER
14266656,1447581828,100814G,WRONG_ANSWER
14266611,1447581692,100814A,WRONG_ANSWER
14266574,1447581547,100814A,WRONG_ANSWER
14266543,1447581406,100814G,WRONG_ANSWER
14266512,1447581275,100814A,RUNTIME_ERROR
14266462,1447581063,100814A,RUNTIME_ERROR
14265966,1447579471,100814D,WRONG_ANSWER
14265793,1447578826,100814C,OK
14265775,1447578779,100814D,WRONG_ANSWER
14265673,1447578450,100814D,WRONG_ANSWER
14265605,1447578216,100814C,WRONG_ANSWER
14265564,1447578081,100814C,WRONG_ANSWER
14265506,1447577858,100814C,WRONG_ANSWER
14265491,1447577811,100814C,WRONG_ANSWER
14265457,1447577630,100814C,WRONG_ANSWER
14265320,1447577097,100814C,WRONG_ANSWER
14265168,1447576557,100814B,OK
14265162,1447576546,100814C,WRONG_ANSWER
14265035,1447576047,100814B,WRONG_ANSWER
14264980,1447575840,100814B,WRONG_ANSWER
14264775,1447574879,100814F,OK
14264759,1447574826,100814I,OK
14194759,1447235334,178D3,OK
14194750,1447235306,178D3,WRONG_ANSWER
14194744,1447235265,178D3,WRONG_ANSWER
14194739,1447235198,178D3,WRONG_ANSWER
14194735,1447235168,178D3,WRONG_ANSWER
14194732,1447235145,178D3,TIME_LIMIT_EXCEEDED
14194728,1447235122,178D3,WRONG_ANSWER
14194727,1447235111,178C3,RUNTIME_ERROR
14194725,1447235086,178D3,WRONG_ANSWER
14194722,1447235060,178D3,WRONG_ANSWER
14194712,1447234998,178D3,WRONG_ANSWER
14194709,1447234977,178D3,WRONG_ANSWER
14194693,1447234848,178D3,WRONG_ANSWER
14030040,1446479449,158D,OK
14029828,1446478518,158D,WRONG_ANSWER
14029810,1446478472,158D,WRONG_ANSWER
14029749,1446478301,158D,WRONG_ANSWER
14028880,1446475149,551E,OK
14028834,1446475030,551E,TIME_LIMIT_EXCEEDED
14028810,1446474949,551E,MEMORY_LIMIT_EXCEEDED
14028703,1446474543,551E,WRONG_ANSWER
14028604,1446474130,551E,WRONG_ANSWER
14028334,1446473095,551E,WRONG_ANSWER
14028261,1446472855,551E,WRONG_ANSWER
14028213,1446472717,551E,WRONG_ANSWER
14028199,1446472659,551E,RUNTIME_ERROR
13983328,1446312420,592C,WRONG_ANSWER
13983213,1446312380,592C,WRONG_ANSWER
13978761,1446310757,592B,OK
13976314,1446310036,592A,OK
13975895,1446309931,592A,WRONG_ANSWER
13966956,1446282489,464C,OK
13960220,1446236467,506D,OK
13960089,1446235842,506D,OK
13911014,1446021699,538F,OK
13910941,1446021395,538F,WRONG_ANSWER
13910898,1446021210,538F,WRONG_ANSWER
13910879,1446021143,538F,WRONG_ANSWER
13547802,1444577631,303A,OK
13547792,1444577578,303A,WRONG_ANSWER
13547785,1444577546,303A,WRONG_ANSWER
13546321,1444570469,360A,OK
13540803,1444540762,360B,OK
13540753,1444540427,360B,WRONG_ANSWER
13540236,1444536493,156A,OK
13540174,1444535802,156A,WRONG_ANSWER
13540169,1444535726,156A,WRONG_ANSWER
13540139,1444535467,156A,WRONG_ANSWER
13540031,1444534422,156A,WRONG_ANSWER
13525449,1444469203,377A,OK
13525364,1444468898,377A,WRONG_ANSWER
13525341,1444468837,377A,WRONG_ANSWER
13525232,1444468517,377A,WRONG_ANSWER
13515494,1444415110,487B,OK
13513120,1444406721,301A,OK
13513108,1444406683,301A,RUNTIME_ERROR
13512935,1444406081,301A,WRONG_ANSWER
13512897,1444405963,301A,WRONG_ANSWER
13512784,1444405520,301A,WRONG_ANSWER
13512565,1444404751,321A,OK
13512555,1444404723,321A,WRONG_ANSWER
13512515,1444404584,321A,WRONG_ANSWER
13512454,1444404381,321A,WRONG_ANSWER
13512407,1444404248,321A,RUNTIME_ERROR
13512335,1444404003,321A,WRONG_ANSWER
13480840,1444237023,584E,OK
13480832,1444237004,584E,COMPILATION_ERROR
13480798,1444236930,584E,WRONG_ANSWER
13480777,1444236888,584E,WRONG_ANSWER
13480721,1444236719,584E,WRONG_ANSWER
13480487,1444236131,584E,OK
13480457,1444236042,584E,WRONG_ANSWER
13480435,1444235993,584E,WRONG_ANSWER
13476362,1444224235,584D,OK
13476336,1444224183,584D,RUNTIME_ERROR
13476094,1444224103,584D,RUNTIME_ERROR
13474843,1444223638,584C,OK
13474822,1444223590,584C,WRONG_ANSWER
13474581,1444223487,584C,WRONG_ANSWER
13473476,1444222708,584B,OK
13473271,1444222075,584A,OK
13382451,1443897075,583D,WRONG_ANSWER
13380930,1443896429,583C,OK
13377102,1443894779,583D,WRONG_ANSWER
13376907,1443894687,583D,WRONG_ANSWER
13367060,1443891618,583B,OK
13363040,1443891038,583A,OK
13169181,1442946498,580E,WRONG_ANSWER
13159875,1442943139,580D,OK
13157517,1442942447,580D,WRONG_ANSWER
13153140,1442941350,580C,OK
13147409,1442940079,580B,OK
13144045,1442939577,580A,OK
13045931,1442423283,579D,OK
13045840,1442423245,579D,WRONG_ANSWER
13043916,1442422343,579C,WRONG_ANSWER
13043697,1442422248,579C,WRONG_ANSWER
13042089,1442421538,579C,WRONG_ANSWER
13041765,1442421414,579C,WRONG_ANSWER
13040427,1442420899,579C,WRONG_ANSWER
13040073,1442420755,579C,WRONG_ANSWER
13039655,1442420583,579C,WRONG_ANSWER
13039359,1442420465,579C,WRONG_ANSWER
12658446,1440265817,572C,WRONG_ANSWER
12658258,1440265721,572C,WRONG_ANSWER
12658182,1440265685,572C,WRONG_ANSWER
12658050,1440265615,572C,WRONG_ANSWER
12658007,1440265592,572C,COMPILATION_ERROR
12657914,1440265549,572C,WRONG_ANSWER
12649692,1440262460,572B,OK
12649464,1440262385,572B,RUNTIME_ERROR
12648702,1440262138,572B,WRONG_ANSWER
12648398,1440262039,572B,WRONG_ANSWER
12645565,1440261318,572A,OK
12645435,1440261285,572A,COMPILATION_ERROR
12645333,1440261258,572A,COMPILATION_ERROR
