45750332,1542240615,528D,OK
45750248,1542240167,528D,WRONG_ANSWER
45750235,1542240108,528D,WRONG_ANSWER
45749248,1542234989,528D,TIME_LIMIT_EXCEEDED
45749205,1542234831,528D,TIME_LIMIT_EXCEEDED
45749162,1542234661,528D,TIME_LIMIT_EXCEEDED
45732536,1542214346,528D,TIME_LIMIT_EXCEEDED
44531380,1539931268,1057B,OK
44531234,1539931015,1057A,OK
42443177,1536017408,1037E,OK
42443162,1536017362,1037E,OK
42443152,1536017331,1037E,OK
42398454,1535905474,1037E,OK
42387829,1535902518,1037D,OK
42384404,1535901792,1037D,WRONG_ANSWER
42382467,1535901433,1037D,WRONG_ANSWER
42373058,1535900001,1037C,OK
42369562,1535899542,1037B,OK
42369449,1535899530,1037A,OK
42364527,1535896190,855B,OK
42358362,1535883225,855C,OK
42358346,1535883177,855C,MEMORY_LIMIT_EXCEEDED
42356484,1535878937,855B,OK
42356129,1535878140,855A,OK
42168652,1535390042,1028C,OK
42162110,1535388392,1028B,OK
42162063,1535388382,1028A,OK
40185636,1531271823,998C,OK
40185395,1531270715,998B,OK
40185383,1531270670,998B,WRONG_ANSWER
40185269,1531270127,998A,OK
40185257,1531270047,998A,WRONG_ANSWER
40185233,1531269966,998A,WRONG_ANSWER
40185225,1531269915,998A,WRONG_ANSWER
36967831,1522855126,961D,OK
36963612,1522853647,961E,OK
36958296,1522852119,961C,OK
36955956,1522851570,961B,OK
36952040,1522850873,961A,OK
36789658,1522563246,878A,OK
36783023,1522526654,879C,OK
36782585,1522524875,879B,OK
36782525,1522524701,879B,WRONG_ANSWER
36782380,1522524148,879A,OK
35795929,1519849078,937D,WRONG_ANSWER
35795872,1519848948,937D,WRONG_ANSWER
35795765,1519848582,937D,WRONG_ANSWER
35795138,1519846643,937C,OK
35794733,1519845488,937B,OK
35794370,1519844571,937A,OK
35490869,1519061525,935D,OK
35485701,1519059766,935C,WRONG_ANSWER
35484697,1519059455,935C,WRONG_ANSWER
35480697,1519058663,935B,OK
35477247,1519058265,935A,OK
35304996,1518707571,932C,OK
35304839,1518707527,932C,WRONG_ANSWER
35299898,1518706145,932B,OK
35299089,1518705967,932A,OK
34842115,1517581654,507E,OK
33359503,1513534054,899D,OK
33359400,1513533852,899C,OK
33359005,1513532636,899B,OK
33358841,1513531982,899A,OK
33358772,1513531749,899C,WRONG_ANSWER
33358616,1513531122,899D,WRONG_ANSWER
31994984,1509666304,864D,WRONG_ANSWER
31994567,1509663970,864D,WRONG_ANSWER
31994441,1509663264,864D,WRONG_ANSWER
31994399,1509663083,864D,WRONG_ANSWER
31994117,1509661411,864C,WRONG_ANSWER
31994088,1509661270,864C,WRONG_ANSWER
31993889,1509660407,864B,OK
31993743,1509659756,864A,OK
31993735,1509659728,864A,WRONG_ANSWER
31993705,1509659558,864A,WRONG_ANSWER
31907335,1509404167,508A,OK
31907265,1509403770,508B,OK
31907181,1509403277,508C,OK
31907172,1509403225,508C,WRONG_ANSWER
31907121,1509403010,508C,WRONG_ANSWER
31907103,1509402927,508C,WRONG_ANSWER
31906728,1509401256,508E,OK
31879901,1509329441,866B,WRONG_ANSWER
31879900,1509329423,866B,WRONG_ANSWER
31879783,1509328498,866B,RUNTIME_ERROR
31879510,1509326740,866B,RUNTIME_ERROR
31879488,1509326574,866B,RUNTIME_ERROR
31879428,1509326041,866B,RUNTIME_ERROR
31879412,1509325945,866B,RUNTIME_ERROR
31878949,1509321990,866D,OK
31878547,1509318471,866A,OK
31723896,1508966558,101353F,WRONG_ANSWER
31723736,1508965838,101353H,OK
31723707,1508965733,101353H,WRONG_ANSWER
31723502,1508964830,101353C,OK
31721771,1508959334,101353D,OK
31721736,1508959255,101353B,WRONG_ANSWER
31721724,1508959218,101353B,COMPILATION_ERROR
31721610,1508958889,101353D,WRONG_ANSWER
31721305,1508958033,101353E,OK
31721297,1508958022,101353B,WRONG_ANSWER
31720742,1508956371,101353E,WRONG_ANSWER
31720650,1508956100,101353A,OK
31696463,1508894581,877F,WRONG_ANSWER
31696437,1508894440,877F,WRONG_ANSWER
31696360,1508893901,877F,WRONG_ANSWER
31695775,1508889731,877D,WRONG_ANSWER
31695766,1508889637,877D,WRONG_ANSWER
31695741,1508889412,877D,RUNTIME_ERROR
31695405,1508886756,877D,OK
31695377,1508886579,877D,WRONG_ANSWER
31695369,1508886507,877D,WRONG_ANSWER
31695069,1508884224,877D,TIME_LIMIT_EXCEEDED
31692633,1508874318,173B,OK
31692490,1508873499,877E,OK
31692153,1508871598,877D,TIME_LIMIT_EXCEEDED
31654550,1508779598,877E,OK
31654375,1508779517,877E,SKIPPED
31644481,1508776025,877C,OK
31640019,1508774801,877B,OK
31637946,1508774356,877B,WRONG_ANSWER
31634529,1508773748,877A,OK
31494474,1508367369,469E,OK
31494439,1508367157,469E,TIME_LIMIT_EXCEEDED
31489181,1508347991,469D,OK
31489162,1508347944,469D,WRONG_ANSWER
31487621,1508344556,469D,WRONG_ANSWER
31467506,1508297301,469C,OK
31467498,1508297274,469D,WRONG_ANSWER
31467432,1508297009,469C,WRONG_ANSWER
31467312,1508296512,469C,WRONG_ANSWER
31467142,1508295703,469D,WRONG_ANSWER
31467112,1508295507,469D,WRONG_ANSWER
31467043,1508295153,469D,WRONG_ANSWER
31466131,1508290109,469B,OK
31466036,1508289438,469A,OK
31451072,1508248342,876F,OK
31445960,1508239096,876E,OK
31432166,1508184185,716C,OK
31432070,1508183885,716C,WRONG_ANSWER
31431709,1508182804,716B,OK
31431469,1508182064,716A,OK
31397744,1508153865,876D,OK
31396964,1508153680,876D,TIME_LIMIT_EXCEEDED
31392109,1508152719,876C,OK
31390494,1508152454,876B,OK
31389163,1508152194,876A,OK
31377687,1508101539,872D,WRONG_ANSWER
31377657,1508101374,872D,WRONG_ANSWER
31377646,1508101328,872D,COMPILATION_ERROR
31377639,1508101295,872D,COMPILATION_ERROR
31377435,1508100412,872D,WRONG_ANSWER
31377295,1508099992,872D,RUNTIME_ERROR
31377286,1508099937,872D,RUNTIME_ERROR
31376470,1508096870,872C,OK
31376345,1508096357,872B,OK
31376252,1508095907,872A,OK
29175585,1501785727,835C,OK
29174984,1501784033,835A,OK
29174841,1501783658,835B,OK
27508139,1496341676,812C,OK
27507875,1496341056,812B,OK
27507456,1496340005,812B,WRONG_ANSWER
27507377,1496339814,812B,WRONG_ANSWER
27507128,1496339288,812B,WRONG_ANSWER
27506955,1496338952,812B,WRONG_ANSWER
27506541,1496338140,812A,OK
27506461,1496337978,812A,WRONG_ANSWER
27506414,1496337897,812A,WRONG_ANSWER
25997940,1490974275,784F,REJECTED
25996772,1490974087,784E,WRONG_ANSWER
25985545,1490972720,784A,WRONG_ANSWER
25984932,1490972665,784A,WRONG_ANSWER
25983686,1490972573,784A,WRONG_ANSWER
25982703,1490972503,784A,WRONG_ANSWER
25982014,1490972449,784A,WRONG_ANSWER
23381318,1482940045,100729B,OK
23380584,1482937337,100729I,WRONG_ANSWER
23380050,1482935683,100729H,OK
23379912,1482935300,100729F,WRONG_ANSWER
23379880,1482935197,100729H,CRASHED
23379849,1482935068,100729F,WRONG_ANSWER
23379742,1482934727,100729I,WRONG_ANSWER
23379627,1482934371,100729F,WRONG_ANSWER
23377841,1482929020,100729H,CRASHED
23377814,1482928949,100729H,CRASHED
23377715,1482928525,100729H,CRASHED
23377619,1482928195,100729H,CRASHED
23377600,1482928121,100729H,CRASHED
23377058,1482926372,100729A,OK
23376756,1482925401,100729C,OK
23376338,1482924139,100729E,OK
23110400,1482078557,100199G,OK
23110299,1482078309,100199G,WRONG_ANSWER
23036644,1481929226,100506J,OK
23036396,1481927894,100506E,OK
23036204,1481926518,100506A,OK
23036192,1481926405,100506E,WRONG_ANSWER
23035923,1481923826,100506C,OK
23035830,1481922773,100506B,OK
23035620,1481920714,100506A,WRONG_ANSWER
23019181,1481838629,100506I,WRONG_ANSWER
23018834,1481836580,100506B,OK
23018812,1481836407,100506B,WRONG_ANSWER
23018733,1481835979,100506B,WRONG_ANSWER
23018237,1481834310,100506C,TIME_LIMIT_EXCEEDED
23018211,1481834236,100506C,TIME_LIMIT_EXCEEDED
23017872,1481833128,100506B,TIME_LIMIT_EXCEEDED
23017702,1481832611,100506B,TIME_LIMIT_EXCEEDED
23015990,1481828117,100506F,OK
23015649,1481827342,100506D,OK
23015447,1481826886,100506F,WRONG_ANSWER
23015410,1481826814,100506J,OK
23015279,1481826523,100506G,OK
23015020,1481825920,100506G,WRONG_ANSWER
23014692,1481825175,100506A,OK
23009475,1481813075,101138I,MEMORY_LIMIT_EXCEEDED
23006839,1481807456,101138D,OK
23005518,1481804453,101138D,OK
23005295,1481803903,101138D,TIME_LIMIT_EXCEEDED
22983452,1481751364,101138J,WRONG_ANSWER
22983424,1481751259,101138F,OK
22983247,1481750598,101138F,WRONG_ANSWER
22983224,1481750487,101138F,WRONG_ANSWER
22982755,1481748480,101138F,WRONG_ANSWER
22982744,1481748439,101138F,WRONG_ANSWER
22982695,1481748239,101138F,WRONG_ANSWER
22982573,1481747743,101138F,WRONG_ANSWER
22982482,1481747484,101138F,WRONG_ANSWER
22982332,1481746979,101138F,WRONG_ANSWER
22981980,1481745646,101138K,OK
22981945,1481745555,101138K,WRONG_ANSWER
22981713,1481744794,101138A,OK
22981698,1481744745,101138A,COMPILATION_ERROR
22981433,1481743962,101138A,WRONG_ANSWER
22981271,1481743582,101138A,WRONG_ANSWER
22981075,1481743121,101138I,OK
22980261,1481741277,101138I,WRONG_ANSWER
22979734,1481740166,101138I,WRONG_ANSWER
22979503,1481739682,101138I,WRONG_ANSWER
22979285,1481739288,101138I,WRONG_ANSWER
22979223,1481739162,101138I,WRONG_ANSWER
22977820,1481736928,101138C,OK
22976712,1481735945,101138C,WRONG_ANSWER
22976087,1481734356,101138E,OK
22976038,1481733980,101138B,OK
22914958,1481580860,101078F,COMPILATION_ERROR
22914705,1481579464,101078G,OK
22912910,1481572398,101078B,TIME_LIMIT_EXCEEDED
22912901,1481572383,101078C,OK
22912257,1481570879,101078B,WRONG_ANSWER
22910791,1481567547,101078I,OK
22910759,1481567480,101078I,COMPILATION_ERROR
22910453,1481566784,101078D,OK
22910271,1481566370,101078D,WRONG_ANSWER
22909976,1481565506,101078L,OK
22909870,1481565119,101078A,OK
22906200,1481553205,101128F,OK
22901985,1481540246,101128E,TIME_LIMIT_EXCEEDED
22893742,1481488312,101128J,OK
22893495,1481487377,101128J,WRONG_ANSWER
22893004,1481485510,101128E,OK
22892618,1481484172,101128E,TIME_LIMIT_EXCEEDED
22892574,1481484008,101128E,WRONG_ANSWER
22892466,1481483676,101128E,TIME_LIMIT_EXCEEDED
22891839,1481481660,101128G,OK
22891718,1481481302,101128C,OK
22891545,1481480796,101128C,WRONG_ANSWER
22891475,1481480593,101128C,WRONG_ANSWER
22891460,1481480553,101128C,WRONG_ANSWER
22890960,1481479092,101128A,OK
22890060,1481476658,101128H,OK
22884557,1481473518,101128D,OK
22880510,1481462693,101174B,OK
22866478,1481406292,101174B,WRONG_ANSWER
22866198,1481405164,101174B,OK
22865940,1481404055,101174B,WRONG_ANSWER
22865786,1481403320,101174H,TIME_LIMIT_EXCEEDED
22865771,1481403249,101174H,TIME_LIMIT_EXCEEDED
22865757,1481403150,101174H,TIME_LIMIT_EXCEEDED
22865617,1481402588,101174H,TIME_LIMIT_EXCEEDED
22865616,1481402588,101174H,TIME_LIMIT_EXCEEDED
22865233,1481401077,101174B,WRONG_ANSWER
22865213,1481400992,101174B,WRONG_ANSWER
22865034,1481400331,101174B,WRONG_ANSWER
22864940,1481400023,101174B,WRONG_ANSWER
22864450,1481398412,101174B,WRONG_ANSWER
22864119,1481397248,101174B,WRONG_ANSWER
22863818,1481396298,101174B,WRONG_ANSWER
22863702,1481395872,101174B,WRONG_ANSWER
22863220,1481394521,101174F,OK
22863170,1481394373,101174F,WRONG_ANSWER
22862957,1481393791,101174F,WRONG_ANSWER
22862760,1481393325,101174F,WRONG_ANSWER
22862730,1481393265,101174F,WRONG_ANSWER
22862494,1481392636,101174K,OK
22862442,1481392481,101174K,RUNTIME_ERROR
22862360,1481392245,101174K,WRONG_ANSWER
22862204,1481391807,101174K,WRONG_ANSWER
22861345,1481389411,101174C,OK
22861266,1481389201,101174C,WRONG_ANSWER
22844910,1481320290,508D,OK
22821407,1481231141,100197A,COMPILATION_ERROR
22821322,1481230835,100197A,TIME_LIMIT_EXCEEDED
22821274,1481230667,100197A,TIME_LIMIT_EXCEEDED
22821229,1481230468,100197A,MEMORY_LIMIT_EXCEEDED
22820267,1481227064,100197A,WRONG_ANSWER
22819681,1481225483,100197B,OK
22819674,1481225450,100197A,WRONG_ANSWER
22819285,1481224506,100197A,WRONG_ANSWER
22818766,1481223342,100197A,WRONG_ANSWER
22818677,1481223129,100197A,WRONG_ANSWER
22818323,1481222396,100197A,WRONG_ANSWER
22818300,1481222348,100197A,WRONG_ANSWER
22817439,1481220709,100197E,OK
22816629,1481218552,100197E,WRONG_ANSWER
22816507,1481218193,100197F,RUNTIME_ERROR
22816362,1481217757,100197E,WRONG_ANSWER
22816020,1481216772,100197G,OK
22815846,1481216327,100197G,RUNTIME_ERROR
22815786,1481216170,100197G,RUNTIME_ERROR
22815697,1481215911,100197G,RUNTIME_ERROR
22815557,1481215541,100197G,RUNTIME_ERROR
22815401,1481215096,100197G,RUNTIME_ERROR
22815375,1481215012,100197G,RUNTIME_ERROR
22815361,1481214966,100197G,RUNTIME_ERROR
22815348,1481214937,100197G,RUNTIME_ERROR
22815224,1481214553,100197C,OK
22815195,1481214471,100197C,TIME_LIMIT_EXCEEDED
22815122,1481214294,100197C,WRONG_ANSWER
22796983,1481141919,100199C,OK
22796959,1481141819,100199C,MEMORY_LIMIT_EXCEEDED
22796924,1481141689,100199C,OK
22796914,1481141658,100199C,WRONG_ANSWER
22796907,1481141620,100199C,RUNTIME_ERROR
22796904,1481141606,100199C,MEMORY_LIMIT_EXCEEDED
22796874,1481141520,100199C,WRONG_ANSWER
22796863,1481141484,100199C,WRONG_ANSWER
22796846,1481141448,100199C,RUNTIME_ERROR
22796828,1481141384,100199C,WRONG_ANSWER
22796773,1481141187,100199C,RUNTIME_ERROR
22796759,1481141133,100199C,WRONG_ANSWER
22796714,1481140986,100199C,WRONG_ANSWER
22796634,1481140736,100199C,WRONG_ANSWER
22796615,1481140697,100199C,WRONG_ANSWER
22796529,1481140407,100199C,WRONG_ANSWER
22796074,1481138884,100199C,WRONG_ANSWER
22795864,1481138215,100199C,WRONG_ANSWER
22795785,1481137979,100199C,WRONG_ANSWER
22795760,1481137906,100199C,WRONG_ANSWER
22795628,1481137544,100199C,WRONG_ANSWER
22795189,1481136297,100199G,OK
22794786,1481135019,100199G,WRONG_ANSWER
22794504,1481134400,100199C,WRONG_ANSWER
22794495,1481134379,100199G,WRONG_ANSWER
22794478,1481134346,100199G,WRONG_ANSWER
22794287,1481133893,100199C,WRONG_ANSWER
22793836,1481132834,100199E,OK
22793184,1481131303,100199G,WRONG_ANSWER
22792855,1481130584,100199G,WRONG_ANSWER
22792815,1481130500,100199G,MEMORY_LIMIT_EXCEEDED
22792557,1481130008,100199C,WRONG_ANSWER
22792532,1481129927,100199C,COMPILATION_ERROR
22792267,1481129236,100199C,WRONG_ANSWER
22792254,1481129203,100199C,WRONG_ANSWER
22791876,1481128193,100199A,OK
22791547,1481127302,100199D,OK
22791526,1481127228,100199D,RUNTIME_ERROR
21948828,1477941876,733B,OK
21948530,1477941239,733A,OK
21948280,1477940775,733C,OK
21948221,1477940664,733C,WRONG_ANSWER
21948192,1477940608,733C,WRONG_ANSWER
21948067,1477940358,733D,OK
21947946,1477940183,733D,WRONG_ANSWER
21647918,1477069308,500D,OK
21645624,1477063859,500D,OK
21645597,1477063772,500D,TIME_LIMIT_EXCEEDED
21645046,1477062438,500C,OK
21644906,1477062097,500C,WRONG_ANSWER
21644872,1477062020,500B,OK
21644847,1477061946,500C,WRONG_ANSWER
21644648,1477061486,500A,OK
21628570,1476996988,375D,TIME_LIMIT_EXCEEDED
21628396,1476996321,375D,TIME_LIMIT_EXCEEDED
21628370,1476996230,375D,OK
21624185,1476984193,375D,TIME_LIMIT_EXCEEDED
21624039,1476983690,375D,TIME_LIMIT_EXCEEDED
21624019,1476983617,375D,TIME_LIMIT_EXCEEDED
21622301,1476979111,375D,TIME_LIMIT_EXCEEDED
21618864,1476970198,375D,TIME_LIMIT_EXCEEDED
21494803,1476620809,508D,OK
21494508,1476620501,508D,OK
21458740,1476538529,173B,OK
21431090,1476471158,599E,WRONG_ANSWER
21363684,1476202811,396C,TIME_LIMIT_EXCEEDED
21362899,1476200889,396C,TIME_LIMIT_EXCEEDED
21081104,1475333178,722C,OK
21077690,1475332266,722B,OK
21075776,1475331876,722B,WRONG_ANSWER
21072027,1475331233,722A,OK
21055112,1475291731,101104L,TIME_LIMIT_EXCEEDED
21054621,1475289633,101104L,TIME_LIMIT_EXCEEDED
21054579,1475289425,101104L,TIME_LIMIT_EXCEEDED
21052849,1475278888,100589K,OK
21052820,1475278716,100589K,WRONG_ANSWER
20987543,1475140694,100589H,OK
20987510,1475140579,100589H,WRONG_ANSWER
20983482,1475124838,101095K,OK
20972605,1475078322,101104J,WRONG_ANSWER
20972366,1475077847,101104J,WRONG_ANSWER
20970886,1475074822,101104E,TIME_LIMIT_EXCEEDED
20969880,1475072846,101104I,OK
20969809,1475072728,101104I,WRONG_ANSWER
20969489,1475072155,101104K,OK
20969116,1475071433,101104I,TIME_LIMIT_EXCEEDED
20968672,1475070394,101104I,TIME_LIMIT_EXCEEDED
20968305,1475069535,101104D,OK
20968174,1475069236,101104D,WRONG_ANSWER
20967488,1475067396,100589A,OK
20965409,1475061018,101095B,OK
20955862,1475007555,101095B,WRONG_ANSWER
20955846,1475007482,101095B,WRONG_ANSWER
20955741,1475007072,101095B,TIME_LIMIT_EXCEEDED
20955709,1475006951,101095B,TIME_LIMIT_EXCEEDED
20955661,1475006772,101095B,TIME_LIMIT_EXCEEDED
20955123,1475004928,101095B,WRONG_ANSWER
20954981,1475004485,101095B,TIME_LIMIT_EXCEEDED
20953633,1475000158,101095P,OK
20953567,1474999954,101095N,OK
20953485,1474999692,101095N,TIME_LIMIT_EXCEEDED
20953328,1474999273,101095P,WRONG_ANSWER
20953238,1474999009,101095N,TIME_LIMIT_EXCEEDED
20952567,1474997203,101095K,OK
20951967,1474995520,101095R,OK
20951903,1474995305,101095R,WRONG_ANSWER
20951311,1474993586,101095Z,OK
20950917,1474992549,101095Y,OK
20950792,1474992146,101095X,OK
20950747,1474992024,101095X,RUNTIME_ERROR
20946220,1474980822,100589J,OK
20945675,1474979397,100589F,OK
20945663,1474979355,100589C,OK
20945648,1474979322,100589I,OK
20945620,1474979251,100589B,OK
20945579,1474979154,100589G,OK
20899799,1474771961,380C,OK
20899791,1474771870,380C,OK
20804992,1474486713,431E,OK
20511658,1473531506,712D,OK
20511416,1473531298,712D,WRONG_ANSWER
20511011,1473530990,712D,WRONG_ANSWER
20510769,1473530771,712D,WRONG_ANSWER
20503325,1473527602,712C,OK
20502087,1473527179,712B,OK
20501371,1473526765,712A,OK
20318699,1472724908,100247K,WRONG_ANSWER
20318578,1472724513,100247K,WRONG_ANSWER
20288765,1472586188,100526D,OK
20287918,1472583296,100526J,OK
20287885,1472583214,100526J,WRONG_ANSWER
20287781,1472582960,100526J,WRONG_ANSWER
20287293,1472581474,100526K,WRONG_ANSWER
20287229,1472581317,100526K,OK
20286925,1472580482,100526K,TIME_LIMIT_EXCEEDED
20286854,1472580266,100526K,TIME_LIMIT_EXCEEDED
20286643,1472579662,100526K,WRONG_ANSWER
20286552,1472579394,100526I,OK
20286497,1472579222,100526K,WRONG_ANSWER
20286438,1472579098,100526I,WRONG_ANSWER
20286003,1472578063,100526E,OK
20284914,1472575145,100526C,OK
20284837,1472574926,100526C,WRONG_ANSWER
20284714,1472574562,100526E,TIME_LIMIT_EXCEEDED
20284621,1472574310,100526E,TIME_LIMIT_EXCEEDED
20284389,1472573530,100526B,OK
20284090,1472572621,100526G,OK
20169182,1472192747,192E,OK
20169025,1472192136,192E,WRONG_ANSWER
20168689,1472190434,192E,TIME_LIMIT_EXCEEDED
20154989,1472131341,440C,OK
20153789,1472128251,440B,OK
20153638,1472127808,440A,OK
20091592,1471974967,707D,OK
20088054,1471963470,707D,OK
20087998,1471963323,707D,RUNTIME_ERROR
20087685,1471962363,707D,WRONG_ANSWER
20085768,1471956686,690D3,OK
20084936,1471954387,677D,OK
20084628,1471953277,677D,TIME_LIMIT_EXCEEDED
20084528,1471952987,677D,RUNTIME_ERROR
20020556,1471762501,707B,OK
20020441,1471762016,707A,OK
20020423,1471761960,707A,WRONG_ANSWER
20020412,1471761920,707A,WRONG_ANSWER
20020284,1471761509,707C,OK
20020270,1471761455,707C,WRONG_ANSWER
20006802,1471713304,461B,OK
20005715,1471711319,461B,WRONG_ANSWER
19961848,1471601975,100625A,OK
19961782,1471601710,100625A,WRONG_ANSWER
19961758,1471601582,100625A,WRONG_ANSWER
19961347,1471599757,100625I,OK
19961230,1471599290,100625D,OK
19960858,1471597763,100625E,OK
19953390,1471552482,100625A,WRONG_ANSWER
19953382,1471552435,100625A,WRONG_ANSWER
19953373,1471552387,100625A,WRONG_ANSWER
19953297,1471551970,100625A,WRONG_ANSWER
19953271,1471551804,100625A,WRONG_ANSWER
19953241,1471551644,100625A,WRONG_ANSWER
19953193,1471551388,100625B,TIME_LIMIT_EXCEEDED
19952973,1471550106,100625A,WRONG_ANSWER
19952765,1471548999,100625A,WRONG_ANSWER
19952748,1471548876,100625A,WRONG_ANSWER
19952728,1471548764,100625A,WRONG_ANSWER
19952717,1471548692,100625A,WRONG_ANSWER
19952642,1471548332,100625J,OK
19952611,1471548221,100625J,WRONG_ANSWER
19952122,1471546035,100625B,WRONG_ANSWER
19952027,1471545668,100625B,WRONG_ANSWER
19951938,1471545354,100625A,WRONG_ANSWER
19951903,1471545183,100625B,WRONG_ANSWER
19951756,1471544693,100625A,WRONG_ANSWER
19951650,1471544425,100625B,WRONG_ANSWER
19950372,1471540560,100625A,WRONG_ANSWER
19950364,1471540539,100625J,TIME_LIMIT_EXCEEDED
19950172,1471539885,100625D,OK
19950009,1471539395,100625A,WRONG_ANSWER
19949778,1471538588,100625J,TIME_LIMIT_EXCEEDED
19949389,1471536897,100625F,OK
19949313,1471536573,100625C,OK
19949201,1471536152,100625I,OK
19939065,1471492154,706D,OK
19939059,1471492104,706D,MEMORY_LIMIT_EXCEEDED
19939028,1471491881,706D,RUNTIME_ERROR
19935020,1471463524,706E,OK
19851699,1471096913,100624J,OK
19851655,1471096781,100624J,WRONG_ANSWER
19851217,1471095333,100624J,WRONG_ANSWER
19851045,1471094762,100624J,TIME_LIMIT_EXCEEDED
19850982,1471094553,100624J,TIME_LIMIT_EXCEEDED
19850818,1471093984,100624J,TIME_LIMIT_EXCEEDED
19850754,1471093795,100624J,TIME_LIMIT_EXCEEDED
19850286,1471092480,100624E,OK
19849801,1471090973,100624E,MEMORY_LIMIT_EXCEEDED
19849670,1471090597,100624J,WRONG_ANSWER
19849515,1471090096,100624A,OK
19849186,1471088958,100624D,OK
19849093,1471088659,100624D,TIME_LIMIT_EXCEEDED
19848998,1471088366,100624D,TIME_LIMIT_EXCEEDED
19848925,1471088095,100624J,WRONG_ANSWER
19848911,1471088043,100624A,TIME_LIMIT_EXCEEDED
19848900,1471087997,100624A,COMPILATION_ERROR
19848840,1471087796,100624A,TIME_LIMIT_EXCEEDED
19848817,1471087732,100624A,MEMORY_LIMIT_EXCEEDED
19848291,1471085970,100624A,TIME_LIMIT_EXCEEDED
19848135,1471085424,100624A,WRONG_ANSWER
19847944,1471084795,100624A,WRONG_ANSWER
19847852,1471084462,100624A,TIME_LIMIT_EXCEEDED
19847803,1471084296,100624C,OK
19847740,1471084096,100624C,WRONG_ANSWER
19847336,1471082540,100624H,OK
19805540,1470938119,706D,OK
19804576,1470937736,706D,WRONG_ANSWER
19797299,1470935511,706C,OK
19791513,1470934042,706B,OK
19789409,1470933719,706B,WRONG_ANSWER
19787931,1470933485,706A,OK
19631367,1470329440,703C,OK
19627459,1470327748,703C,WRONG_ANSWER
19621985,1470324609,703B,OK
19618068,1470323882,703A,OK
19558808,1470050317,100889D,OK
19558703,1470050001,100889D,RUNTIME_ERROR
19558560,1470049622,100889D,RUNTIME_ERROR
19541858,1469982352,100889G,OK
19531427,1469945458,429D,OK
19529019,1469931680,429D,OK
19528593,1469928312,311A,OK
19502995,1469822999,100889H,WRONG_ANSWER
19501919,1469819432,100889H,WRONG_ANSWER
19500635,1469816078,100889F,OK
19498380,1469811653,100889F,WRONG_ANSWER
19494996,1469809716,100889L,OK
19494744,1469809568,100889L,WRONG_ANSWER
19494196,1469809238,100889G,OK
19493426,1469808781,100889L,WRONG_ANSWER
19493208,1469808683,100889L,WRONG_ANSWER
19492884,1469808512,100889L,WRONG_ANSWER
19491222,1469807714,100889L,WRONG_ANSWER
19485603,1469805546,100889E,OK
19485411,1469805486,100889E,WRONG_ANSWER
19485136,1469805392,100889D,OK
19482035,1469803759,100889B,OK
19482034,1469803759,100889B,OK
19481960,1469803471,100889A,OK
19480976,1469799806,429D,TIME_LIMIT_EXCEEDED
19480947,1469799684,429D,WRONG_ANSWER
19346007,1469211945,700B,WRONG_ANSWER
19345166,1469211499,700B,WRONG_ANSWER
19344869,1469211315,700B,WRONG_ANSWER
19336133,1469207517,700A,OK
19246562,1468937681,699A,OK
19244160,1468936817,699D,OK
19240134,1468935617,699C,OK
19235728,1468934533,699B,OK
19232353,1468933834,699A,CHALLENGED
19136587,1468531414,697B,OK
19136274,1468530186,697D,OK
19131637,1468521724,697E,OK
19131556,1468521683,697E,WRONG_ANSWER
19131493,1468521646,697E,WRONG_ANSWER
19120028,1468516272,697C,OK
19117118,1468515392,697B,WRONG_ANSWER
19116399,1468515215,697B,SKIPPED
19112344,1468514457,697A,OK
18973814,1467999313,596C,RUNTIME_ERROR
18973640,1467998409,596C,RUNTIME_ERROR
18973473,1467997559,596C,RUNTIME_ERROR
18972934,1467994900,596B,OK
18972854,1467994427,596A,OK
18960214,1467945408,612D,OK
18960150,1467944946,612D,WRONG_ANSWER
18960136,1467944891,612D,RUNTIME_ERROR
18958955,1467937093,612D,RUNTIME_ERROR
18958899,1467936570,612D,RUNTIME_ERROR
18958869,1467936296,612D,TIME_LIMIT_EXCEEDED
18958714,1467934489,689E,OK
18958702,1467934411,689E,WRONG_ANSWER
18958658,1467933765,689E,WRONG_ANSWER
18958608,1467933166,689E,WRONG_ANSWER
18938160,1467837780,689C,OK
18928085,1467826015,689B,OK
18926030,1467825157,689B,WRONG_ANSWER
18924462,1467824461,689B,WRONG_ANSWER
18923329,1467824016,689A,OK
18888464,1467661008,100676G,WRONG_ANSWER
18888143,1467659305,100676G,WRONG_ANSWER
18886996,1467653118,100676F,OK
18886845,1467652307,100676F,WRONG_ANSWER
18886821,1467652158,100676F,WRONG_ANSWER
18886635,1467651186,100676F,WRONG_ANSWER
18886553,1467650754,100676F,TIME_LIMIT_EXCEEDED
18886149,1467648646,100676D,OK
18886087,1467648384,100676C,OK
18886045,1467648093,100676B,OK
18885994,1467647844,100676E,OK
18885959,1467647694,100676E,TIME_LIMIT_EXCEEDED
18885884,1467647325,100676E,WRONG_ANSWER
18885838,1467647123,100676E,RUNTIME_ERROR
18885746,1467646721,100676A,OK
18885717,1467646618,100676A,WRONG_ANSWER
18885694,1467646505,100676A,WRONG_ANSWER
18885679,1467646459,100676A,WRONG_ANSWER
18681712,1466704526,686D,TIME_LIMIT_EXCEEDED
18678415,1466702847,686C,OK
18677326,1466702344,686C,WRONG_ANSWER
18673933,1466701115,686B,OK
18667703,1466699932,686A,OK
18588638,1466294985,100247L,OK
18588609,1466294848,100247L,TIME_LIMIT_EXCEEDED
18588540,1466294324,100247L,WRONG_ANSWER
18588531,1466294228,100247L,WRONG_ANSWER
18588347,1466292859,100247J,OK
18588325,1466292631,100247I,OK
18588189,1466291580,100247H,OK
18588079,1466290865,100247D,OK
18587990,1466290258,100247C,OK
18587929,1466289883,100247B,OK
18587909,1466289813,100247B,WRONG_ANSWER
18587900,1466289741,100247B,WRONG_ANSWER
18584316,1466270929,100247E,OK
18584231,1466270548,100247E,WRONG_ANSWER
18583653,1466268018,100247G,OK
18583251,1466266667,100247I,OK
18583015,1466265720,100247G,WRONG_ANSWER
18582986,1466265625,100247L,OK
18582927,1466265397,100247L,WRONG_ANSWER
18582695,1466264570,100247F,OK
18582645,1466264410,100247F,RUNTIME_ERROR
18582352,1466263590,100247J,OK
18582191,1466263095,100247C,OK
18582010,1466262519,100247B,OK
18581841,1466261960,100247A,OK
18581751,1466261710,100247D,OK
18581678,1466261451,100247H,OK
18557517,1466184726,682C,OK
18553034,1466183010,682C,WRONG_ANSWER
18549971,1466182213,682A,OK
18548928,1466181954,682B,OK
18548899,1466181946,682A,WRONG_ANSWER
18533013,1466120111,678E,OK
18532989,1466119985,678E,WRONG_ANSWER
18531765,1466112544,100610I,OK
18522876,1466088547,100610I,WRONG_ANSWER
18522746,1466088189,100610C,WRONG_ANSWER
18522654,1466087940,100610I,WRONG_ANSWER
18522638,1466087883,100610I,WRONG_ANSWER
18522616,1466087839,100610I,COMPILATION_ERROR
18522455,1466087402,100610I,WRONG_ANSWER
18522185,1466086508,100610C,WRONG_ANSWER
18521050,1466082984,100610K,TIME_LIMIT_EXCEEDED
18520921,1466082572,100610K,WRONG_ANSWER
18520688,1466081718,100610K,WRONG_ANSWER
18520576,1466081296,100610K,WRONG_ANSWER
18520360,1466080549,100610K,TIME_LIMIT_EXCEEDED
18520306,1466080340,100610K,TIME_LIMIT_EXCEEDED
18519635,1466077852,100610H,OK
18519623,1466077813,100610H,TIME_LIMIT_EXCEEDED
18519579,1466077630,100610H,WRONG_ANSWER
18518982,1466075636,100610K,MEMORY_LIMIT_EXCEEDED
18518893,1466075434,100610K,WRONG_ANSWER
18518750,1466074946,100610K,WRONG_ANSWER
18518689,1466074739,100610K,TIME_LIMIT_EXCEEDED
18517918,1466072519,100610D,OK
18517745,1466072006,100610E,OK
18506339,1466022325,100851F,WRONG_ANSWER
18497533,1465995049,100851F,WRONG_ANSWER
18497385,1465994688,100851F,WRONG_ANSWER
18497180,1465994143,100851F,WRONG_ANSWER
18496706,1465993049,100851F,WRONG_ANSWER
18496582,1465992726,100851F,WRONG_ANSWER
18496376,1465992184,100851F,WRONG_ANSWER
18496260,1465991886,100851F,WRONG_ANSWER
18496151,1465991551,100851F,WRONG_ANSWER
18494383,1465986614,100851G,OK
18494259,1465986342,100851G,WRONG_ANSWER
18494245,1465986298,100851G,RUNTIME_ERROR
18493438,1465984088,100851E,OK
18492971,1465982790,100851E,RUNTIME_ERROR
18492487,1465981516,100851A,OK
18492451,1465981427,100851A,WRONG_ANSWER
18422274,1465836045,678D,OK
18420506,1465835389,678C,OK
18418590,1465834766,678B,OK
18418216,1465834649,678B,WRONG_ANSWER
18416516,1465834285,678A,OK
18338550,1465463839,680D,OK
18314000,1465406227,680C,OK
18312604,1465405873,680C,WRONG_ANSWER
18307480,1465404755,680B,OK
18306962,1465404665,680B,WRONG_ANSWER
18304444,1465404243,680A,OK
18303834,1465404134,680A,WRONG_ANSWER
18303663,1465404104,680A,WRONG_ANSWER
18302947,1465403961,680A,WRONG_ANSWER
18302820,1465403917,680A,WRONG_ANSWER
18302231,1465402876,101021A,OK
18302178,1465402791,101021A,OK
18232571,1464963836,100827D,WRONG_ANSWER
18231898,1464960841,100827I,OK
18230755,1464955142,100827G,WRONG_ANSWER
18230528,1464953908,100827A,WRONG_ANSWER
18230497,1464953802,100827A,WRONG_ANSWER
18230321,1464952971,100827A,WRONG_ANSWER
18230181,1464952235,100827L,OK
18230066,1464951543,100827L,WRONG_ANSWER
18229872,1464950617,100827H,OK
18229581,1464949033,100827A,WRONG_ANSWER
18229554,1464948899,100827L,WRONG_ANSWER
18229530,1464948743,100827A,WRONG_ANSWER
18229520,1464948700,100827L,WRONG_ANSWER
18229421,1464948217,100827A,WRONG_ANSWER
18169176,1464700993,100814C,WRONG_ANSWER
18169054,1464700467,100814C,WRONG_ANSWER
18168951,1464699930,100814C,MEMORY_LIMIT_EXCEEDED
18168901,1464699735,100814C,TIME_LIMIT_EXCEEDED
18168788,1464699318,100814C,MEMORY_LIMIT_EXCEEDED
18168624,1464698655,100814G,OK
18168499,1464698097,100814G,MEMORY_LIMIT_EXCEEDED
18168418,1464697704,100814G,TIME_LIMIT_EXCEEDED
18167976,1464695595,100814G,RUNTIME_ERROR
18167824,1464694839,100814D,OK
18167659,1464694147,100814G,RUNTIME_ERROR
18166994,1464690778,100814A,OK
18166823,1464689876,100814C,MEMORY_LIMIT_EXCEEDED
18166768,1464689575,100814C,MEMORY_LIMIT_EXCEEDED
18166722,1464689328,100814C,MEMORY_LIMIT_EXCEEDED
18166718,1464689308,100814A,WRONG_ANSWER
18166703,1464689237,100814C,MEMORY_LIMIT_EXCEEDED
18166687,1464689155,100814C,MEMORY_LIMIT_EXCEEDED
18166442,1464687472,100814B,OK
18166415,1464687266,100814B,WRONG_ANSWER
18166344,1464686885,100814L,WRONG_ANSWER
18166250,1464686285,100814I,OK
18166200,1464685943,100814F,OK
18154827,1464600690,100739I,WRONG_ANSWER
18154825,1464600667,100739I,WRONG_ANSWER
18154820,1464600630,100739I,WRONG_ANSWER
18154307,1464597016,100739I,WRONG_ANSWER
18154252,1464596591,100739I,WRONG_ANSWER
18154245,1464596564,100739I,WRONG_ANSWER
18154223,1464596420,100739I,WRONG_ANSWER
18154202,1464596326,100739I,WRONG_ANSWER
18154195,1464596303,100739I,WRONG_ANSWER
18154185,1464596262,100739I,WRONG_ANSWER
18154169,1464596138,100739I,WRONG_ANSWER
18154167,1464596121,100739I,WRONG_ANSWER
18154166,1464596119,100739I,WRONG_ANSWER
18154161,1464596086,100739I,WRONG_ANSWER
18154157,1464596062,100739I,WRONG_ANSWER
18154154,1464596043,100739I,WRONG_ANSWER
18154150,1464596003,100739I,WRONG_ANSWER
18154140,1464595959,100739I,WRONG_ANSWER
18154134,1464595925,100739I,WRONG_ANSWER
18153954,1464594406,100739I,WRONG_ANSWER
18153906,1464593903,100739I,WRONG_ANSWER
18153902,1464593864,100739I,WRONG_ANSWER
18153772,1464592662,100739B,OK
18153657,1464591735,100739B,TIME_LIMIT_EXCEEDED
18153631,1464591538,100739B,TIME_LIMIT_EXCEEDED
18153560,1464590922,100739I,WRONG_ANSWER
18153517,1464590640,100739I,WRONG_ANSWER
18153515,1464590620,100739F,OK
18153509,1464590566,100739I,WRONG_ANSWER
18153485,1464590399,100739I,WRONG_ANSWER
18153287,1464588358,100739C,OK
18153266,1464588137,100739C,TIME_LIMIT_EXCEEDED
18153245,1464588002,100739C,TIME_LIMIT_EXCEEDED
18153145,1464587033,100739L,OK
18153023,1464585511,100739I,WRONG_ANSWER
18152988,1464585099,100739I,WRONG_ANSWER
18152973,1464584813,100739B,RUNTIME_ERROR
18114209,1464333372,100735A,OK
18114155,1464333072,100735C,OK
18113587,1464330028,100735B,OK
18113425,1464329225,100735H,OK
18113315,1464328605,100735D,OK
18113067,1464327131,100735D,WRONG_ANSWER
18113006,1464326831,100735E,OK
18112915,1464326423,100735G,OK
18112904,1464326360,100735I,OK
18112875,1464326150,100735I,WRONG_ANSWER
18112869,1464326138,100735D,WRONG_ANSWER
18105238,1464271074,676E,OK
18105181,1464270853,676E,WRONG_ANSWER
18089045,1464195821,676D,WRONG_ANSWER
18083284,1464192663,676C,OK
18077700,1464190053,676B,OK
18073856,1464188998,676A,OK
18073583,1464188936,676A,WRONG_ANSWER
18060781,1464103931,599C,OK
18054879,1464091800,599D,WRONG_ANSWER
18054289,1464089163,599D,WRONG_ANSWER
18054262,1464089035,599D,OK
18054219,1464088801,599D,WRONG_ANSWER
18054208,1464088751,599D,WRONG_ANSWER
18054194,1464088639,599D,WRONG_ANSWER
18054166,1464088409,599D,WRONG_ANSWER
18054126,1464088082,599D,WRONG_ANSWER
18053992,1464087336,599B,OK
18053976,1464087203,599D,WRONG_ANSWER
18053968,1464087168,599B,WRONG_ANSWER
18053770,1464086076,599B,WRONG_ANSWER
18053744,1464085892,599B,WRONG_ANSWER
18053653,1464085375,599C,OK
18053632,1464085195,599A,OK
18053600,1464085026,599A,WRONG_ANSWER
18047093,1464027592,479D,OK
18046939,1464026649,479C,OK
18046784,1464025566,479E,OK
18046762,1464025408,479E,WRONG_ANSWER
18046728,1464025180,479E,WRONG_ANSWER
18046692,1464024958,479E,WRONG_ANSWER
18046469,1464023482,479D,OK
18046413,1464023201,479D,WRONG_ANSWER
18046398,1464023140,479D,WRONG_ANSWER
18046197,1464021799,479B,OK
18046112,1464021284,479C,OK
18046046,1464020895,479A,OK
18041256,1463994318,319C,OK
17764510,1462549438,670C,OK
17752768,1462503805,670F,WRONG_ANSWER
17747354,1462472857,670F,WRONG_ANSWER
17747048,1462472722,670F,WRONG_ANSWER
17740114,1462469498,670E,OK
17733195,1462467175,670D2,OK
17732138,1462466903,670D1,WRONG_ANSWER
17732104,1462466894,670D2,WRONG_ANSWER
17727932,1462465922,670C,OK
17724648,1462465240,670B,OK
17722108,1462464762,670A,OK
17584002,1461956693,667D,MEMORY_LIMIT_EXCEEDED
17582284,1461954171,667D,WRONG_ANSWER
17574356,1461949634,667B,OK
17569742,1461948081,667A,OK
17412885,1461199515,665A,OK
17412868,1461199429,665A,WRONG_ANSWER
17412760,1461198177,665D,OK
17406474,1461169209,665D,CHALLENGED
17406379,1461169106,665D,WRONG_ANSWER
17406283,1461169004,665D,WRONG_ANSWER
17406169,1461168891,665D,WRONG_ANSWER
17404280,1461167209,665C,OK
17403621,1461166667,665C,WRONG_ANSWER
17402938,1461166137,665B,OK
17402281,1461165619,665A,WRONG_ANSWER
17401999,1461165372,665A,WRONG_ANSWER
17356265,1460853630,664D,OK
17356261,1460853547,664D,TIME_LIMIT_EXCEEDED
17356244,1460853152,664D,WRONG_ANSWER
17356235,1460853048,664D,WRONG_ANSWER
17356227,1460852823,664D,RUNTIME_ERROR
17356176,1460851953,664D,TIME_LIMIT_EXCEEDED
17355778,1460845210,664C,OK
17354862,1460844886,664C,WRONG_ANSWER
17354725,1460843524,664B,OK
17354393,1460840499,664A,OK
17150272,1459712489,621E,OK
17147120,1459696513,621E,OK
17059729,1459366387,659F,WRONG_ANSWER
17059673,1459366325,659F,WRONG_ANSWER
17058900,1459365709,659B,OK
17058022,1459362672,659F,WRONG_ANSWER
17056662,1459361853,659F,SKIPPED
17049739,1459358005,659E,OK
17046894,1459356878,659D,OK
17045033,1459356205,659C,OK
17044522,1459356040,659C,WRONG_ANSWER
17042235,1459355328,659C,WRONG_ANSWER
17040980,1459354965,659B,WRONG_ANSWER
17037590,1459354139,659A,OK
17020939,1459260818,621E,OK
17020125,1459257462,621E,WRONG_ANSWER
17020100,1459257372,621E,RUNTIME_ERROR
17008295,1459192539,658D,OK
17000490,1459186923,658C,OK
16999254,1459186387,658C,WRONG_ANSWER
16995958,1459185051,658B,OK
16990748,1459183327,658A,OK
16989725,1459180245,637D,OK
16988396,1459174428,637D,WRONG_ANSWER
16987342,1459170306,637C,OK
16987077,1459169317,637B,OK
16986980,1459168943,637A,OK
16986896,1459168634,637A,WRONG_ANSWER
16935998,1458928401,652D,TIME_LIMIT_EXCEEDED
16930085,1458916867,652C,OK
16928663,1458915488,652C,TIME_LIMIT_EXCEEDED
16928225,1458915043,652C,TIME_LIMIT_EXCEEDED
16926629,1458913706,652C,TIME_LIMIT_EXCEEDED
16923552,1458911923,652B,OK
16922964,1458911609,652A,OK
16922841,1458911527,652A,TIME_LIMIT_EXCEEDED
16911547,1458844401,629D,WRONG_ANSWER
16911000,1458842059,629D,WRONG_ANSWER
16910267,1458838825,629B,OK
16910119,1458838231,629A,OK
16844942,1458500582,4A,OK
16844894,1458500394,380C,OK
16844728,1458499587,380C,OK
16543245,1457226671,100837A,RUNTIME_ERROR
16543238,1457226613,100837A,WRONG_ANSWER
16537684,1457195547,100571B,OK
16537608,1457195218,100571B,RUNTIME_ERROR
16537553,1457194958,100571B,RUNTIME_ERROR
16536588,1457190658,100571A,OK
16513879,1457091120,380C,OK
16513822,1457090944,380C,OK
16428112,1456758378,635D,OK
16428098,1456758333,635D,COMPILATION_ERROR
16427665,1456756541,635D,OK
16418144,1456698388,635C,WRONG_ANSWER
16418132,1456698315,635C,WRONG_ANSWER
16418020,1456697745,635C,WRONG_ANSWER
16418005,1456697677,635C,WRONG_ANSWER
16413919,1456688065,635C,WRONG_ANSWER
16413601,1456687774,635C,TIME_LIMIT_EXCEEDED
16409691,1456684490,635B,OK
16408417,1456683629,635A,OK
16308440,1456316721,622E,OK
16010355,1455403304,626E,TIME_LIMIT_EXCEEDED
16010273,1455402572,626C,OK
16008091,1455394819,626E,WRONG_ANSWER
16002701,1455390541,626D,OK
15999858,1455388777,626C,WRONG_ANSWER
15999683,1455388668,626C,WRONG_ANSWER
15994700,1455386424,626B,OK
15994005,1455386150,626B,WRONG_ANSWER
15991772,1455385309,626A,OK
15951057,1455170956,572C,OK
15949495,1455158439,622E,WRONG_ANSWER
15949174,1455147460,622E,WRONG_ANSWER
15949146,1455147122,622E,WRONG_ANSWER
15948849,1455143829,622D,OK
15948747,1455142918,622C,OK
15948584,1455141483,622B,OK
15948545,1455141177,622A,OK
15851125,1454802953,437D,OK
15817832,1454644729,606E,WRONG_ANSWER
15817823,1454644686,606E,WRONG_ANSWER
15817676,1454643491,606E,WRONG_ANSWER
15817600,1454643106,606E,WRONG_ANSWER
15814695,1454622928,624E,WRONG_ANSWER
15813797,1454619397,624C,OK
15813648,1454618986,624C,WRONG_ANSWER
15813313,1454618053,624C,WRONG_ANSWER
15812731,1454616622,624B,OK
15812684,1454616538,624B,WRONG_ANSWER
15812505,1454616180,624A,OK
15775203,1454523019,376A,OK
15773363,1454517296,86D,OK
15773178,1454516737,86D,OK
15773130,1454516605,86D,RUNTIME_ERROR
15773057,1454516400,86D,TIME_LIMIT_EXCEEDED
15714416,1454256126,621C,OK
15708366,1454253050,621D,OK
15698760,1454249743,621B,OK
15696183,1454249354,621A,OK
15665683,1454094177,618D,WRONG_ANSWER
15660870,1454091595,618C,OK
15659390,1454090919,618C,SKIPPED
15654789,1454088961,618B,OK
15651891,1454088117,618A,OK
15649821,1454087626,618A,WRONG_ANSWER
15536046,1453569659,617C,OK
15533855,1453568578,617D,OK
15531942,1453567719,617D,WRONG_ANSWER
15528611,1453566400,617C,WRONG_ANSWER
15526028,1453565482,617C,WRONG_ANSWER
15521779,1453564222,617B,WRONG_ANSWER
15518952,1453563645,617A,OK
15444692,1453242321,270A,OK
15444437,1453240037,614C,OK
15444364,1453239135,614C,OK
15367882,1452794680,614C,WRONG_ANSWER
15366958,1452794369,614C,WRONG_ANSWER
15358740,1452791981,614C,WRONG_ANSWER
15356847,1452791550,614B,OK
15353096,1452790689,614B,WRONG_ANSWER
15350742,1452790207,614A,OK
15350356,1452790130,614A,WRONG_ANSWER
15336377,1452713761,616E,WRONG_ANSWER
15329105,1452679587,616E,WRONG_ANSWER
15327718,1452670826,616E,WRONG_ANSWER
15327704,1452670745,616E,WRONG_ANSWER
15322418,1452627918,100869B,OK
15320688,1452620264,100869C,OK
15320614,1452619911,100869A,OK
15320566,1452619729,100869A,WRONG_ANSWER
15319117,1452615336,100869A,TIME_LIMIT_EXCEEDED
15319013,1452615073,100869A,COMPILATION_ERROR
15304155,1452542539,616D,OK
15301337,1452531722,616C,OK
15296888,1452528411,616C,WRONG_ANSWER
15296568,1452528187,616C,COMPILATION_ERROR
15291096,1452525311,616B,OK
15290461,1452525077,616A,OK
15277574,1452413671,615C,TIME_LIMIT_EXCEEDED
15277377,1452412279,615C,WRONG_ANSWER
15277371,1452412246,615C,WRONG_ANSWER
15277285,1452411662,615C,TIME_LIMIT_EXCEEDED
15265546,1452325255,615D,OK
15265287,1452324123,615D,WRONG_ANSWER
15265280,1452324083,615D,COMPILATION_ERROR
15265028,1452322669,615D,WRONG_ANSWER
15264922,1452321935,615D,TIME_LIMIT_EXCEEDED
15251312,1452267726,615C,TIME_LIMIT_EXCEEDED
15242063,1452263131,615B,OK
15240299,1452262428,615A,OK
15151825,1451674427,595C,OK
15151390,1451672248,595B,OK
15150810,1451669245,595A,OK
15129903,1451514171,611E,WRONG_ANSWER
15129812,1451513376,611E,WRONG_ANSWER
15129756,1451512896,611E,WRONG_ANSWER
15122378,1451495939,611E,WRONG_ANSWER
15112206,1451490400,611C,OK
15108237,1451489248,611B,OK
15104085,1451488547,611A,OK
14966689,1450947006,608D,OK
14965833,1450943441,608D,WRONG_ANSWER
14960821,1450905975,608D,WRONG_ANSWER
14960679,1450905033,608D,WRONG_ANSWER
14951936,1450892459,608C,OK
14950589,1450891804,608C,WRONG_ANSWER
14945765,1450889920,608B,OK
14941910,1450888762,608A,OK
14878981,1450537945,609B,OK
14877770,1450537514,609A,OK
14723353,1449679834,606B,OK
14718547,1449678085,606A,OK
14717272,1449677708,606A,WRONG_ANSWER
14617104,1449052909,1A,OK
14617090,1449052883,1A,COMPILATION_ERROR
