61556872,1569853123,1051B,OK
61556677,1569852913,1041A,OK
32884757,1512246746,816B,OK
32653126,1511629626,101615B,OK
32651949,1511626103,101615H,OK
32651880,1511625876,101615H,WRONG_ANSWER
32651341,1511624566,101615K,OK
32650957,1511623498,101615M,OK
32650473,1511622100,101615F,OK
32650375,1511621862,101615F,WRONG_ANSWER
32649510,1511619425,101615G,OK
32649252,1511618723,101615I,OK
32649122,1511618350,101615I,RUNTIME_ERROR
32649098,1511618285,101615E,OK
32648949,1511617884,101615I,WRONG_ANSWER
32648488,1511616775,101615C,OK
32648112,1511615856,101615C,WRONG_ANSWER
32648040,1511615714,101615C,WRONG_ANSWER
32647823,1511615226,101615J,OK
32647668,1511614884,101615D,OK
32647551,1511614661,101615L,OK
32647460,1511614443,101615L,WRONG_ANSWER
32646780,1511613065,101615A,OK
32646708,1511612863,101615A,WRONG_ANSWER
31903626,1509390578,100492C,OK
31899826,1509381345,100492A,OK
31899560,1509380716,100492A,WRONG_ANSWER
31899256,1509379982,100492E,OK
31899086,1509379564,100492E,RUNTIME_ERROR
31899074,1509379527,100492E,WRONG_ANSWER
31899025,1509379403,100492A,WRONG_ANSWER
31897126,1509375033,100492H,OK
31896395,1509373356,100492F,OK
31896055,1509372535,100492G,OK
31895929,1509372244,100492G,WRONG_ANSWER
31895125,1509370578,100492B,OK
31894183,1509368650,100492I,OK
31894164,1509368606,100492I,WRONG_ANSWER
31846012,1509211212,101605G,OK
31845956,1509211071,101605G,RUNTIME_ERROR
31845740,1509210415,101605G,WRONG_ANSWER
31845588,1509210032,101605B,OK
31845503,1509209766,101605B,WRONG_ANSWER
31844124,1509206935,101605J,TIME_LIMIT_EXCEEDED
31844095,1509206880,101605J,TIME_LIMIT_EXCEEDED
31843951,1509206595,101605D,OK
31842680,1509204098,101605G,RUNTIME_ERROR
31842556,1509203851,101605G,RUNTIME_ERROR
31840277,1509199495,101605D,WRONG_ANSWER
31839769,1509198663,101605C,OK
31839421,1509198068,101605A,OK
31839232,1509197787,101605I,OK
31839166,1509197695,101605I,RUNTIME_ERROR
31839067,1509197535,101605A,TIME_LIMIT_EXCEEDED
31838882,1509197234,101605A,TIME_LIMIT_EXCEEDED
31838582,1509196727,101605A,WRONG_ANSWER
31837982,1509195615,101605I,WRONG_ANSWER
31837658,1509194999,101605A,WRONG_ANSWER
31837472,1509194636,101605I,WRONG_ANSWER
31837302,1509194268,101605F,OK
31837177,1509194026,101605A,WRONG_ANSWER
31837157,1509193993,101605A,WRONG_ANSWER
31836487,1509192991,101605K,OK
31652942,1508778918,100517H,OK
31652868,1508778888,100517H,COMPILATION_ERROR
31645094,1508776188,100517L,OK
31633558,1508771611,100517K,OK
31632958,1508770212,100517J,OK
31632889,1508770054,100517J,WRONG_ANSWER
31632647,1508769520,100517I,OK
31632488,1508769180,100517I,WRONG_ANSWER
31632427,1508769054,100517I,WRONG_ANSWER
31632420,1508769037,100517I,COMPILATION_ERROR
31631580,1508767368,100517B,OK
31631373,1508766995,100517B,WRONG_ANSWER
31631073,1508766402,100517D,OK
31318542,1508000070,101573J,OK
31317582,1507997963,101573J,WRONG_ANSWER
31317312,1507997348,101573J,RUNTIME_ERROR
31317159,1507997047,101573J,RUNTIME_ERROR
31315439,1507993326,101573H,OK
31314232,1507991013,101573H,TIME_LIMIT_EXCEEDED
31312944,1507988663,101573J,WRONG_ANSWER
31312407,1507987675,101573E,OK
31311953,1507986764,101573G,OK
31311467,1507985800,101573G,WRONG_ANSWER
31310699,1507984364,101573F,OK
31310508,1507983940,101573D,OK
31310479,1507983898,101573B,OK
31310333,1507983604,101573C,OK
31310284,1507983506,101573A,OK
31173521,1507568712,101504J,WRONG_ANSWER
31173420,1507568408,101504A,WRONG_ANSWER
31173014,1507567186,101504J,WRONG_ANSWER
31172838,1507566640,101504J,WRONG_ANSWER
31172259,1507564989,101504K,OK
31172024,1507564431,101504J,WRONG_ANSWER
31171832,1507563939,101504K,WRONG_ANSWER
31171594,1507563377,101504J,WRONG_ANSWER
31171267,1507562497,101504J,WRONG_ANSWER
31170909,1507561535,101504B,OK
31170822,1507561317,101504B,WRONG_ANSWER
31170306,1507559941,101504H,OK
31169505,1507558089,101504C,OK
31169100,1507557070,101504C,WRONG_ANSWER
31168159,1507554818,101504E,OK
31167950,1507554257,101504E,WRONG_ANSWER
31167399,1507553036,101504F,OK
31166794,1507551705,101504G,OK
30645927,1506179490,101529D,OK
30645208,1506178021,101529B,OK
30645162,1506177926,101529B,WRONG_ANSWER
30644693,1506176794,101529B,WRONG_ANSWER
30644470,1506176327,101529H,OK
30643973,1506175468,101529B,WRONG_ANSWER
30643168,1506174024,101529B,WRONG_ANSWER
30641986,1506171245,101529C,OK
30641775,1506170815,101529E,OK
30641492,1506170201,101529A,OK
30641283,1506169722,101529I,OK
30641202,1506169524,101529F,OK
30641092,1506169266,101529G,OK
30400757,1505590346,859F,WRONG_ANSWER
30398646,1505588386,859E,OK
30396912,1505586759,859D,OK
30393572,1505584627,859C,OK
30390872,1505583733,859B,OK
30389820,1505583502,859A,OK
30269190,1505144490,100113G,OK
30268420,1505142020,100113J,OK
30268366,1505141788,100113J,WRONG_ANSWER
30268274,1505141452,100113J,WRONG_ANSWER
30267778,1505139910,100113K,OK
30267535,1505139138,100113D,OK
30267459,1505138904,100113D,WRONG_ANSWER
30267122,1505137958,100113B,OK
30266958,1505137477,100113H,OK
30266369,1505136071,100113E,OK
30265473,1505133422,100113C,OK
30265258,1505132819,100113F,OK
30229937,1504974490,100531F,OK
30229090,1504971475,100531H,OK
30228308,1504968560,100531I,OK
30228275,1504968457,100531K,OK
30228231,1504968300,100531I,RUNTIME_ERROR
30228004,1504967426,100531K,WRONG_ANSWER
30227880,1504967050,100531K,WRONG_ANSWER
30227592,1504966175,100531K,WRONG_ANSWER
30227522,1504965942,100531J,OK
30227426,1504965696,100531J,WRONG_ANSWER
30227018,1504964492,100531J,RUNTIME_ERROR
30226865,1504964080,100531J,WRONG_ANSWER
30225747,1504961066,100531B,OK
30225406,1504960044,100531D,OK
30225274,1504959706,100531G,OK
30225135,1504959280,100531A,OK
30078534,1504543846,101412G,OK
30067877,1504539039,101412B,OK
30061529,1504537170,101412D,OK
30061160,1504537086,101412D,RUNTIME_ERROR
30055063,1504535051,101412A,OK
30054885,1504534383,101412A,WRONG_ANSWER
30054776,1504534052,101412A,WRONG_ANSWER
30054646,1504533655,101412A,WRONG_ANSWER
30054470,1504533213,101412A,WRONG_ANSWER
30053929,1504531563,101412C,OK
30053843,1504531300,101412C,TIME_LIMIT_EXCEEDED
30053502,1504530410,101412F,OK
30053311,1504529905,101412F,WRONG_ANSWER
30053121,1504529369,101412F,WRONG_ANSWER
30037674,1504449407,852C,OK
30035449,1504444576,852D,OK
30034893,1504443480,852F,OK
30033716,1504441387,852E,OK
30032641,1504439512,852B,OK
30030367,1504436154,852G,OK
30029955,1504435513,852G,WRONG_ANSWER
29778740,1503663357,843D,WRONG_ANSWER
29759792,1503601485,843D,RUNTIME_ERROR
29745679,1503595159,843B,OK
29738207,1503593009,843A,OK
28620939,1500244396,293E,OK
28620699,1500242791,293E,WRONG_ANSWER
28620633,1500242460,293E,WRONG_ANSWER
28620585,1500242271,293E,TIME_LIMIT_EXCEEDED
26940624,1494180169,773C,WRONG_ANSWER
26939655,1494179406,773A,OK
26935852,1494176802,773A,WRONG_ANSWER
26934463,1494175875,773A,WRONG_ANSWER
26932084,1494174355,773B,OK
26931533,1494174033,773A,WRONG_ANSWER
26906564,1494090258,100460A,OK
26906089,1494088490,100460I,OK
26905525,1494086964,100460I,WRONG_ANSWER
26904454,1494083837,100460J,OK
26903844,1494081980,100460E,OK
26903798,1494081843,100460E,WRONG_ANSWER
26903390,1494080618,100460D,OK
26902911,1494079182,100460F,OK
26902629,1494078366,100460G,OK
26902218,1494077054,100460C,OK
26901986,1494076321,100460C,WRONG_ANSWER
26901701,1494075431,100460K,OK
26901342,1494074369,100460L,OK
26901164,1494073875,100460H,OK
26900982,1494073379,100460B,OK
26900944,1494073283,100460B,WRONG_ANSWER
26427738,1492360231,772C,OK
26421703,1492358092,772B,OK
26418826,1492357549,772A,OK
26060001,1491065836,100044E,WRONG_ANSWER
26059994,1491065820,100044E,WRONG_ANSWER
26059905,1491065588,100044E,TIME_LIMIT_EXCEEDED
26059876,1491065530,100044E,WRONG_ANSWER
26059838,1491065436,100044E,WRONG_ANSWER
26059827,1491065405,100044E,WRONG_ANSWER
26058901,1491063091,100044E,WRONG_ANSWER
26058470,1491061994,100044E,WRONG_ANSWER
26056402,1491057041,100044J,OK
26055757,1491055402,100044H,OK
26055660,1491055158,100044H,WRONG_ANSWER
26055174,1491054025,100044I,OK
26054369,1491052542,100044K,OK
26053684,1491051112,100044G,OK
26052904,1491049318,100044F,OK
26052801,1491049067,100044D,OK
26052708,1491048861,100044A,OK
25879450,1490720124,100339A,WRONG_ANSWER
25879430,1490720078,100339A,OK
25879349,1490719891,100339A,OK
25879316,1490719828,100339A,TIME_LIMIT_EXCEEDED
25878215,1490717079,100339F,OK
25877444,1490715073,100339F,WRONG_ANSWER
25876097,1490711229,100339B,OK
25876083,1490711207,100339B,OK
25875948,1490710797,100339B,WRONG_ANSWER
25875336,1490709233,100339H,OK
25874196,1490706392,100339G,OK
25873709,1490705263,100339E,OK
25873553,1490704900,100339E,WRONG_ANSWER
25873387,1490704464,100339I,OK
25873376,1490704433,100339I,WRONG_ANSWER
25802445,1490460956,100266I,OK
25802413,1490460847,100266I,WRONG_ANSWER
25802386,1490460738,100266I,WRONG_ANSWER
25802363,1490460684,100266I,RUNTIME_ERROR
25801653,1490457949,100266H,OK
25800826,1490455071,100266J,OK
25800267,1490453205,100266G,OK
25799776,1490451623,100266D,OK
25799409,1490450486,100266C,OK
25798916,1490448959,100266E,OK
25798557,1490447859,100266E,WRONG_ANSWER
25798282,1490447129,100266A,OK
25797786,1490445587,100266F,OK
25797287,1490444220,100266B,OK
25754787,1490292823,786B,OK
25753894,1490291453,786B,OK
25753654,1490291175,786B,TIME_LIMIT_EXCEEDED
25753447,1490290953,786B,TIME_LIMIT_EXCEEDED
25753259,1490290747,786B,WRONG_ANSWER
25751906,1490288692,786B,COMPILATION_ERROR
25751299,1490288465,786B,WRONG_ANSWER
25751149,1490288392,786B,WRONG_ANSWER
25740656,1490283093,786A,OK
25739883,1490282844,786A,MEMORY_LIMIT_EXCEEDED
25720973,1490212417,101136C,OK
25708878,1490180154,101136F,OK
25708830,1490180020,101136F,TIME_LIMIT_EXCEEDED
25708825,1490180000,101136F,COMPILATION_ERROR
25708818,1490179988,101136E,COMPILATION_ERROR
25641818,1489916490,771E,OK
25641742,1489916313,771E,WRONG_ANSWER
25622795,1489857647,771D,OK
25619897,1489856136,771C,OK
25609842,1489852316,771B,OK
25607667,1489851794,771A,OK
25411918,1489249518,101136G,OK
25411785,1489249235,101136G,WRONG_ANSWER
25411403,1489248476,101136G,WRONG_ANSWER
25409662,1489245189,101136E,OK
25408923,1489243620,101136I,OK
25408623,1489242993,101136K,OK
25408081,1489241899,101136J,OK
25407213,1489240212,101136B,OK
25406095,1489238108,101136D,OK
25405708,1489237427,101136D,WRONG_ANSWER
25405650,1489237330,101136D,WRONG_ANSWER
25405023,1489236256,101136H,OK
25404761,1489235800,101136A,OK
25316325,1488880887,101187G,OK
25314622,1488880220,101187G,RUNTIME_ERROR
25314465,1488879475,101187G,WRONG_ANSWER
25288553,1488796600,101187J,WRONG_ANSWER
25286279,1488788948,101187E,OK
25286198,1488788656,101187E,WRONG_ANSWER
25265739,1488727799,781D,OK
25265584,1488727613,781D,WRONG_ANSWER
25265051,1488726299,781D,WRONG_ANSWER
25264668,1488726225,781D,RUNTIME_ERROR
25264587,1488726204,781D,COMPILATION_ERROR
25264004,1488726022,781D,WRONG_ANSWER
25258039,1488723297,781C,OK
25255046,1488721892,781B,OK
25254374,1488721587,781B,RUNTIME_ERROR
25248901,1488719666,781A,OK
25240832,1488709663,769C,OK
25240123,1488708408,769D,OK
25239351,1488707086,769B,OK
25238860,1488706208,769A,OK
25222253,1488647643,101187G,WRONG_ANSWER
25222245,1488647617,101187G,COMPILATION_ERROR
25222230,1488647588,101187G,COMPILATION_ERROR
25222139,1488647393,101187G,WRONG_ANSWER
25220867,1488644980,101187G,WRONG_ANSWER
25220779,1488644809,101187G,WRONG_ANSWER
25218274,1488640329,101187F,OK
25218147,1488640096,101187F,WRONG_ANSWER
25217995,1488639813,101187F,WRONG_ANSWER
25216798,1488637622,101187D,OK
25214718,1488634557,101187C,OK
25213578,1488632972,101187K,OK
25213257,1488632551,101187I,OK
25212205,1488631168,101187B,OK
25211462,1488630248,101187A,OK
25211349,1488630089,101187A,WRONG_ANSWER
25211262,1488629985,101187A,WRONG_ANSWER
25130007,1488389168,1A,TIME_LIMIT_EXCEEDED
25095168,1488268242,100337C,OK
25095019,1488267520,100337C,WRONG_ANSWER
25083527,1488214563,100337H,OK
25083453,1488214404,100337H,WRONG_ANSWER
25083448,1488214395,100337H,COMPILATION_ERROR
25083341,1488214192,100337H,WRONG_ANSWER
25083337,1488214186,100337H,COMPILATION_ERROR
25081851,1488210661,100337G,OK
25079690,1488205305,100337B,OK
25079677,1488205278,100337B,RUNTIME_ERROR
25078997,1488203524,100337J,OK
25077135,1488199004,100337F,OK
25077130,1488198993,100337F,COMPILATION_ERROR
25077114,1488198972,100337F,WRONG_ANSWER
25077104,1488198957,100337F,COMPILATION_ERROR
24934258,1487865369,776E,OK
24933001,1487864908,776C,OK
24929871,1487863764,776D,OK
24924449,1487862445,776C,CHALLENGED
24921249,1487861867,776B,OK
24918051,1487861377,776A,OK
24867716,1487671414,10124104,WRONG_ANSWER
24867323,1487670453,10124104,WRONG_ANSWER
24867311,1487670417,10124104,WRONG_ANSWER
24865435,1487665295,100325B,OK
24864997,1487664190,100325B,TIME_LIMIT_EXCEEDED
24853990,1487622528,768F,OK
24853773,1487622326,768F,WRONG_ANSWER
24849518,1487615059,768F,WRONG_ANSWER
24847043,1487613429,768D,OK
24844251,1487612096,768E,OK
24840585,1487610731,768C,OK
24838285,1487609931,768B,OK
24826354,1487606874,768A,OK
24784265,1487435068,10124108,OK
24784072,1487434677,10124108,WRONG_ANSWER
24783523,1487433331,10124108,WRONG_ANSWER
24783442,1487433137,10124108,WRONG_ANSWER
24782010,1487429626,10124108,WRONG_ANSWER
24781432,1487428415,10124108,WRONG_ANSWER
24781266,1487428075,10124108,WRONG_ANSWER
24780831,1487427055,10124107,OK
24780706,1487426774,10124103,OK
24780383,1487426119,10124103,RUNTIME_ERROR
24778389,1487422041,10124102,OK
24778117,1487421634,10124106,OK
24777596,1487420763,10124105,OK
24740154,1487344891,100325B,WRONG_ANSWER
24740002,1487344232,100325B,WRONG_ANSWER
24722537,1487263867,100325I,OK
24722461,1487263593,100325E,OK
24722258,1487262868,100325I,WRONG_ANSWER
24720404,1487256957,100325F,OK
24720400,1487256946,100325F,TIME_LIMIT_EXCEEDED
24719995,1487255636,100325F,TIME_LIMIT_EXCEEDED
24719830,1487255119,100325F,TIME_LIMIT_EXCEEDED
24719262,1487253260,100325G,OK
24718966,1487252281,100325D,OK
24718539,1487250991,100325A,OK
24718129,1487249764,100325H,OK
24667293,1487070127,765F,TIME_LIMIT_EXCEEDED
24667272,1487070112,765F,TIME_LIMIT_EXCEEDED
24667242,1487070094,765F,TIME_LIMIT_EXCEEDED
24667199,1487070070,765F,TIME_LIMIT_EXCEEDED
24667156,1487070047,765F,TIME_LIMIT_EXCEEDED
24667067,1487069994,765F,TIME_LIMIT_EXCEEDED
24661297,1487065436,765E,OK
24658887,1487063906,765E,WRONG_ANSWER
24654191,1487061903,765D,OK
24646874,1487060144,765C,OK
24645523,1487059903,765B,OK
24644614,1487059702,765A,OK
24374379,1486044290,763B,OK
24372146,1486043690,763A,WRONG_ANSWER
24132430,1485364641,101097D,RUNTIME_ERROR
24132099,1485364150,101097D,MEMORY_LIMIT_EXCEEDED
24132078,1485364130,101097D,COMPILATION_ERROR
24128166,1485360796,101097F,OK
24127584,1485360435,101097F,TIME_LIMIT_EXCEEDED
24127458,1485360367,101097F,WRONG_ANSWER
24127414,1485360339,101097F,COMPILATION_ERROR
24127099,1485360147,101097F,TIME_LIMIT_EXCEEDED
24126990,1485360093,101097F,WRONG_ANSWER
24125204,1485359159,101097F,TIME_LIMIT_EXCEEDED
24123962,1485358579,101097F,TIME_LIMIT_EXCEEDED
24121840,1485357683,101097F,WRONG_ANSWER
24116830,1485355966,101097G,OK
24114436,1485355267,101097B,OK
24113347,1485353766,101097E,OK
24113264,1485353440,101097E,WRONG_ANSWER
24113127,1485352895,101097E,WRONG_ANSWER
24112954,1485352373,101097B,TIME_LIMIT_EXCEEDED
24112826,1485351962,101097B,TIME_LIMIT_EXCEEDED
24112786,1485351835,101097B,TIME_LIMIT_EXCEEDED
24112390,1485350802,101097E,WRONG_ANSWER
24111845,1485349272,101097I,OK
24076173,1485190960,101194C,OK
24075440,1485188881,101194F,OK
24074864,1485187212,101194F,TIME_LIMIT_EXCEEDED
24074773,1485186941,101194H,OK
24074645,1485186602,101194F,TIME_LIMIT_EXCEEDED
24074022,1485184878,101194F,TIME_LIMIT_EXCEEDED
24072557,1485180443,101194E,OK
24072359,1485179893,101194D,OK
24071753,1485178080,101194D,WRONG_ANSWER
24071297,1485177000,101194E,WRONG_ANSWER
24071272,1485176927,101194E,WRONG_ANSWER
24070742,1485175303,101194L,OK
24070450,1485174416,101194A,OK
24066459,1485159785,756D,OK
24066434,1485159723,756D,OK
24066045,1485158661,756D,OK
24066027,1485158609,756D,COMPILATION_ERROR
24054395,1485120694,759C,OK
24054115,1485120035,759C,WRONG_ANSWER
24053980,1485119789,759D,OK
24045589,1485112474,759C,WRONG_ANSWER
24041085,1485110525,759B,OK
24037224,1485109458,759A,OK
24017307,1485022784,100016C,OK
24017244,1485022571,100016C,RUNTIME_ERROR
24017124,1485022105,100016C,RUNTIME_ERROR
24015003,1485014587,100016C,WRONG_ANSWER
24014496,1485012616,100016I,OK
24012966,1485007670,100016A,OK
24012923,1485007530,100016A,WRONG_ANSWER
24012869,1485007357,100016A,MEMORY_LIMIT_EXCEEDED
24012190,1485005351,100016J,OK
24011827,1485004293,100016J,WRONG_ANSWER
24011819,1485004253,100016J,WRONG_ANSWER
24011453,1485003101,100016D,OK
24011439,1485003059,100016D,COMPILATION_ERROR
24011410,1485002968,100016D,COMPILATION_ERROR
24011383,1485002907,100016D,COMPILATION_ERROR
24009872,1484998357,101206F,OK
24009053,1484995950,101206F,WRONG_ANSWER
23992179,1484925508,101206F,TIME_LIMIT_EXCEEDED
23992093,1484925260,101206F,MEMORY_LIMIT_EXCEEDED
23991972,1484924894,101206F,WRONG_ANSWER
23991933,1484924789,101206F,WRONG_ANSWER
23990170,1484920029,101206E,OK
23989018,1484917087,101206I,OK
23988815,1484916576,101206I,WRONG_ANSWER
23988577,1484915914,101206I,WRONG_ANSWER
23988530,1484915801,101206I,TIME_LIMIT_EXCEEDED
23987765,1484913824,101206H,OK
23987714,1484913685,101206H,WRONG_ANSWER
23987636,1484913455,101206H,WRONG_ANSWER
23987150,1484911934,101206B,OK
23987124,1484911860,101206B,WRONG_ANSWER
23986929,1484911231,101206J,OK
23986806,1484910764,101206L,OK
23985945,1484907928,101206A,OK
23985935,1484907871,101206A,TIME_LIMIT_EXCEEDED
23931235,1484772273,100963G,OK
23930843,1484770593,100963G,WRONG_ANSWER
23929917,1484767078,100963G,TIME_LIMIT_EXCEEDED
23929339,1484765072,100963G,RUNTIME_ERROR
23928383,1484761962,100963G,RUNTIME_ERROR
23928364,1484761873,100963G,WRONG_ANSWER
23928312,1484761679,100963G,RUNTIME_ERROR
23928307,1484761660,100963G,WRONG_ANSWER
23926713,1484756650,100963A,OK
23924172,1484748873,100963J,OK
23923882,1484748156,100963J,WRONG_ANSWER
23923666,1484747630,100963I,OK
23923446,1484747114,100963J,WRONG_ANSWER
23923131,1484746310,100963F,OK
23922806,1484745524,100963F,WRONG_ANSWER
23922802,1484745504,100963E,WRONG_ANSWER
23922625,1484745036,100963F,WRONG_ANSWER
23921848,1484743133,100963F,WRONG_ANSWER
23921428,1484741992,100963B,OK
23920873,1484740395,100963C,OK
23845533,1484495054,101177G,OK
23845335,1484494185,101177G,WRONG_ANSWER
23845195,1484493534,101177G,WRONG_ANSWER
23845117,1484493228,101177C,OK
23844927,1484492571,101177G,WRONG_ANSWER
23838785,1484489492,101177F,OK
23838657,1484488958,101177J,OK
23838288,1484487580,101177B,OK
23838268,1484487503,101177B,WRONG_ANSWER
23838056,1484486854,101177J,WRONG_ANSWER
23837568,1484484965,101177I,OK
23837536,1484484840,101177I,WRONG_ANSWER
23837291,1484484137,101177D,OK
23836626,1484481779,101177E,OK
23836477,1484481218,101177K,OK
23836332,1484480699,101177A,OK
23789839,1484326993,101196H,WRONG_ANSWER
23789827,1484326959,101196H,WRONG_ANSWER
23789646,1484326505,101196H,WRONG_ANSWER
23789270,1484325685,101196A,OK
23788588,1484324065,101196A,WRONG_ANSWER
23786614,1484317568,101196H,WRONG_ANSWER
23786165,1484316192,101196G,OK
23785669,1484314834,101196I,OK
23785431,1484314248,101196F,OK
23785092,1484313287,101196D,OK
23784981,1484312916,101196B,OK
23784958,1484312845,101196D,WRONG_ANSWER
23784889,1484312574,101196D,WRONG_ANSWER
23784318,1484310594,101196E,OK
23784135,1484309995,101196C,OK
23783687,1484308488,100825D,OK
23783412,1484307595,100825E,OK
23783335,1484307372,100825I,OK
23764692,1484243673,757D,OK
23763832,1484243083,757D,WRONG_ANSWER
23761340,1484241631,757D,WRONG_ANSWER
23753503,1484238374,757C,OK
23744146,1484236193,757B,OK
23739836,1484235487,757A,OK
23685068,1484067836,101192A,OK
23684588,1484065970,101192C,OK
23684571,1484065903,101192C,WRONG_ANSWER
23683704,1484062299,101192K,OK
23683452,1484061374,101192K,MEMORY_LIMIT_EXCEEDED
23683191,1484060508,101192G,OK
23682441,1484057417,101192H,OK
23682310,1484056994,101192H,TIME_LIMIT_EXCEEDED
23682272,1484056865,101192H,WRONG_ANSWER
23681989,1484055990,101192F,OK
23681726,1484055092,101192I,OK
23681279,1484053553,101192I,WRONG_ANSWER
23681040,1484052701,101192I,WRONG_ANSWER
23680921,1484052254,101192D,OK
23680522,1484050680,101192E,OK
23645672,1483877411,100324C,OK
23645606,1483877149,100324C,OK
23645590,1483877083,100324C,WRONG_ANSWER
23623892,1483792872,100324G,OK
23558725,1483633796,100324G,WRONG_ANSWER
23558389,1483632682,100324J,OK
23557915,1483630901,100324G,WRONG_ANSWER
23557903,1483630866,100324G,MEMORY_LIMIT_EXCEEDED
23557692,1483630098,100324F,OK
23556918,1483627491,100324I,OK
23555817,1483623901,100324A,OK
23555257,1483622063,100324B,OK
23554661,1483619889,100324D,OK
23554621,1483619707,100324D,WRONG_ANSWER
23553083,1483613944,468B,OK
23552468,1483611659,568C,OK
23543521,1483561709,587D,OK
23543513,1483561680,587D,OK
23543481,1483561546,587D,WRONG_ANSWER
23543378,1483561097,587D,RUNTIME_ERROR
23543363,1483561043,587D,RUNTIME_ERROR
23542576,1483557724,587D,WRONG_ANSWER
23542523,1483557550,587D,WRONG_ANSWER
23541338,1483553360,100570D,OK
23541315,1483553302,100570D,WRONG_ANSWER
23541299,1483553256,100570D,WRONG_ANSWER
23541248,1483553095,100570D,WRONG_ANSWER
23540837,1483551705,27D,OK
23540534,1483550631,228E,OK
23454300,1483123268,750F,OK
23454030,1483123049,750F,IDLENESS_LIMIT_EXCEEDED
23437478,1483110171,750D,OK
23436552,1483109902,750D,RUNTIME_ERROR
23430798,1483108606,750C,OK
23426766,1483107994,750B,OK
23422536,1483107550,750A,OK
23386600,1482957531,100222F,OK
23386508,1482957138,100222F,RUNTIME_ERROR
23386468,1482956971,100222F,WRONG_ANSWER
23386199,1482955716,100222F,WRONG_ANSWER
23386191,1482955684,100222F,WRONG_ANSWER
23383132,1482946101,100222D,OK
23360821,1482848419,100222C,OK
23360751,1482848220,100222C,WRONG_ANSWER
23360711,1482848102,100222C,MEMORY_LIMIT_EXCEEDED
23360342,1482846897,100222E,OK
23359373,1482843426,100222C,WRONG_ANSWER
23359313,1482843159,100222C,WRONG_ANSWER
23358655,1482840724,100222J,OK
23358322,1482839283,100222A,OK
23357883,1482837718,100222G,OK
23348612,1482786471,100221G,OK
23348569,1482786291,100221G,OK
23348502,1482785954,100221G,WRONG_ANSWER
23348181,1482784392,100221G,WRONG_ANSWER
23347673,1482782029,100221G,WRONG_ANSWER
23347607,1482781779,100221G,WRONG_ANSWER
23341825,1482761937,100221H,OK
23341058,1482759383,100221F,OK
23340558,1482757654,100221I,OK
23340491,1482757430,100221I,WRONG_ANSWER
23339787,1482754746,100221D,OK
23339590,1482753905,100221D,WRONG_ANSWER
23339467,1482753508,100221E,OK
23338474,1482750542,100221A,OK
23338252,1482749706,100221A,WRONG_ANSWER
23209403,1482348863,100220A,OK
23206939,1482345758,100220A,TIME_LIMIT_EXCEEDED
23206928,1482345727,100220A,RUNTIME_ERROR
23201639,1482330933,100220H,OK
23201550,1482330650,100220H,WRONG_ANSWER
23201291,1482329938,100220I,OK
23201139,1482329494,100220I,WRONG_ANSWER
23200481,1482327492,100220J,OK
23199552,1482325018,100220E,OK
23199468,1482324845,100220E,WRONG_ANSWER
23199202,1482324128,100220F,OK
23197704,1482319968,100220G,OK
23197575,1482319564,100220C,OK
23196467,1482316161,100220B,OK
23142918,1482163220,100218C,OK
23142875,1482163112,100218C,RUNTIME_ERROR
23141127,1482157751,100218A,OK
23140928,1482157259,100218D,OK
23140618,1482156406,100218E,OK
23140080,1482155143,100218D,WRONG_ANSWER
23139790,1482154456,100218D,WRONG_ANSWER
23138992,1482152486,100218F,OK
23138942,1482152335,100218F,RUNTIME_ERROR
23138450,1482150992,100218J,OK
23138436,1482150962,100218J,OK
23137275,1482147854,100218G,OK
23137009,1482147180,100218H,OK
23099089,1482063862,100217F,OK
23099039,1482063840,100217F,COMPILATION_ERROR
23098721,1482063673,100217I,OK
23067864,1481998288,744C,OK
23063024,1481996034,744B,OK
23057758,1481994108,744A,OK
23055989,1481993499,744A,WRONG_ANSWER
23055932,1481993484,744A,WRONG_ANSWER
23050298,1481986797,100217F,WRONG_ANSWER
23050175,1481986425,100217F,WRONG_ANSWER
23048154,1481980682,100217D,OK
23047476,1481978597,100217C,OK
23046965,1481977148,100217A,OK
23046562,1481975925,100217A,WRONG_ANSWER
23045514,1481973070,100217H,OK
23045389,1481972693,100217H,WRONG_ANSWER
23044968,1481971475,100217G,OK
23044444,1481970068,100217J,OK
23044414,1481969972,100217J,COMPILATION_ERROR
22983928,1481753490,100213B,OK
22983907,1481753359,101170K,TIME_LIMIT_EXCEEDED
22983660,1481752211,100213G,OK
22983644,1481752123,100213G,WRONG_ANSWER
22983614,1481752010,100213G,TIME_LIMIT_EXCEEDED
22983099,1481749949,100213G,WRONG_ANSWER
22983019,1481749580,100213G,TIME_LIMIT_EXCEEDED
22982739,1481748406,100213G,WRONG_ANSWER
22949266,1481721350,100213J,OK
22948711,1481719666,100213K,OK
22948064,1481717931,100213F,OK
22947553,1481716266,100213E,OK
22947215,1481715347,100213A,OK
22946414,1481712602,100213H,OK
22946075,1481711273,100213C,OK
22945585,1481709353,100213I,OK
22945404,1481708486,100213D,OK
22928767,1481640049,100215K,OK
22913089,1481572761,100215F,OK
22912300,1481570980,100215H,OK
22907420,1481557199,100215E,WRONG_ANSWER
22907409,1481557156,100215E,COMPILATION_ERROR
22907234,1481556622,100215E,WRONG_ANSWER
22907134,1481556313,100215E,WRONG_ANSWER
22906602,1481554506,100215F,TIME_LIMIT_EXCEEDED
22906540,1481554302,100215F,TIME_LIMIT_EXCEEDED
22903553,1481545420,100215C,OK
22903020,1481543868,100215B,OK
22902995,1481543765,100215B,WRONG_ANSWER
22902710,1481543013,100215I,OK
22902707,1481543001,100215I,COMPILATION_ERROR
22902431,1481541961,100215A,OK
22902423,1481541922,100215A,RUNTIME_ERROR
22902339,1481541570,100215G,OK
22902036,1481540449,100215A,WRONG_ANSWER
22901953,1481540128,100215A,WRONG_ANSWER
22901943,1481540093,100215A,WRONG_ANSWER
22838480,1481300401,100642H,OK
22837478,1481297622,100642G,OK
22837129,1481296591,100642C,OK
22836733,1481295485,100642E,OK
22835909,1481293535,100642C,TIME_LIMIT_EXCEEDED
22835786,1481293238,100642F,OK
22835662,1481292920,100642F,WRONG_ANSWER
22835205,1481291685,100642A,OK
22835014,1481291202,100642D,OK
22834733,1481290508,100642A,WRONG_ANSWER
22834482,1481289833,100642B,OK
22834396,1481289635,100642B,WRONG_ANSWER
22610616,1480453916,101170K,WRONG_ANSWER
22610593,1480453813,101170K,TIME_LIMIT_EXCEEDED
22610562,1480453686,101170K,TIME_LIMIT_EXCEEDED
22610555,1480453627,101170K,TIME_LIMIT_EXCEEDED
22610538,1480453568,101170K,TIME_LIMIT_EXCEEDED
22610504,1480453443,101170K,TIME_LIMIT_EXCEEDED
22610500,1480453433,101170K,TIME_LIMIT_EXCEEDED
22610487,1480453388,101170K,TIME_LIMIT_EXCEEDED
22610402,1480453096,101170K,WRONG_ANSWER
22610345,1480452857,101170K,WRONG_ANSWER
22608669,1480445809,101170K,WRONG_ANSWER
22608636,1480445705,101170K,WRONG_ANSWER
22608592,1480445556,101170K,TIME_LIMIT_EXCEEDED
22608583,1480445520,101170K,TIME_LIMIT_EXCEEDED
22608532,1480445355,101170K,TIME_LIMIT_EXCEEDED
22608527,1480445333,101170K,TIME_LIMIT_EXCEEDED
22608467,1480445079,101170K,TIME_LIMIT_EXCEEDED
22608392,1480444807,101170K,TIME_LIMIT_EXCEEDED
22608316,1480444491,101170K,WRONG_ANSWER
22608309,1480444466,101170K,WRONG_ANSWER
22608164,1480443946,101170K,WRONG_ANSWER
22608066,1480443599,101170K,WRONG_ANSWER
22608047,1480443523,101170K,WRONG_ANSWER
22608028,1480443458,101170K,WRONG_ANSWER
22608017,1480443431,101170K,WRONG_ANSWER
22607772,1480442571,101170K,WRONG_ANSWER
22607735,1480442452,101170K,WRONG_ANSWER
22607634,1480442155,101170K,WRONG_ANSWER
22607615,1480442111,101170K,WRONG_ANSWER
22607512,1480441699,101170K,TIME_LIMIT_EXCEEDED
22607490,1480441635,101170K,TIME_LIMIT_EXCEEDED
22607467,1480441573,101170K,TIME_LIMIT_EXCEEDED
22607400,1480441335,101170K,TIME_LIMIT_EXCEEDED
22607341,1480441180,101170K,WRONG_ANSWER
22607331,1480441130,101170K,TIME_LIMIT_EXCEEDED
22607309,1480441047,101170K,TIME_LIMIT_EXCEEDED
22607279,1480440950,101170K,TIME_LIMIT_EXCEEDED
22607025,1480440099,101170K,WRONG_ANSWER
22607008,1480440047,101170K,WRONG_ANSWER
22606172,1480437529,101170K,WRONG_ANSWER
22606132,1480437434,101170K,WRONG_ANSWER
22606117,1480437403,101170K,WRONG_ANSWER
22603073,1480436223,101170K,WRONG_ANSWER
22603057,1480436172,101170K,WRONG_ANSWER
22603036,1480436125,101170K,WRONG_ANSWER
22603013,1480436052,101170K,WRONG_ANSWER
22602996,1480436003,101170K,WRONG_ANSWER
22602969,1480435917,101170K,WRONG_ANSWER
22602934,1480435803,101170K,WRONG_ANSWER
22602857,1480435560,101170K,WRONG_ANSWER
22602798,1480435394,101170K,WRONG_ANSWER
22602751,1480435193,101170K,WRONG_ANSWER
22602745,1480435165,101170K,WRONG_ANSWER
22602705,1480435058,101170K,WRONG_ANSWER
22602520,1480434536,101170K,WRONG_ANSWER
22602489,1480434437,101170K,WRONG_ANSWER
22602433,1480434298,101170K,WRONG_ANSWER
22602409,1480434236,101170K,WRONG_ANSWER
22602386,1480434190,101170K,WRONG_ANSWER
22602350,1480434090,101170K,WRONG_ANSWER
22602192,1480433650,101170K,COMPILATION_ERROR
22602101,1480433432,101170K,TIME_LIMIT_EXCEEDED
22601676,1480432328,101170K,WRONG_ANSWER
22601657,1480432292,101170K,RUNTIME_ERROR
22601642,1480432263,101170K,RUNTIME_ERROR
22601631,1480432232,101170K,RUNTIME_ERROR
22601625,1480432208,101170K,WRONG_ANSWER
22601543,1480431959,101170K,WRONG_ANSWER
22601504,1480431891,101170K,RUNTIME_ERROR
22601469,1480431825,101170K,WRONG_ANSWER
22601449,1480431766,101170K,WRONG_ANSWER
22601429,1480431723,101170K,WRONG_ANSWER
22601391,1480431611,101170K,WRONG_ANSWER
22601378,1480431569,101170K,WRONG_ANSWER
22601335,1480431449,101170K,RUNTIME_ERROR
22601319,1480431396,101170K,COMPILATION_ERROR
22601293,1480431313,101170K,TIME_LIMIT_EXCEEDED
22601287,1480431297,101170K,TIME_LIMIT_EXCEEDED
22601275,1480431264,101170K,RUNTIME_ERROR
22601258,1480431212,101170K,RUNTIME_ERROR
22601242,1480431150,101170K,RUNTIME_ERROR
22601208,1480431065,101170K,TIME_LIMIT_EXCEEDED
22601177,1480430969,101170K,TIME_LIMIT_EXCEEDED
22601156,1480430897,101170K,TIME_LIMIT_EXCEEDED
22601129,1480430816,101170K,TIME_LIMIT_EXCEEDED
22601121,1480430795,101170K,TIME_LIMIT_EXCEEDED
22598013,1480421678,101170B,OK
22597866,1480421291,101170B,WRONG_ANSWER
22597728,1480420830,101170B,RUNTIME_ERROR
22597706,1480420741,101170B,RUNTIME_ERROR
22597653,1480420562,101170B,TIME_LIMIT_EXCEEDED
22597527,1480420134,101170B,RUNTIME_ERROR
22597428,1480419747,101170B,RUNTIME_ERROR
22596847,1480417794,101170J,OK
22596160,1480415375,101170A,OK
22595832,1480414167,101170A,RUNTIME_ERROR
22595445,1480412784,101170F,OK
22595340,1480412387,101170F,WRONG_ANSWER
22595195,1480411969,101170I,OK
22594949,1480411130,101170C,OK
22594819,1480410604,101170F,WRONG_ANSWER
22594746,1480410336,101170E,OK
22594644,1480409878,101170H,OK
22594528,1480409489,101170F,WRONG_ANSWER
22558755,1480276046,736B,OK
22547898,1480268842,736B,WRONG_ANSWER
22539757,1480266586,736B,CHALLENGED
22539099,1480266434,736B,WRONG_ANSWER
22531489,1480264950,736A,OK
22515323,1480185846,101161G,OK
22513361,1480178102,101161G,TIME_LIMIT_EXCEEDED
22513003,1480176781,101161E,OK
22512962,1480176668,101161E,TIME_LIMIT_EXCEEDED
22512391,1480174749,101161E,TIME_LIMIT_EXCEEDED
22511830,1480171912,101161H,OK
22511767,1480171518,101161E,TIME_LIMIT_EXCEEDED
22511525,1480170220,101161H,WRONG_ANSWER
22510208,1480166206,101161B,OK
22509880,1480165440,101161B,WRONG_ANSWER
22508600,1480162517,101161L,WRONG_ANSWER
22508529,1480162343,101161I,OK
22508344,1480161881,101161I,WRONG_ANSWER
22507915,1480160822,101161L,OK
22507828,1480160606,101161L,TIME_LIMIT_EXCEEDED
22476602,1480010684,100286A,WRONG_ANSWER
22476543,1480010468,100286A,WRONG_ANSWER
22476448,1480010231,100286A,WRONG_ANSWER
22476374,1480009993,100286A,WRONG_ANSWER
22476347,1480009929,100286A,WRONG_ANSWER
22476311,1480009846,100286A,COMPILATION_ERROR
22476067,1480009125,100286A,WRONG_ANSWER
22475799,1480008372,100286D,TIME_LIMIT_EXCEEDED
22475713,1480008102,100286F,OK
22475691,1480008064,100286F,OK
22475641,1480007921,100286F,COMPILATION_ERROR
22471985,1480006248,100286F,WRONG_ANSWER
22471878,1480005919,100286D,TIME_LIMIT_EXCEEDED
22471656,1480005183,100286D,MEMORY_LIMIT_EXCEEDED
22471619,1480005085,100286F,WRONG_ANSWER
22471485,1480004716,100286D,WRONG_ANSWER
22469183,1479998151,100286J,OK
22468908,1479997411,100286J,WRONG_ANSWER
22468848,1479997263,100286H,OK
22468206,1479995573,100286I,OK
22468041,1479995115,100286B,OK
22467961,1479994902,100286B,TIME_LIMIT_EXCEEDED
22467619,1479993987,100286G,OK
22455002,1479936092,739C,OK
22454980,1479935986,739C,WRONG_ANSWER
22454697,1479934825,739C,WRONG_ANSWER
22450355,1479928565,739C,WRONG_ANSWER
22449844,1479928115,739C,WRONG_ANSWER
22448933,1479925987,739C,WRONG_ANSWER
22448326,1479925739,739C,WRONG_ANSWER
22448065,1479925623,739C,WRONG_ANSWER
22445855,1479924496,739C,WRONG_ANSWER
22443527,1479923328,739C,WRONG_ANSWER
22428508,1479919294,739A,OK
22275424,1479321382,100549B,WRONG_ANSWER
22275279,1479320834,100549B,WRONG_ANSWER
22275102,1479320287,100549B,WRONG_ANSWER
22275080,1479320217,100549B,COMPILATION_ERROR
22274853,1479319441,100549B,WRONG_ANSWER
22274439,1479318157,100549B,WRONG_ANSWER
22272018,1479311985,100549C,OK
22271827,1479311500,100549D,OK
22270415,1479307619,100549E,OK
22270181,1479307083,100549E,WRONG_ANSWER
22270152,1479306999,100549E,WRONG_ANSWER
22269776,1479306123,100549J,OK
22269519,1479305572,100549F,OK
22269320,1479305075,100549I,OK
22268775,1479303877,100549A,OK
22268706,1479303744,100549A,WRONG_ANSWER
22268607,1479303500,100549G,OK
22181520,1478967888,101142B,WRONG_ANSWER
22181512,1478967854,101142B,WRONG_ANSWER
22181498,1478967813,101142B,WRONG_ANSWER
22181279,1478967008,101142B,WRONG_ANSWER
22181087,1478966321,101142D,OK
22180868,1478965434,101142D,WRONG_ANSWER
22180042,1478962245,101142G,OK
22179296,1478959594,101142J,OK
22178783,1478957759,101142I,OK
22177961,1478954405,101142C,OK
22177579,1478953025,101142C,WRONG_ANSWER
22177337,1478952233,101142C,WRONG_ANSWER
22177233,1478951827,101142K,OK
22177021,1478951074,101142F,OK
22176997,1478950998,101142F,WRONG_ANSWER
22176924,1478950732,101142A,OK
22136728,1478714964,101156D,TIME_LIMIT_EXCEEDED
22136247,1478713271,101156M,OK
22136125,1478712859,101156G,OK
22136005,1478712473,101156M,WRONG_ANSWER
22135404,1478710700,101156N,OK
22134876,1478709059,101156K,OK
22133863,1478706191,101156I,OK
22133631,1478705579,101156C,OK
22133578,1478705411,101156C,WRONG_ANSWER
22132561,1478702706,101156B,OK
22131336,1478699652,101156E,OK
22131176,1478699284,101156E,WRONG_ANSWER
22131062,1478699000,101156E,WRONG_ANSWER
22130718,1478698109,101156L,OK
22001212,1478117102,101150H,WRONG_ANSWER
21999055,1478110031,101150H,RUNTIME_ERROR
21999054,1478110031,101150H,RUNTIME_ERROR
21999041,1478110001,101150H,WRONG_ANSWER
21999025,1478109969,101150H,RUNTIME_ERROR
21998582,1478108671,101150D,OK
21998305,1478107892,101150D,TIME_LIMIT_EXCEEDED
21997683,1478106234,101150H,TIME_LIMIT_EXCEEDED
21997547,1478105819,101150G,OK
21996832,1478103775,101150K2,OK
21996448,1478102804,101150E,OK
21995623,1478100754,101150C,OK
21995055,1478099365,101150F,OK
21994594,1478098356,101150L2,OK
21994589,1478098341,101150B,OK
21994515,1478098157,101150L1,OK
21994489,1478098090,101150L1,COMPILATION_ERROR
21994108,1478097164,101150L1,TIME_LIMIT_EXCEEDED
21993506,1478095953,101150K1,OK
21993411,1478095765,101150J,OK
21992254,1478093355,101150A,OK
21876037,1477757753,100431C,WRONG_ANSWER
21874755,1477753710,100431H,OK
21874672,1477753479,100431H,WRONG_ANSWER
21874338,1477752422,100431G,OK
21874271,1477752266,100431G,COMPILATION_ERROR
21873985,1477751384,100431A,OK
21873839,1477750921,100431G,WRONG_ANSWER
21873745,1477750624,100431A,WRONG_ANSWER
21873371,1477749491,100431A,WRONG_ANSWER
21873202,1477749021,100431A,WRONG_ANSWER
21873103,1477748725,100431A,WRONG_ANSWER
21872774,1477747839,100431B,OK
21872241,1477746303,100431D,OK
21872183,1477746129,100431D,COMPILATION_ERROR
21872159,1477746070,100431D,WRONG_ANSWER
21872006,1477745636,100431D,WRONG_ANSWER
21871534,1477744228,100431F,OK
21871297,1477743490,100431E,OK
21870944,1477742677,100431B,WRONG_ANSWER
21803581,1477505318,101138D,WRONG_ANSWER
21803517,1477505239,101138K,OK
21803426,1477505113,101138K,WRONG_ANSWER
21803133,1477504561,101138K,WRONG_ANSWER
21803042,1477504396,101138D,WRONG_ANSWER
21802537,1477503301,101138I,OK
21802458,1477503160,101138I,COMPILATION_ERROR
21802424,1477503082,101138D,WRONG_ANSWER
21802228,1477502585,101138D,COMPILATION_ERROR
21800229,1477498712,101138I,WRONG_ANSWER
21799410,1477497136,101138A,OK
21798775,1477495831,101138I,WRONG_ANSWER
21798003,1477494162,101138I,WRONG_ANSWER
21797028,1477492055,101138C,OK
21796816,1477491625,101138C,WRONG_ANSWER
21795246,1477488685,101138E,OK
21794874,1477487940,101138B,OK
21794863,1477487928,101138B,COMPILATION_ERROR
21690790,1477161468,725E,OK
21687698,1477157106,725E,WRONG_ANSWER
21679579,1477152414,725D,OK
21678088,1477151634,725C,OK
21676504,1477150895,725C,WRONG_ANSWER
21672798,1477149484,725B,OK
21670576,1477148944,725A,OK
21389814,1476297558,101124A,OK
21389252,1476295799,101124A,WRONG_ANSWER
21389243,1476295790,101124A,WRONG_ANSWER
21387675,1476291747,101124B,TIME_LIMIT_EXCEEDED
21386991,1476290186,101124D,OK
21386743,1476289494,101124D,WRONG_ANSWER
21386364,1476288560,101124D,WRONG_ANSWER
21385507,1476286126,101124I,OK
21385494,1476286085,101124I,RUNTIME_ERROR
21384593,1476283671,101124L,OK
21383871,1476281852,101124M,OK
21383613,1476281247,101124H,OK
21383574,1476281155,101124H,TIME_LIMIT_EXCEEDED
21383203,1476280239,101124K,OK
21382518,1476278673,101124C,OK
21297335,1475939441,724D,OK
21296859,1475939109,724D,SKIPPED
21289528,1475933764,724C,OK
21289399,1475933683,724C,RUNTIME_ERROR
21281977,1475929751,724B,OK
21279947,1475929191,724A,OK
21267241,1475875200,101116F,WRONG_ANSWER
21267235,1475875153,101116F,WRONG_ANSWER
21267149,1475874660,101116F,WRONG_ANSWER
21265705,1475868917,101116F,WRONG_ANSWER
21263255,1475860735,101116C,OK
21263219,1475860622,101116C,WRONG_ANSWER
21261704,1475855320,101116H,OK
21261611,1475854973,101116G,OK
21261069,1475853347,101116F,WRONG_ANSWER
21261052,1475853300,101116F,WRONG_ANSWER
21260779,1475852556,101116K,OK
21260611,1475852030,101116F,WRONG_ANSWER
21260475,1475851657,101116J,OK
21259949,1475850048,101116K,WRONG_ANSWER
21259848,1475849748,101116F,WRONG_ANSWER
21259324,1475848326,101116A,OK
21259152,1475847787,101116E,OK
21258932,1475847156,101116B,OK
21258717,1475846597,101116I,OK
21258703,1475846565,101116I,COMPILATION_ERROR
21092515,1475340007,722F,WRONG_ANSWER
21083917,1475334141,722D,OK
21082911,1475333779,722A,OK
21078461,1475332441,722C,OK
21074551,1475331652,722B,OK
21072178,1475331260,722A,CHALLENGED
20978239,1475092794,101104G,OK
20978220,1475092740,101104G,COMPILATION_ERROR
20974760,1475082457,101104B,OK
20973649,1475080297,101104J,OK
20973315,1475079634,101104J,TIME_LIMIT_EXCEEDED
20972484,1475078065,101104L,OK
20971706,1475076621,101104F,OK
20970821,1475074664,101104K,OK
20970381,1475073786,101104E,OK
20970015,1475073063,101104F,WRONG_ANSWER
20968843,1475070745,101104I,OK
20968730,1475070523,101104D,OK
20909716,1474813141,100043F,OK
20909548,1474812612,100043F,WRONG_ANSWER
20909391,1474812072,100043F,RUNTIME_ERROR
20909327,1474811880,100043F,RUNTIME_ERROR
20909306,1474811832,100043F,WRONG_ANSWER
20909024,1474810869,100043F,WRONG_ANSWER
20908833,1474810219,100043F,WRONG_ANSWER
20908652,1474809581,100043F,RUNTIME_ERROR
20907072,1474804292,100043I,OK
20906538,1474802495,100043I,TIME_LIMIT_EXCEEDED
20905947,1474800472,100043I,TIME_LIMIT_EXCEEDED
20905778,1474799751,100043I,TIME_LIMIT_EXCEEDED
20904277,1474794544,100043H,OK
20897573,1474752304,100043G,OK
20897297,1474750491,100043A,OK
20895872,1474744524,100043C,OK
20894280,1474738749,100043C,WRONG_ANSWER
20894252,1474738670,100043C,WRONG_ANSWER
20894212,1474738568,100043C,WRONG_ANSWER
20894148,1474738392,100043C,WRONG_ANSWER
20894061,1474738162,100043C,WRONG_ANSWER
20894042,1474738090,100043C,WRONG_ANSWER
20892424,1474733334,100043C,WRONG_ANSWER
20892371,1474733139,100043C,WRONG_ANSWER
20892273,1474732808,100043C,WRONG_ANSWER
20892247,1474732739,100043C,TIME_LIMIT_EXCEEDED
20891856,1474731563,100043G,WRONG_ANSWER
20891112,1474729560,100043C,WRONG_ANSWER
20890411,1474727674,100043B,OK
20889878,1474726195,100043E,OK
20889626,1474725498,100043D,OK
20889466,1474725041,100043C,WRONG_ANSWER
20889228,1474724232,100043J,OK
20889140,1474723997,100043C,RUNTIME_ERROR
20835034,1474627498,715C,OK
20834627,1474625454,715C,TIME_LIMIT_EXCEEDED
20826836,1474578866,101095P,OK
20826582,1474577493,101095P,WRONG_ANSWER
20802640,1474479417,101095S,OK
20802611,1474479357,101095S,WRONG_ANSWER
20802493,1474479116,101095S,WRONG_ANSWER
20801229,1474476222,101095N,OK
20799832,1474472689,101095C,OK
20799828,1474472679,101095B,TIME_LIMIT_EXCEEDED
20798922,1474470696,101095R,OK
20798145,1474468981,101095K,OK
20797368,1474467400,101095Z,OK
20797172,1474467050,101095B,OK
20796674,1474466195,101095Y,OK
20795410,1474464091,101095X,OK
20678546,1474106633,101090B,OK
20678513,1474106534,101090B,COMPILATION_ERROR
20678441,1474106313,101090B,WRONG_ANSWER
20669347,1474062213,101090E,OK
20668566,1474058149,101090E,WRONG_ANSWER
20668039,1474055757,101090E,WRONG_ANSWER
20641320,1473947597,101090B,OK
20641212,1473947356,101090B,OK
20640994,1473946821,101090B,OK
20640928,1473946635,101090B,WRONG_ANSWER
20640033,1473944071,101090B,OK
20638913,1473940804,101090B,TIME_LIMIT_EXCEEDED
20637623,1473935792,101090B,TIME_LIMIT_EXCEEDED
20627689,1473888471,101090B,TIME_LIMIT_EXCEEDED
20627032,1473884569,101090B,OK
20627028,1473884554,101090B,TIME_LIMIT_EXCEEDED
20624270,1473874624,101090B,TIME_LIMIT_EXCEEDED
20623845,1473873734,101090A,OK
20622992,1473871980,101090I,OK
20622983,1473871964,101090J,WRONG_ANSWER
20617622,1473862316,101090I,WRONG_ANSWER
20616566,1473860964,101090K,OK
20616374,1473860709,101090L,OK
20616063,1473860332,101090H,OK
20615672,1473859857,101090G,OK
20615202,1473859236,101090J,OK
20593669,1473790503,713C,OK
20589131,1473788633,713B,OK
20588964,1473788576,713B,WRONG_ANSWER
20574943,1473785276,713A,OK
20532246,1473599682,717H,OK
20528949,1473592078,717G,OK
20526992,1473588396,717E,OK
20526843,1473588174,717E,WRONG_ANSWER
20524965,1473585546,717D,OK
20524435,1473585028,717C,OK
20459862,1473343615,101078E,OK
20459591,1473342616,101078E,WRONG_ANSWER
20459582,1473342585,101078E,WRONG_ANSWER
20459563,1473342546,101078E,WRONG_ANSWER
20459554,1473342522,101078E,WRONG_ANSWER
20459547,1473342493,101078E,WRONG_ANSWER
20442996,1473269857,101078E,TIME_LIMIT_EXCEEDED
20442771,1473269210,101078B,WRONG_ANSWER
20442653,1473268826,101078E,WRONG_ANSWER
20442628,1473268742,101078E,WRONG_ANSWER
20442299,1473267863,101078E,WRONG_ANSWER
20442223,1473267677,101078E,WRONG_ANSWER
20442213,1473267657,101078E,TIME_LIMIT_EXCEEDED
20442067,1473267246,101078E,WRONG_ANSWER
20441642,1473265994,101078G,OK
20441486,1473265572,101078J,OK
20441471,1473265538,101078J,TIME_LIMIT_EXCEEDED
20441286,1473264968,101078G,WRONG_ANSWER
20440608,1473263080,101078G,WRONG_ANSWER
20440442,1473262698,101078G,WRONG_ANSWER
20439783,1473260981,101078B,WRONG_ANSWER
20439431,1473260143,101078F,OK
20439423,1473260125,101078C,OK
20438988,1473259191,101078F,WRONG_ANSWER
20438347,1473257759,101078I,OK
20437568,1473256301,101078L,OK
20437346,1473255848,101078D,OK
20437068,1473255295,101078D,WRONG_ANSWER
20436820,1473254828,101078A,OK
19695323,1470580204,704A,OK
19340385,1469209109,700B,OK
19333868,1469206850,700A,OK
19133199,1468524285,696D,OK
19133091,1468524217,696D,COMPILATION_ERROR
19132643,1468522168,696D,WRONG_ANSWER
19132499,1468522126,696D,WRONG_ANSWER
19125336,1468518357,696C,OK
19119490,1468516109,696B,OK
19114382,1468514791,696A,OK
19007037,1468149778,105E,OK
19006839,1468149357,105E,WRONG_ANSWER
19006829,1468149344,105E,RUNTIME_ERROR
19001044,1468140521,82E,OK
18991383,1468095918,82E,WRONG_ANSWER
18991236,1468094681,82E,WRONG_ANSWER
18962087,1467956608,97C,WRONG_ANSWER
18962080,1467956557,97C,WRONG_ANSWER
18962056,1467956450,97C,WRONG_ANSWER
18956855,1467917804,97B,OK
18906470,1467746399,70D,OK
18906453,1467746311,70D,WRONG_ANSWER
18906360,1467745900,70D,WRONG_ANSWER
18906352,1467745862,70D,WRONG_ANSWER
18906335,1467745760,70D,WRONG_ANSWER
18906327,1467745727,70D,WRONG_ANSWER
18906279,1467745482,70D,TIME_LIMIT_EXCEEDED
18906247,1467745377,70D,COMPILATION_ERROR
18906195,1467745102,70D,WRONG_ANSWER
18906179,1467745023,70D,WRONG_ANSWER
18906173,1467744981,70D,TIME_LIMIT_EXCEEDED
18906164,1467744942,70D,WRONG_ANSWER
18892921,1467693723,76C,OK
18892917,1467693702,77C,COMPILATION_ERROR
18892909,1467693648,76C,TIME_LIMIT_EXCEEDED
18889941,1467669744,76C,WRONG_ANSWER
18889830,1467669112,76C,WRONG_ANSWER
17786703,1462635686,643B,OK
17783811,1462634625,643A,OK
17782056,1462634095,643A,TIME_LIMIT_EXCEEDED
17507299,1461581838,641D,OK
17507295,1461581816,641D,OK
17504399,1461568676,641E,OK
17504393,1461568650,641E,COMPILATION_ERROR
17504355,1461568453,641D,OK
17499673,1461535663,641D,WRONG_ANSWER
17499661,1461535618,641D,WRONG_ANSWER
17499657,1461535605,641D,WRONG_ANSWER
17499615,1461535425,641D,WRONG_ANSWER
17499598,1461535288,641D,WRONG_ANSWER
17499585,1461535165,641D,WRONG_ANSWER
17499555,1461534936,641E,OK
17499482,1461534569,641D,WRONG_ANSWER
17499469,1461534511,641D,WRONG_ANSWER
17499450,1461534407,641D,WRONG_ANSWER
17497457,1461522697,641D,WRONG_ANSWER
17496865,1461522458,641D,WRONG_ANSWER
17496085,1461522107,641D,SKIPPED
17495841,1461521973,641D,WRONG_ANSWER
17495556,1461521817,641D,WRONG_ANSWER
17495213,1461521603,641D,TIME_LIMIT_EXCEEDED
17490702,1461519104,641E,OK
17486869,1461517322,641C,OK
17485259,1461516738,641B,OK
17482072,1461515953,641A,OK
17256006,1460225616,100338D,OK
17255998,1460225574,100338D,WRONG_ANSWER
17255390,1460222165,100338B,OK
17255368,1460222055,100338B,WRONG_ANSWER
17255301,1460221701,100338B,WRONG_ANSWER
17255278,1460221581,100338B,WRONG_ANSWER
17254977,1460219998,100338F,OK
17254846,1460219225,100338F,TIME_LIMIT_EXCEEDED
17254772,1460218879,100338F,WRONG_ANSWER
17254454,1460216996,100338C,OK
17254427,1460216854,100338C,WRONG_ANSWER
17254380,1460216621,100338C,WRONG_ANSWER
17254169,1460215499,100338H,OK
17253999,1460214589,100338I,OK
17253941,1460214321,100338I,WRONG_ANSWER
17253653,1460212750,100338E,OK
17253639,1460212625,100338E,WRONG_ANSWER
17253348,1460211172,100338B,RUNTIME_ERROR
17253305,1460210855,100338B,TIME_LIMIT_EXCEEDED
17253201,1460210346,100338B,TIME_LIMIT_EXCEEDED
17015009,1459234322,639E,OK
17001695,1459187464,639D,OK
17001165,1459187212,639D,WRONG_ANSWER
17000289,1459186825,639C,OK
16998087,1459185881,639B,OK
16992386,1459183788,639B,CHALLENGED
16990969,1459183384,639A,OK
16989299,1459178007,100052L,OK
16988873,1459176366,100052K,OK
16988616,1459175320,100052K,WRONG_ANSWER
16987910,1459172530,100052D,OK
16987825,1459172202,100052E,OK
16987167,1459169657,100052G,OK
16986939,1459168777,100052A,OK
16986847,1459168434,100052F,OK
16986472,1459167046,100052B,OK
16986260,1459166274,100052I,OK
16985933,1459165015,100052H,OK
16985808,1459164488,100052J,OK
16937943,1458932429,100876B,WRONG_ANSWER
16937781,1458932072,100876B,WRONG_ANSWER
16937742,1458931994,100876B,WRONG_ANSWER
16936551,1458929530,100876F,OK
16935237,1458926839,100876E,OK
16934616,1458925704,100876E,WRONG_ANSWER
16934543,1458925531,100876E,WRONG_ANSWER
16934405,1458925287,100876E,WRONG_ANSWER
16934317,1458925121,100876E,TIME_LIMIT_EXCEEDED
16932164,1458921166,100876G,OK
16931545,1458918762,100876C,OK
16931446,1458918392,100876C,WRONG_ANSWER
16930453,1458917204,100876C,WRONG_ANSWER
16929936,1458916716,100876C,WRONG_ANSWER
16851829,1458547717,396C,OK
16851810,1458547641,396C,WRONG_ANSWER
16851774,1458547441,396C,WRONG_ANSWER
16847425,1458511963,383C,OK
16847408,1458511877,383C,COMPILATION_ERROR
16847394,1458511794,383C,WRONG_ANSWER
16847300,1458511250,383C,WRONG_ANSWER
16847167,1458510576,383C,WRONG_ANSWER
16847156,1458510507,383C,WRONG_ANSWER
16845452,1458502714,587C,OK
16845108,1458501208,587C,WRONG_ANSWER
16844694,1458499421,587C,WRONG_ANSWER
16844337,1458497500,587C,WRONG_ANSWER
16844229,1458497034,587C,WRONG_ANSWER
16824687,1458409550,100941C,WRONG_ANSWER
16824663,1458409467,100941C,OK
16823606,1458405149,100941D,OK
16823451,1458404590,100941D,WRONG_ANSWER
16823410,1458404454,100941D,TIME_LIMIT_EXCEEDED
16823404,1458404435,100941D,COMPILATION_ERROR
16823364,1458404288,100941D,TIME_LIMIT_EXCEEDED
16823298,1458404023,100941D,RUNTIME_ERROR
16823289,1458403992,100941D,RUNTIME_ERROR
16822683,1458401689,100941E,OK
16822648,1458401614,100941E,WRONG_ANSWER
16822637,1458401569,100941E,RUNTIME_ERROR
16821778,1458399001,100941G,OK
16820157,1458394559,100941A,OK
16820010,1458394153,100941A,WRONG_ANSWER
16815854,1458385766,653D,OK
16814137,1458383051,653D,OK
16813743,1458382684,653D,SKIPPED
16811487,1458380402,653C,OK
16811225,1458380139,653C,WRONG_ANSWER
16807877,1458377411,653B,OK
16805745,1458376722,653A,OK
16794377,1458325153,645E,OK
16794295,1458325082,645E,COMPILATION_ERROR
16791115,1458322284,645D,OK
16789607,1458321248,645C,OK
16789357,1458321110,645C,WRONG_ANSWER
16788796,1458320771,645C,RUNTIME_ERROR
16787562,1458320140,645B,OK
16786364,1458319601,645A,OK
16745326,1458134151,644C,OK
16744910,1458133027,644B,OK
16744514,1458132005,644A,OK
16695690,1457879007,637C,OK
16695679,1457878971,637D,OK
16695664,1457878947,637A,OK
16695660,1457878940,637B,OK
16678624,1457805164,100927J,OK
16678582,1457805029,100927J,MEMORY_LIMIT_EXCEEDED
16676950,1457798243,100927E,WRONG_ANSWER
16676566,1457796531,100927K,OK
16676527,1457796376,100927K,WRONG_ANSWER
16675850,1457793760,100927G,OK
16675692,1457793210,100927E,WRONG_ANSWER
16675413,1457792290,100927E,WRONG_ANSWER
16675021,1457790987,100927A,OK
16580189,1457349614,650C,OK
16575329,1457346913,650B,OK
16574785,1457346651,650B,WRONG_ANSWER
16574619,1457346559,650B,WRONG_ANSWER
16571141,1457345110,650B,WRONG_ANSWER
16568894,1457344405,650B,WRONG_ANSWER
16563820,1457343166,650A,OK
16539126,1457201634,100920F,WRONG_ANSWER
16539050,1457201260,100920F,WRONG_ANSWER
16538169,1457197576,100920D,OK
16537520,1457194813,100920H,OK
16536740,1457191347,100920E,OK
16536488,1457190338,100920A,OK
16536468,1457190285,100920A,RUNTIME_ERROR
16518237,1457106227,100885C,OK
16518015,1457105426,100885B,OK
16517709,1457104459,100885B,WRONG_ANSWER
16517449,1457103677,100885A,OK
16227000,1455963940,628E,OK
16209829,1455899192,628D,OK
16209201,1455898570,628D,WRONG_ANSWER
16209166,1455898536,628D,WRONG_ANSWER
16207167,1455896814,628D,WRONG_ANSWER
16206704,1455896467,628D,WRONG_ANSWER
16204219,1455895013,628C,OK
16203538,1455894657,628B,OK
16203052,1455894273,628A,OK
16082565,1455727491,100825A,WRONG_ANSWER
16082545,1455727408,100825A,WRONG_ANSWER
16082537,1455727367,100825A,COMPILATION_ERROR
16081078,1455722162,100825C,OK
16081042,1455722040,100825C,OK
16080977,1455721828,100825C,WRONG_ANSWER
16080813,1455721235,100825C,RUNTIME_ERROR
16080794,1455721177,100825C,TIME_LIMIT_EXCEEDED
16079903,1455718012,100825F,OK
16075598,1455715551,100825G,OK
16071038,1455712617,100825E,OK
16070718,1455711675,100825I,OK
16070681,1455711555,100825I,WRONG_ANSWER
16070613,1455711341,100825I,WRONG_ANSWER
16070405,1455710561,100825D,OK
16008565,1455395469,626D,OK
16008238,1455394965,626D,WRONG_ANSWER
16008222,1455394938,626D,TIME_LIMIT_EXCEEDED
16008152,1455394869,626D,TIME_LIMIT_EXCEEDED
16007688,1455393829,626E,WRONG_ANSWER
16007631,1455393804,626E,WRONG_ANSWER
16007557,1455393775,626E,WRONG_ANSWER
16007433,1455393711,626E,TIME_LIMIT_EXCEEDED
16007322,1455393662,626E,WRONG_ANSWER
16007251,1455393628,626E,WRONG_ANSWER
16007196,1455393597,626E,WRONG_ANSWER
16006896,1455393434,626E,WRONG_ANSWER
16006341,1455393070,626E,WRONG_ANSWER
15998106,1455387881,626D,WRONG_ANSWER
15995510,1455386748,626C,OK
15993559,1455385981,626B,OK
15992925,1455385730,626B,TIME_LIMIT_EXCEEDED
15991491,1455385235,626A,OK
15667178,1454100660,618C,OK
15666889,1454100403,618D,OK
15664825,1454093734,618D,CHALLENGED
15662715,1454092556,618D,WRONG_ANSWER
15658783,1454090646,618C,WRONG_ANSWER
15658703,1454090606,618C,COMPILATION_ERROR
15658640,1454090579,618C,SKIPPED
15653214,1454088471,618B,OK
15651201,1454087951,618A,OK
15125941,1451498340,611E,OK
15124938,1451497729,611E,WRONG_ANSWER
15123333,1451496583,611D,OK
15122208,1451495829,611D,TIME_LIMIT_EXCEEDED
15110545,1451489851,611C,OK
15106476,1451488904,611B,OK
15105547,1451488755,611B,WRONG_ANSWER
15102038,1451488268,611A,OK
14556366,1448793104,100430J,OK
14544222,1448729065,100430G,OK
14544168,1448728817,100430G,WRONG_ANSWER
14544145,1448728705,100430G,RUNTIME_ERROR
14544132,1448728643,100430G,RUNTIME_ERROR
14544012,1448728053,100430J,WRONG_ANSWER
14543678,1448726328,100430G,WRONG_ANSWER
14543498,1448725344,100430G,WRONG_ANSWER
14543423,1448725005,100430G,RUNTIME_ERROR
14543258,1448724194,100430A,OK
14543244,1448724149,100430A,WRONG_ANSWER
14542712,1448722011,100430A,WRONG_ANSWER
14542542,1448721299,100430A,WRONG_ANSWER
14541946,1448718828,100430F,OK
14493941,1448547218,100809F,OK
14492581,1448540909,100809B,OK
14492303,1448539562,100809H,OK
14492294,1448539524,100809H,RUNTIME_ERROR
14491970,1448537951,100809C,OK
14491867,1448537308,100809A,OK
14491716,1448536612,100809A,WRONG_ANSWER
14491313,1448534537,100809D,OK
14491056,1448533157,100809E,OK
14128697,1446919782,100789D,TIME_LIMIT_EXCEEDED
14128694,1446919772,100789D,WRONG_ANSWER
14128692,1446919762,100789D,WRONG_ANSWER
14128685,1446919743,100789D,WRONG_ANSWER
14128678,1446919702,100789D,WRONG_ANSWER
14128662,1446919660,100789D,WRONG_ANSWER
14128657,1446919637,100789D,WRONG_ANSWER
14128635,1446919553,100789D,WRONG_ANSWER
14128618,1446919483,100789D,WRONG_ANSWER
14128519,1446919060,100789D,WRONG_ANSWER
14128479,1446918907,100789D,WRONG_ANSWER
14128462,1446918825,100789D,WRONG_ANSWER
14128436,1446918725,100789D,WRONG_ANSWER
14128414,1446918606,100789D,WRONG_ANSWER
14128377,1446918461,100789D,WRONG_ANSWER
14128370,1446918426,100789D,WRONG_ANSWER
14128287,1446918117,100789D,WRONG_ANSWER
14128111,1446917344,100789H,OK
14127155,1446912599,100789C,OK
14126729,1446910690,100789B,OK
14126213,1446908624,100789E,OK
14125514,1446905737,100789E,WRONG_ANSWER
14125373,1446905098,100789E,WRONG_ANSWER
14125148,1446904348,100789J,OK
14125002,1446903815,100789J,WRONG_ANSWER
14124941,1446903520,100789I,OK
14124848,1446903140,100789F,OK
14124783,1446902869,100789A,OK
14124735,1446902691,100789G,OK
13974009,1446309016,100799E,OK
13973879,1446308402,100799E,RUNTIME_ERROR
13973580,1446306893,100799B,OK
13973442,1446306352,100799A,OK
13973426,1446306252,100799A,WRONG_ANSWER
13973421,1446306226,100799A,COMPILATION_ERROR
13973034,1446304287,100799K,OK
13972950,1446303845,100799B,WRONG_ANSWER
13972889,1446303628,100799K,WRONG_ANSWER
13972698,1446302889,100799B,WRONG_ANSWER
13972386,1446301639,100799C,OK
13972273,1446301290,100799H,OK
13972000,1446300247,100799I,OK
13971983,1446300195,100799I,COMPILATION_ERROR
13971620,1446298953,100799J,OK
13971544,1446298678,100799D,OK
13971281,1446297659,100799F,OK
13971199,1446297324,100799I,OK
13971157,1446297140,100799G,OK
13849237,1445769441,590C,WRONG_ANSWER
13843655,1445766505,590B,OK
13841579,1445765539,590A,OK
13708642,1445154697,587C,MEMORY_LIMIT_EXCEEDED
13708613,1445154596,587C,COMPILATION_ERROR
13708593,1445154480,587C,MEMORY_LIMIT_EXCEEDED
13708574,1445154364,587C,MEMORY_LIMIT_EXCEEDED
13708559,1445154302,587C,RUNTIME_ERROR
13650343,1444937178,587C,MEMORY_LIMIT_EXCEEDED
13645495,1444932901,587B,OK
13643113,1444931748,587B,WRONG_ANSWER
13640023,1444930476,587B,WRONG_ANSWER
13633053,1444928186,587A,OK
13627281,1444926900,587A,CHALLENGED
13496470,1444319082,100151F,OK
13496312,1444318519,100151F,TIME_LIMIT_EXCEEDED
13496135,1444317877,100151E,OK
13496108,1444317791,100151E,WRONG_ANSWER
13496097,1444317758,100151F,WRONG_ANSWER
13496046,1444317545,100151E,WRONG_ANSWER
13495339,1444314656,100151E,WRONG_ANSWER
13495174,1444313991,100151F,WRONG_ANSWER
13495114,1444313770,100151E,WRONG_ANSWER
13495059,1444313600,100151E,WRONG_ANSWER
13494289,1444310988,100151F,WRONG_ANSWER
13493340,1444307763,100151B,OK
13493078,1444306927,100151C,OK
13493027,1444306750,100151K,OK
13492932,1444306400,100151A,OK
13492920,1444306344,100151A,RUNTIME_ERROR
13492904,1444306298,100151A,TIME_LIMIT_EXCEEDED
13481456,1444238634,100623A,OK
13480952,1444237257,100623A,WRONG_ANSWER
13480794,1444236918,100623A,WRONG_ANSWER
13479745,1444234021,100623F,OK
13479712,1444233926,100623F,WRONG_ANSWER
13479252,1444232460,100623J,OK
13478850,1444231281,100623J,WRONG_ANSWER
13477796,1444228262,100623I,OK
13477430,1444227144,100623B,OK
13477366,1444226955,100623B,RUNTIME_ERROR
13477124,1444226151,100623E,OK
13476878,1444225453,100623K,OK
13476866,1444225428,100623K,WRONG_ANSWER
13476443,1444224416,100623D,OK
13476058,1444224017,100623C,OK
13474592,1444223525,100623H,OK
13319754,1443633644,100622F,OK
13319639,1443633302,100622F,WRONG_ANSWER
13319525,1443632974,100622F,WRONG_ANSWER
13319516,1443632939,100622F,WRONG_ANSWER
13318374,1443629642,100622K,OK
13317473,1443627145,100622I,OK
13317377,1443626792,100622I,WRONG_ANSWER
13316304,1443623354,100622C,OK
13315668,1443620914,100622A,OK
13315480,1443620232,100622J,OK
13315423,1443619952,100622D,OK
13315397,1443619818,100622H,OK
13315214,1443619082,100622B,OK
13315204,1443619052,100622B,WRONG_ANSWER
13242929,1443307677,100765H,OK
13242808,1443306424,100765H,RUNTIME_ERROR
13242712,1443305197,100765H,RUNTIME_ERROR
13242705,1443305142,100765H,TIME_LIMIT_EXCEEDED
13242694,1443305082,100765H,TIME_LIMIT_EXCEEDED
13242692,1443305054,100765H,RUNTIME_ERROR
13242671,1443304876,100765H,RUNTIME_ERROR
13242668,1443304855,100765H,WRONG_ANSWER
13242656,1443304716,100765H,RUNTIME_ERROR
13242564,1443303989,100765H,RUNTIME_ERROR
13242444,1443302886,100765H,RUNTIME_ERROR
13242424,1443302781,100765H,RUNTIME_ERROR
13242357,1443302340,100765H,RUNTIME_ERROR
13242331,1443302153,100765H,TIME_LIMIT_EXCEEDED
13242274,1443301815,100765H,TIME_LIMIT_EXCEEDED
13241984,1443299866,100765H,WRONG_ANSWER
13241971,1443299808,100765H,WRONG_ANSWER
13241965,1443299783,100765H,WRONG_ANSWER
13239486,1443286313,100765F,OK
13239187,1443284980,100765C,OK
13239160,1443284810,100765C,WRONG_ANSWER
13239100,1443284515,100765J,OK
13239044,1443284237,100765C,WRONG_ANSWER
13238980,1443283889,100765C,WRONG_ANSWER
13238945,1443283740,100765C,WRONG_ANSWER
13238898,1443283566,100765J,WRONG_ANSWER
13238854,1443283377,100765C,WRONG_ANSWER
13238802,1443283116,100765C,WRONG_ANSWER
13238688,1443282599,100765C,WRONG_ANSWER
13238648,1443282373,100765J,WRONG_ANSWER
13237884,1443279111,100765E,OK
13237876,1443279083,100765E,RUNTIME_ERROR
13237595,1443277880,100765I,OK
13237308,1443276442,100765A,OK
13237228,1443276049,100765A,WRONG_ANSWER
13237132,1443275587,100765D,OK
13236932,1443274664,100765A,WRONG_ANSWER
13236739,1443273908,100765B,OK
13236623,1443273420,100765G,OK
13192496,1443027979,100761B,OK
13192493,1443027972,100761B,WRONG_ANSWER
13192465,1443027865,100761B,MEMORY_LIMIT_EXCEEDED
13191845,1443025786,100761G,OK
13191783,1443025621,100761G,COMPILATION_ERROR
13191719,1443025473,100761G,TIME_LIMIT_EXCEEDED
13191648,1443025313,100761G,RUNTIME_ERROR
13191413,1443024622,100761G,WRONG_ANSWER
13191390,1443024572,100761G,WRONG_ANSWER
13191295,1443024365,100761I,OK
13191180,1443024084,100761I,WRONG_ANSWER
13191055,1443023768,100761I,MEMORY_LIMIT_EXCEEDED
13190829,1443023172,100761G,WRONG_ANSWER
13190110,1443021389,100761K,OK
13189438,1443020025,100761J,OK
13188898,1443018706,100761E,OK
13188805,1443018414,100761K,WRONG_ANSWER
13188319,1443017756,100761E,WRONG_ANSWER
13188184,1443017420,100761F,OK
13187447,1443016040,100761L,OK
13187167,1443015303,100761C,OK
13187127,1443015206,100761C,RUNTIME_ERROR
13186823,1443014411,100761L,WRONG_ANSWER
13186578,1443013818,100761C,TIME_LIMIT_EXCEEDED
13186391,1443013375,100761C,TIME_LIMIT_EXCEEDED
13185778,1443011925,100761N,OK
13138410,1442915824,100610G,OK
13138369,1442915642,100610G,RUNTIME_ERROR
13138342,1442915472,100610G,WRONG_ANSWER
13138338,1442915458,100610G,WRONG_ANSWER
13138295,1442915255,100610G,TIME_LIMIT_EXCEEDED
13138276,1442915179,100610G,RUNTIME_ERROR
13138178,1442914645,100610G,TIME_LIMIT_EXCEEDED
13105270,1442682373,100610J,OK
13105255,1442682291,100610J,WRONG_ANSWER
13105040,1442681207,100610J,WRONG_ANSWER
13104946,1442680702,100610I,OK
13104780,1442679922,100610I,TIME_LIMIT_EXCEEDED
13104759,1442679851,100610I,WRONG_ANSWER
13104307,1442677526,100610F,OK
13103685,1442675136,100610C,OK
13103512,1442674578,100610F,WRONG_ANSWER
13103454,1442674273,100610F,WRONG_ANSWER
13103243,1442673528,100610F,WRONG_ANSWER
13102957,1442672375,100610K,OK
13102788,1442671634,100610K,WRONG_ANSWER
13102462,1442670019,100610A,OK
13102394,1442669703,100610H,OK
13102234,1442669123,100610E,OK
13102161,1442668720,100610D,OK
13102141,1442668656,100610D,TIME_LIMIT_EXCEEDED
13045343,1442423005,100753C,WRONG_ANSWER
13045304,1442422986,100753C,WRONG_ANSWER
13045221,1442422941,100753C,WRONG_ANSWER
13045086,1442422878,100753C,WRONG_ANSWER
13045052,1442422863,100753C,WRONG_ANSWER
13044933,1442422808,100753C,WRONG_ANSWER
13044915,1442422801,100753C,TIME_LIMIT_EXCEEDED
13044880,1442422780,100753C,WRONG_ANSWER
13044475,1442422610,100753A,OK
13043073,1442421965,100753C,WRONG_ANSWER
13042693,1442421789,100753C,WRONG_ANSWER
13039608,1442420568,100753C,WRONG_ANSWER
13039252,1442420425,100753C,WRONG_ANSWER
13039248,1442420420,100753E,WRONG_ANSWER
13037376,1442419724,100753B,OK
13030629,1442417572,100753J,OK
13029925,1442417383,100753J,MEMORY_LIMIT_EXCEEDED
13026270,1442416247,100753E,OK
13026079,1442415124,100753E,WRONG_ANSWER
13024191,1442413222,100753B,WRONG_ANSWER
13023921,1442412152,100753F,OK
13023447,1442410229,100753H,OK
13023284,1442409620,100753H,WRONG_ANSWER
13022931,1442408789,100753I,OK
13022793,1442408329,100753D,OK
13022721,1442408064,100753D,TIME_LIMIT_EXCEEDED
13022501,1442407126,100753K,OK
13022478,1442407034,100753K,WRONG_ANSWER
13022454,1442406905,100753K,WRONG_ANSWER
13022213,1442405860,100753G,OK
12944709,1441909298,576C,OK
12941174,1441907665,576B,OK
12928609,1441903253,576A,OK
12912766,1441817468,100554H,OK
12912274,1441815107,100554K,OK
12912221,1441814844,100554B,OK
12912079,1441814149,100554B,WRONG_ANSWER
12912071,1441814110,100554B,RUNTIME_ERROR
12911138,1441809766,100554K,WRONG_ANSWER
12910941,1441808961,100554K,WRONG_ANSWER
12910786,1441808080,100554D,OK
12910778,1441808038,100554D,WRONG_ANSWER
12910768,1441807993,100554D,OK
12909260,1441801606,100554I,OK
12909241,1441801520,100554A,OK
12909152,1441801129,100554I,WRONG_ANSWER
12871353,1441543357,575C,WRONG_ANSWER
12871327,1441543316,575C,WRONG_ANSWER
12870645,1441542017,575G,OK
12868403,1441537798,575B,OK
12866841,1441534728,575F,OK
12866746,1441534522,575F,WRONG_ANSWER
12865293,1441531935,575H,OK
12865287,1441531923,575H,TIME_LIMIT_EXCEEDED
12865141,1441531660,575H,TIME_LIMIT_EXCEEDED
12863962,1441529874,575D,OK
12766569,1440878551,573C,OK
12766499,1440878240,573C,WRONG_ANSWER
12766495,1440878207,573C,WRONG_ANSWER
12766435,1440878000,573C,WRONG_ANSWER
12766431,1440877984,573C,WRONG_ANSWER
12766401,1440877900,573C,WRONG_ANSWER
12766069,1440876971,573C,WRONG_ANSWER
12766057,1440876943,573C,WRONG_ANSWER
12763593,1440873325,573D,WRONG_ANSWER
12756670,1440869877,573C,TIME_LIMIT_EXCEEDED
12750067,1440867291,573B,OK
12746657,1440866145,573A,OK
11937545,1436114308,33E,WRONG_ANSWER
10761325,1429303012,533B,OK
10758789,1429294264,532B,WRONG_ANSWER
10756423,1429290949,532C,OK
10755220,1429289572,532E,OK
10551226,1427981442,100418D,OK
10550829,1427979310,100418J,OK
10550678,1427978448,100418K,OK
10550250,1427975006,100418J,WRONG_ANSWER
10550172,1427974163,100418J,WRONG_ANSWER
10550146,1427974020,100418J,WRONG_ANSWER
10549944,1427972663,100418B,OK
10549903,1427972293,100418B,WRONG_ANSWER
10549476,1427968313,100418A,OK
10549372,1427967383,100418A,WRONG_ANSWER
10512840,1427616417,100653C,OK
10511893,1427611866,100653C,OK
10511890,1427611842,100653C,RUNTIME_ERROR
10511880,1427611805,100653C,RUNTIME_ERROR
10511795,1427611251,100653C,WRONG_ANSWER
10511761,1427611041,100653C,MEMORY_LIMIT_EXCEEDED
10503011,1427562427,529B,MEMORY_LIMIT_EXCEEDED
10382579,1426951230,524D,OK
10382488,1426951094,524D,WRONG_ANSWER
10381045,1426949251,524C,OK
10379500,1426947528,524A,OK
10379075,1426947073,524B,OK
10379018,1426946997,524B,COMPILATION_ERROR
10315407,1426611903,528A,OK
10276770,1426356689,100062H,WRONG_ANSWER
10276752,1426356644,100062H,OK
10274941,1426350153,100062E,WRONG_ANSWER
10274923,1426350099,100062E,OK
10274858,1426349868,100062E,WRONG_ANSWER
10274645,1426349062,100062E,WRONG_ANSWER
10274573,1426348795,100062E,WRONG_ANSWER
10274462,1426348426,100062E,WRONG_ANSWER
10274366,1426348068,100062E,WRONG_ANSWER
10273910,1426346716,100062I,OK
10273371,1426344343,100062D,OK
10273043,1426342589,100062A,OK
10272900,1426341899,100062B,OK
10272873,1426341778,100062B,WRONG_ANSWER
10272814,1426341485,100062C,OK
10272728,1426341063,100062G,OK
10272529,1426340172,100062A,WRONG_ANSWER
10272526,1426340159,100062A,WRONG_ANSWER
10272495,1426340023,100062A,WRONG_ANSWER
10272451,1426339846,100062A,WRONG_ANSWER
10272428,1426339696,100062A,WRONG_ANSWER
10205745,1425816966,522D,OK
10204205,1425811437,522C,OK
10204199,1425811411,522B,OK
10204188,1425811366,522A,OK
10194204,1425748045,100613C,OK
10194130,1425747829,100613C,WRONG_ANSWER
10190738,1425736308,100613B,OK
10190714,1425736219,100613B,WRONG_ANSWER
10190369,1425734312,100613A,OK
9904419,1424200996,516C,WRONG_ANSWER
9902643,1424199627,516C,WRONG_ANSWER
9902331,1424198051,516C,WRONG_ANSWER
9902095,1424197942,516C,WRONG_ANSWER
9900814,1424197159,516C,WRONG_ANSWER
9896725,1424194805,516B,OK
9891121,1424192504,516A,OK
9891055,1424192485,516A,WRONG_ANSWER
9870782,1424088537,100599E,TIME_LIMIT_EXCEEDED
9870765,1424088485,100599E,COMPILATION_ERROR
9870508,1424087039,100599E,TIME_LIMIT_EXCEEDED
9845263,1423936501,100599E,WRONG_ANSWER
9830244,1423931301,100599I,OK
9830025,1423929843,100599G,OK
9830008,1423929697,100599G,RUNTIME_ERROR
9829754,1423928431,100599G,WRONG_ANSWER
9829492,1423926483,100599H,OK
9829472,1423926347,100599H,WRONG_ANSWER
9829465,1423926320,100599H,COMPILATION_ERROR
9829297,1423925199,100599F,OK
9829126,1423924304,100599C,OK
9829090,1423924100,100599D,OK
9827885,1423922601,100599B,OK
9827635,1423921290,100599B,WRONG_ANSWER
9827462,1423920300,100599B,WRONG_ANSWER
8705779,1416074928,100273A,WRONG_ANSWER
8705682,1416074035,100273A,TIME_LIMIT_EXCEEDED
8705526,1416072825,100273A,TIME_LIMIT_EXCEEDED
8705420,1416072051,100273A,TIME_LIMIT_EXCEEDED
8705289,1416070990,100273A,TIME_LIMIT_EXCEEDED
8705273,1416070889,100273A,TIME_LIMIT_EXCEEDED
8705253,1416070704,100273A,MEMORY_LIMIT_EXCEEDED
8705218,1416070429,100273A,TIME_LIMIT_EXCEEDED
8704671,1416066216,100273A,WRONG_ANSWER
8703733,1416060706,100273I,OK
8703558,1416059831,100273B,OK
8703472,1416059376,100273I,WRONG_ANSWER
8687531,1415902157,100532E,RUNTIME_ERROR
8687518,1415902087,100532E,WRONG_ANSWER
8687123,1415899573,100532E,RUNTIME_ERROR
8687033,1415899023,100532E,TIME_LIMIT_EXCEEDED
8686992,1415898716,100532E,TIME_LIMIT_EXCEEDED
8686948,1415898531,100532E,RUNTIME_ERROR
8686908,1415898311,100532E,RUNTIME_ERROR
8684462,1415887076,100532G,OK
8684298,1415886474,100532J,OK
8684269,1415886383,100532J,WRONG_ANSWER
8684132,1415885925,100532K,OK
8684118,1415885883,100532K,WRONG_ANSWER
8610016,1415395993,100513A,TIME_LIMIT_EXCEEDED
8609813,1415393915,100526C,OK
8609800,1415393814,100526C,WRONG_ANSWER
8609793,1415393721,100526C,RUNTIME_ERROR
8609778,1415393634,100526C,RUNTIME_ERROR
8609777,1415393615,100526C,WRONG_ANSWER
8609719,1415392920,100526C,WRONG_ANSWER
8594622,1415297251,100526C,WRONG_ANSWER
8594554,1415296977,100526C,WRONG_ANSWER
8594516,1415296808,100526C,TIME_LIMIT_EXCEEDED
8594510,1415296779,100526C,RUNTIME_ERROR
8593733,1415292754,100526I,OK
8593644,1415292387,100526K,OK
8593282,1415290812,100526K,WRONG_ANSWER
8593068,1415289792,100526K,WRONG_ANSWER
8592867,1415288912,100526K,WRONG_ANSWER
8592207,1415285937,100526J,OK
8591772,1415284202,100526E,OK
8590843,1415280872,100526B,OK
8590587,1415280120,100526G,OK
8490074,1414692360,100523F,WRONG_ANSWER
8490007,1414692135,100523F,WRONG_ANSWER
8489800,1414691104,100523F,WRONG_ANSWER
8489745,1414690794,100523F,WRONG_ANSWER
8489423,1414689371,100523F,WRONG_ANSWER
8489143,1414688016,100523H,OK
8488893,1414686851,100523E,OK
8488804,1414686449,100523E,WRONG_ANSWER
8487800,1414682118,100523K,OK
8487742,1414681844,100523K,TIME_LIMIT_EXCEEDED
8487664,1414681500,100523K,WRONG_ANSWER
8486885,1414678581,100523K,WRONG_ANSWER
8486102,1414676033,100523H,WRONG_ANSWER
8485891,1414675180,100523C,OK
8264303,1413478100,100507B,OK
8262420,1413477269,100507B,WRONG_ANSWER
8262130,1413477148,100507B,WRONG_ANSWER
8260305,1413476467,100507B,WRONG_ANSWER
8249535,1413473956,100507C,OK
8249471,1413473397,100507C,RUNTIME_ERROR
8249045,1413470862,100507H,OK
8248475,1413467399,100507D,OK
8248248,1413466152,100507J,OK
8248034,1413464725,100507I,OK
8247978,1413464381,100507G,OK
8247906,1413463943,100507L,OK
8247849,1413463612,100507G,MEMORY_LIMIT_EXCEEDED
8247576,1413461972,100507A,OK
8158111,1412868289,100503D,OK
8157776,1412866850,100503D,WRONG_ANSWER
8157723,1412866681,100503D,WRONG_ANSWER
8157396,1412865538,100503D,WRONG_ANSWER
8157310,1412865271,100503D,WRONG_ANSWER
8157260,1412865053,100503D,WRONG_ANSWER
8156837,1412863491,100503D,TIME_LIMIT_EXCEEDED
8156780,1412863321,100503D,MEMORY_LIMIT_EXCEEDED
8156718,1412863101,100503D,MEMORY_LIMIT_EXCEEDED
8156651,1412862879,100503D,MEMORY_LIMIT_EXCEEDED
8156557,1412862574,100503D,MEMORY_LIMIT_EXCEEDED
8156302,1412861727,100503D,MEMORY_LIMIT_EXCEEDED
8156164,1412861237,100503K,OK
8155673,1412859855,100503H,OK
8155403,1412859099,100503A,OK
8155377,1412859034,100503A,WRONG_ANSWER
8155186,1412858515,100503A,WRONG_ANSWER
8154848,1412857566,100503G,OK
8079678,1412441920,100495G,OK
8079668,1412441855,100495G,WRONG_ANSWER
8079637,1412441524,100495G,WRONG_ANSWER
8079624,1412441399,100495G,WRONG_ANSWER
8079169,1412437589,100495H,OK
8078941,1412435843,100495J,OK
8078893,1412435424,100495J,RUNTIME_ERROR
8078458,1412432014,100495K,OK
8078278,1412430549,100495A,OK
8078025,1412428762,100495F,OK
8077851,1412427422,100495E,OK
8077673,1412425969,100495D,OK
8077617,1412425571,100495B,OK
8061208,1412267469,100497E,OK
8060988,1412266547,100497E,TIME_LIMIT_EXCEEDED
8060917,1412266324,100497E,TIME_LIMIT_EXCEEDED
8060895,1412266228,100497E,TIME_LIMIT_EXCEEDED
8059831,1412262085,100497J,OK
8059279,1412260086,100497G,OK
8058586,1412257733,100497K,OK
8058257,1412256650,100497A,OK
8058155,1412256354,100497A,WRONG_ANSWER
8057678,1412255074,100497B,OK
8056925,1412253135,100497A,WRONG_ANSWER
8056761,1412252671,100497H,OK
8056697,1412252481,100497H,WRONG_ANSWER
7948833,1411660321,100494A,WRONG_ANSWER
7948473,1411658635,100494I,OK
7948395,1411658311,100494I,RUNTIME_ERROR
7948351,1411658112,100494I,RUNTIME_ERROR
7948171,1411657269,100494I,RUNTIME_ERROR
7947866,1411656008,100494L,OK
7947858,1411655985,100494L,TIME_LIMIT_EXCEEDED
7947732,1411655434,100494L,WRONG_ANSWER
7947723,1411655408,100494L,TIME_LIMIT_EXCEEDED
7947709,1411655365,100494L,WRONG_ANSWER
7947368,1411653990,100494K,WRONG_ANSWER
7946937,1411652370,100494K,WRONG_ANSWER
7946848,1411652045,100494G,OK
7946623,1411651278,100494K,WRONG_ANSWER
7946343,1411650191,100494K,WRONG_ANSWER
7946321,1411650120,100494K,WRONG_ANSWER
7945877,1411648546,100494E,OK
7945743,1411648072,100494B,OK
7745386,1410452206,100484H,OK
7745268,1410451679,100484H,WRONG_ANSWER
7745225,1410451457,100484H,WRONG_ANSWER
7744262,1410447107,100484K,OK
7743908,1410445741,100484C,OK
7743618,1410444767,100484C,WRONG_ANSWER
7743222,1410443461,100484E,OK
7742593,1410441352,100484L,OK
7742139,1410439990,100484F,OK
7741652,1410438367,100484A,OK
7741622,1410438237,100484A,WRONG_ANSWER
6505725,1398777122,100424C,OK
6505708,1398776980,100424C,TIME_LIMIT_EXCEEDED
6505558,1398775813,100424B,OK
6505507,1398775484,100424B,WRONG_ANSWER
6505415,1398775109,100424B,WRONG_ANSWER
6505294,1398774102,100424A,OK
6418351,1397913795,100058D,OK
6418315,1397913437,100058D,WRONG_ANSWER
6418152,1397911926,100058C,OK
6418048,1397910852,100058B,OK
6418028,1397910602,100058A,OK
6418023,1397910580,100058A,TIME_LIMIT_EXCEEDED
6366517,1397567701,401C,WRONG_ANSWER
6366509,1397567688,401C,WRONG_ANSWER
6366446,1397567399,401C,WRONG_ANSWER
6366203,1397566268,401B,OK
6366099,1397565758,401A,OK
6032563,1394985204,403A,OK
5422323,1386943995,372A,OK
5422302,1386943985,372A,WRONG_ANSWER
5259751,1385489422,368D,OK
5257056,1385486981,368D,RUNTIME_ERROR
5256917,1385486935,368D,SKIPPED
5256794,1385486873,368D,WRONG_ANSWER
5256346,1385486635,368D,WRONG_ANSWER
5256135,1385486499,368D,WRONG_ANSWER
5256114,1385486483,368D,RUNTIME_ERROR
5254717,1385485494,368D,TIME_LIMIT_EXCEEDED
5249387,1385482054,368C,OK
5245591,1385480381,368B,OK
5244783,1385480127,368A,OK
5214795,1385307908,366B,OK
5214080,1385307559,366A,OK
5214054,1385307545,366A,WRONG_ANSWER
5165060,1384887717,364A,OK
5165027,1384887563,364A,WRONG_ANSWER
5165000,1384887438,364A,WRONG_ANSWER
5164984,1384887347,364A,WRONG_ANSWER
5164956,1384887214,364A,WRONG_ANSWER
5164875,1384887007,364A,WRONG_ANSWER
5164818,1384886799,364A,WRONG_ANSWER
5164811,1384886778,364A,WRONG_ANSWER
5164700,1384886440,364A,RUNTIME_ERROR
5163389,1384882356,364A,WRONG_ANSWER
5163288,1384882293,364A,WRONG_ANSWER
5162491,1384881696,364A,WRONG_ANSWER
5162201,1384881445,364A,WRONG_ANSWER
5161419,1384880755,364A,WRONG_ANSWER
5161405,1384880742,364A,WRONG_ANSWER
5159608,1384879233,364A,WRONG_ANSWER
5108086,1384449167,362C,OK
5102823,1384445432,362A,OK
5101639,1384444858,362A,WRONG_ANSWER
5101241,1384444688,362A,RUNTIME_ERROR
5098811,1384443491,362B,OK
5098790,1384443471,362B,RUNTIME_ERROR
5091343,1384362582,100283G,WRONG_ANSWER
5091335,1384362557,100283G,WRONG_ANSWER
5091315,1384362475,100283G,WRONG_ANSWER
5091298,1384362433,100283G,WRONG_ANSWER
5091289,1384362394,100283G,WRONG_ANSWER
5091280,1384362353,100283G,WRONG_ANSWER
5091270,1384362299,100283G,WRONG_ANSWER
5091261,1384362270,100283G,WRONG_ANSWER
5091260,1384362247,100283G,WRONG_ANSWER
5091240,1384362163,100283G,WRONG_ANSWER
5091232,1384362117,100283G,WRONG_ANSWER
5091183,1384361916,100283F,OK
5091178,1384361887,100283F,WRONG_ANSWER
5091157,1384361773,100283F,WRONG_ANSWER
5091066,1384361288,100283F,WRONG_ANSWER
5091030,1384361102,100283F,WRONG_ANSWER
5090624,1384358424,100283F,WRONG_ANSWER
5090505,1384357787,100283F,WRONG_ANSWER
5089221,1384355406,100283F,WRONG_ANSWER
5088964,1384354342,100283F,WRONG_ANSWER
5088895,1384353970,100283F,WRONG_ANSWER
5085586,1384347320,100283K,OK
5085370,1384346642,100283K,WRONG_ANSWER
5085048,1384345778,100283E,OK
5084986,1384345608,100283E,WRONG_ANSWER
5051652,1384108891,360B,WRONG_ANSWER
5051635,1384108865,360B,WRONG_ANSWER
5047809,1384105509,360A,WRONG_ANSWER
5047338,1384105098,360A,WRONG_ANSWER
5037791,1384016305,1002769,OK
5037745,1384015981,1002769,TIME_LIMIT_EXCEEDED
5037735,1384015935,1002769,WRONG_ANSWER
5037726,1384015909,1002769,WRONG_ANSWER
5037712,1384015815,1002769,WRONG_ANSWER
5037707,1384015799,1002769,WRONG_ANSWER
5037622,1384014949,1002769,WRONG_ANSWER
5037609,1384014821,1002769,WRONG_ANSWER
5037597,1384014701,1002769,WRONG_ANSWER
5037590,1384014647,1002769,WRONG_ANSWER
5037240,1384010902,1002761,OK
5037143,1384009754,1002761,WRONG_ANSWER
5037102,1384009215,1002761,WRONG_ANSWER
5037065,1384008750,1002761,WRONG_ANSWER
5036323,1384001499,1002764,WRONG_ANSWER
5036275,1384001058,1002763,OK
5035980,1383998964,100274A,WRONG_ANSWER
5035977,1383998948,100274A,WRONG_ANSWER
5035971,1383998924,100274A,COMPILATION_ERROR
5035965,1383998891,100274A,COMPILATION_ERROR
5035952,1383998816,100274A,TIME_LIMIT_EXCEEDED
5033398,1383967839,100274A,TIME_LIMIT_EXCEEDED
5030838,1383926024,100274A,TIME_LIMIT_EXCEEDED
5030821,1383925891,100274A,WRONG_ANSWER
5017467,1383757795,100274A,TIME_LIMIT_EXCEEDED
5017462,1383757782,100274A,TIME_LIMIT_EXCEEDED
5017451,1383757752,100274A,TIME_LIMIT_EXCEEDED
5017441,1383757738,100274A,TIME_LIMIT_EXCEEDED
5017440,1383757722,100274A,TIME_LIMIT_EXCEEDED
5017436,1383757708,100274A,WRONG_ANSWER
5017403,1383757540,100274A,TIME_LIMIT_EXCEEDED
5017395,1383757509,100274A,WRONG_ANSWER
5017377,1383757379,100274A,TIME_LIMIT_EXCEEDED
5017322,1383757044,100274A,WRONG_ANSWER
5017278,1383756823,100274A,COMPILATION_ERROR
5017223,1383756499,100274C,WRONG_ANSWER
5017026,1383755482,100274C,WRONG_ANSWER
5013347,1383752177,100274B,OK
5013143,1383750943,100274B,WRONG_ANSWER
5012994,1383749973,100274D,WRONG_ANSWER
5012990,1383749925,100274D,OK
5012941,1383749674,100274D,WRONG_ANSWER
5004635,1383745448,100274A,WRONG_ANSWER
5004564,1383745199,100274A,WRONG_ANSWER
5004369,1383744781,100274A,WRONG_ANSWER
5003976,1383743242,100274J,OK
5003622,1383741845,100274F,OK
4972178,1383408453,100269F,OK
4972088,1383407899,100269F,TIME_LIMIT_EXCEEDED
4972070,1383407837,100269F,TIME_LIMIT_EXCEEDED
4971986,1383407290,100269F,WRONG_ANSWER
4971777,1383406063,100269F,TIME_LIMIT_EXCEEDED
4971699,1383405527,100269F,WRONG_ANSWER
4971694,1383405505,100269F,WRONG_ANSWER
4970763,1383399894,100269D,OK
4970752,1383399849,100269D,TIME_LIMIT_EXCEEDED
4970515,1383398522,100269E,OK
4970484,1383398336,100269E,WRONG_ANSWER
4970285,1383397355,100269G,OK
4969992,1383395889,100269B,OK
4969755,1383394541,100269A,OK
4969737,1383394472,100269A,WRONG_ANSWER
4938052,1383160509,100268F,WRONG_ANSWER
4938039,1383160418,100268F,WRONG_ANSWER
4938014,1383160146,100268F,WRONG_ANSWER
4937339,1383152814,100268F,WRONG_ANSWER
4937214,1383152179,100268D,OK
4937132,1383151665,100268E,OK
4936875,1383150019,100268D,WRONG_ANSWER
4936622,1383148203,100268F,WRONG_ANSWER
4936570,1383147891,100268F,WRONG_ANSWER
4936109,1383145102,100268E,WRONG_ANSWER
4936046,1383144754,100268E,WRONG_ANSWER
4935525,1383141956,100268E,WRONG_ANSWER
4935520,1383141931,100268E,WRONG_ANSWER
4935362,1383141134,100268E,WRONG_ANSWER
4935325,1383140903,100268E,WRONG_ANSWER
4935305,1383140803,100268E,WRONG_ANSWER
4935016,1383139380,100268I,OK
4934537,1383137122,100268A,OK
4934358,1383136285,100268G,OK
4889426,1382721123,358D,OK
4883109,1382716723,358B,OK
4881847,1382716049,358A,WRONG_ANSWER
4776239,1381684749,355E,TIME_LIMIT_EXCEEDED
4773365,1381681930,355C,OK
4771613,1381680473,355B,OK
4770482,1381679791,355A,OK
4718282,1381332592,100240I,OK
4716466,1381324313,100240H,OK
4716376,1381324048,100240A,OK
4716206,1381323450,100240L,OK
4716067,1381323017,100240L,WRONG_ANSWER
4715748,1381322034,100240C,OK
4715742,1381322019,100240A,WRONG_ANSWER
4672406,1380908822,351A,OK
4669895,1380906471,352C,WRONG_ANSWER
4668924,1380905832,352C,TIME_LIMIT_EXCEEDED
4668892,1380905814,352C,WRONG_ANSWER
4663139,1380902657,352B,OK
4661854,1380902175,352A,OK
4661672,1380902114,352A,WRONG_ANSWER
4643168,1380730468,100236K,TIME_LIMIT_EXCEEDED
4642074,1380725238,100236D,OK
4641791,1380724022,100236D,TIME_LIMIT_EXCEEDED
4641249,1380721744,100236E,OK
4640446,1380718464,100236F,OK
4640088,1380717331,100236A,OK
4640014,1380717067,100236A,WRONG_ANSWER
4630128,1380647552,350C,OK
4625723,1380644380,350B,OK
4625704,1380644372,350B,WRONG_ANSWER
4622730,1380642211,350A,OK
4561246,1380122022,100231D,OK
4561239,1380122008,100231D,TIME_LIMIT_EXCEEDED
4561210,1380121906,100231D,WRONG_ANSWER
4561065,1380121120,100231D,WRONG_ANSWER
4560897,1380120415,100231D,WRONG_ANSWER
4557173,1380120111,100231D,WRONG_ANSWER
4556822,1380118553,100231I,OK
4556773,1380118310,100231I,WRONG_ANSWER
4556293,1380116430,100231J,OK
4556095,1380115928,100231J,WRONG_ANSWER
4556036,1380115284,100231J,WRONG_ANSWER
4555856,1380114720,100231J,WRONG_ANSWER
4555794,1380114511,100231J,WRONG_ANSWER
4555656,1380114105,100231K,OK
4555572,1380113866,100231K,WRONG_ANSWER
4496696,1379517460,100228E,OK
4496361,1379515938,100228K,OK
4495253,1379511493,100228H,OK
4495175,1379511196,100228H,WRONG_ANSWER
4494771,1379509736,100228A,OK
4494540,1379508956,100228J,OK
4494394,1379508449,100228J,WRONG_ANSWER
4493907,1379507046,100228J,WRONG_ANSWER
4444686,1378916787,100227H,OK
4444617,1378916208,100227H,WRONG_ANSWER
4444139,1378912271,100227F,OK
4444105,1378911946,100227F,WRONG_ANSWER
4444101,1378911896,100227F,COMPILATION_ERROR
4444069,1378911615,100227F,WRONG_ANSWER
4443133,1378907039,100227D,OK
4442823,1378905375,100227L,OK
4442240,1378902616,100227J,OK
1317932,1331284925,159A,WRONG_ANSWER
1316514,1331283355,159A,WRONG_ANSWER
1297596,1331047509,160A,WRONG_ANSWER
1285506,1330885408,158B,TIME_LIMIT_EXCEEDED
1283976,1330880387,158A,OK
