57465854,1563723156,1187D,WRONG_ANSWER
57465789,1563723051,1187D,WRONG_ANSWER
57465403,1563722525,1187D,WRONG_ANSWER
57453521,1563705521,1187D,WRONG_ANSWER
57453477,1563705457,1187D,WRONG_ANSWER
57452289,1563703881,1187E,OK
55972715,1561304518,1100E,WRONG_ANSWER
55972403,1561303979,1100E,WRONG_ANSWER
55970079,1561299429,1100E,WRONG_ANSWER
55967223,1561294101,1100E,WRONG_ANSWER
55967149,1561293960,1100E,WRONG_ANSWER
55967116,1561293890,1100E,WRONG_ANSWER
55966598,1561292897,1100E,WRONG_ANSWER
55966529,1561292774,1100E,WRONG_ANSWER
55966414,1561292585,1100E,WRONG_ANSWER
55966148,1561292066,1100E,WRONG_ANSWER
55965334,1561290449,1100E,WRONG_ANSWER
54982386,1559483470,1131D,OK
54982347,1559483393,1131D,WRONG_ANSWER
54982331,1559483359,1131D,WRONG_ANSWER
54981784,1559482335,1131D,WRONG_ANSWER
54693367,1558892799,1105D,OK
54693268,1558892285,1105D,WRONG_ANSWER
54690053,1558890959,1105D,MEMORY_LIMIT_EXCEEDED
54669415,1558884158,1105D,WRONG_ANSWER
54669172,1558883592,1105D,WRONG_ANSWER
54668910,1558883058,1105D,WRONG_ANSWER
54668406,1558881975,1105D,WRONG_ANSWER
54563858,1558711210,1153D,OK
54527342,1558624183,1025C,OK
54527331,1558624160,1025C,WRONG_ANSWER
54527311,1558624126,1025C,WRONG_ANSWER
53642724,1556731010,1133F1,OK
53087054,1555838682,1140C,OK
53086552,1555837918,1140C,WRONG_ANSWER
51752495,1553335655,1098A,OK
48992101,1548514309,1083A,OK
48617790,1547987514,1093D,OK
48617111,1547987399,1093D,RUNTIME_ERROR
48611567,1547986581,1093D,WRONG_ANSWER
48607820,1547985411,1093D,WRONG_ANSWER
47660762,1546023169,1061D,OK
47659085,1546020004,1061D,WRONG_ANSWER
47102241,1544959098,1073C,OK
47102128,1544958931,1073C,WRONG_ANSWER
47100148,1544955660,1073C,WRONG_ANSWER
43947239,1538921980,1060D,OK
43933256,1538899637,1060C,OK
41753229,1534588933,1023D,OK
41753137,1534588744,1023D,WRONG_ANSWER
41752925,1534588366,1023D,RUNTIME_ERROR
38895711,1527951407,963B,WRONG_ANSWER
38888359,1527938639,963B,WRONG_ANSWER
38888238,1527938434,963B,WRONG_ANSWER
38888098,1527938170,963B,WRONG_ANSWER
38888066,1527938093,963B,COMPILATION_ERROR
38885241,1527936707,963B,WRONG_ANSWER
38883592,1527935659,963B,WRONG_ANSWER
38638326,1527348620,982D,OK
38638101,1527348150,982D,WRONG_ANSWER
38636278,1527344820,982D,WRONG_ANSWER
38636007,1527344389,982D,WRONG_ANSWER
38635650,1527343861,982D,WRONG_ANSWER
38635517,1527343582,982D,WRONG_ANSWER
37507482,1524297775,962A,OK
36777484,1522509147,954D,OK
34639821,1517160603,909C,WRONG_ANSWER
34639785,1517160505,909C,WRONG_ANSWER
33852484,1514829453,895C,WRONG_ANSWER
33655512,1514313486,895B,OK
33655445,1514313235,895B,WRONG_ANSWER
33654800,1514310895,895B,WRONG_ANSWER
33654751,1514310759,895B,WRONG_ANSWER
33535863,1514028842,898D,OK
33534162,1514027170,902C,OK
32649474,1511619288,868C,OK
32532901,1511287636,894C,OK
32532086,1511285023,894C,WRONG_ANSWER
32532040,1511284912,894C,WRONG_ANSWER
32531792,1511284275,894C,WRONG_ANSWER
32531632,1511283808,894C,WRONG_ANSWER
32530893,1511281713,894C,WRONG_ANSWER
32530832,1511281449,894C,COMPILATION_ERROR
32530779,1511281295,894C,WRONG_ANSWER
32530696,1511281036,894C,WRONG_ANSWER
32530663,1511280983,894C,WRONG_ANSWER
32530620,1511280830,894C,WRONG_ANSWER
32530577,1511280714,894C,WRONG_ANSWER
30933942,1506922975,845D,OK
30933889,1506922831,845D,WRONG_ANSWER
30903341,1506846816,839D,OK
30903088,1506846144,839D,WRONG_ANSWER
30825823,1506682115,864E,OK
30825677,1506681505,864E,RUNTIME_ERROR
30824947,1506678486,864E,WRONG_ANSWER
30824922,1506678423,864E,TIME_LIMIT_EXCEEDED
30824632,1506677359,864E,WRONG_ANSWER
30824568,1506677201,864E,WRONG_ANSWER
30824024,1506675114,864E,WRONG_ANSWER
30775175,1506511648,864E,WRONG_ANSWER
29015713,1501431478,831D,OK
29010991,1501429976,831D,WRONG_ANSWER
28983105,1501393216,832D,OK
28982917,1501392406,832D,WRONG_ANSWER
28966754,1501314719,832D,WRONG_ANSWER
28365820,1499506909,822D,OK
28365771,1499506736,822D,WRONG_ANSWER
28365752,1499506674,822D,RUNTIME_ERROR
28141796,1498746632,821D,OK
28141382,1498745351,821D,OK
28140814,1498743545,821D,WRONG_ANSWER
28140720,1498743224,821D,WRONG_ANSWER
28140701,1498743176,821D,WRONG_ANSWER
28140530,1498742595,821D,WRONG_ANSWER
28136718,1498730824,821D,MEMORY_LIMIT_EXCEEDED
28136676,1498730695,821D,COMPILATION_ERROR
28136635,1498730509,821D,COMPILATION_ERROR
28136554,1498730198,821D,MEMORY_LIMIT_EXCEEDED
28136502,1498730030,821D,COMPILATION_ERROR
27234615,1495281021,799D,OK
27234236,1495279038,799D,WRONG_ANSWER
27234008,1495278030,799D,WRONG_ANSWER
27233859,1495277321,799D,WRONG_ANSWER
26666021,1493137990,798D,OK
26666014,1493137955,798D,WRONG_ANSWER
26657423,1493113951,798D,RUNTIME_ERROR
26644661,1493049618,798C,OK
26644086,1493047650,798C,WRONG_ANSWER
26313581,1491986481,796D,OK
26313336,1491985390,796D,TIME_LIMIT_EXCEEDED
26313284,1491985109,796D,TIME_LIMIT_EXCEEDED
26313278,1491985072,796D,WRONG_ANSWER
26313214,1491984744,796D,TIME_LIMIT_EXCEEDED
26312764,1491982810,796D,WRONG_ANSWER
26305788,1491935300,796C,OK
26303685,1491928427,796C,WRONG_ANSWER
26302395,1491923643,789D,OK
26302333,1491923453,789D,WRONG_ANSWER
26302249,1491923205,789D,WRONG_ANSWER
26302163,1491922971,789D,WRONG_ANSWER
26281899,1491849254,789D,WRONG_ANSWER
26052282,1491047872,771C,OK
26051559,1491046233,771C,WRONG_ANSWER
26044154,1491026554,789A,OK
25913307,1490806774,789C,OK
25910512,1490806148,789B,OK
25910269,1490806097,789B,SKIPPED
25908802,1490805773,789B,WRONG_ANSWER
25907279,1490805434,789B,WRONG_ANSWER
25902532,1490804331,789A,TIME_LIMIT_EXCEEDED
25855730,1490634731,792D,OK
25855133,1490633765,792D,TIME_LIMIT_EXCEEDED
25854857,1490633415,792D,TIME_LIMIT_EXCEEDED
25854714,1490633238,792D,TIME_LIMIT_EXCEEDED
25854527,1490632967,792D,TIME_LIMIT_EXCEEDED
25853253,1490632076,792D,MEMORY_LIMIT_EXCEEDED
25853178,1490632036,792D,MEMORY_LIMIT_EXCEEDED
25853039,1490631955,792D,MEMORY_LIMIT_EXCEEDED
25852973,1490631907,792D,RUNTIME_ERROR
25852429,1490631572,792D,WRONG_ANSWER
25754136,1490291770,787B,OK
25595761,1489829223,782D,OK
25595746,1489829190,782D,WRONG_ANSWER
25595620,1489828902,782D,WRONG_ANSWER
25594707,1489826766,782D,WRONG_ANSWER
25594670,1489826659,782D,COMPILATION_ERROR
25594038,1489825120,782D,WRONG_ANSWER
25593503,1489823877,782D,WRONG_ANSWER
25591365,1489818910,782D,WRONG_ANSWER
25577262,1489766095,782B,OK
25577204,1489765936,782B,TIME_LIMIT_EXCEEDED
25577039,1489765512,782B,TIME_LIMIT_EXCEEDED
25577015,1489765456,782B,WRONG_ANSWER
25530290,1489603860,785C,OK
25517226,1489593967,785C,WRONG_ANSWER
25513895,1489592936,785C,WRONG_ANSWER
25505602,1489590888,785B,OK
25502220,1489590489,785A,OK
25207097,1488621460,777E,OK
25206760,1488620779,777E,WRONG_ANSWER
25200981,1488604286,779D,OK
25080830,1488208386,777D,OK
25080664,1488207938,777D,TIME_LIMIT_EXCEEDED
25079610,1488205087,777C,OK
24988998,1487954750,776D,WRONG_ANSWER
24988833,1487954375,776D,WRONG_ANSWER
24988669,1487954038,776D,WRONG_ANSWER
24986751,1487949875,776D,WRONG_ANSWER
24981304,1487940882,776D,TIME_LIMIT_EXCEEDED
24981249,1487940819,776D,TIME_LIMIT_EXCEEDED
24981117,1487940696,776D,TIME_LIMIT_EXCEEDED
24956002,1487916947,776C,OK
24955967,1487916817,776C,MEMORY_LIMIT_EXCEEDED
24955952,1487916793,776C,MEMORY_LIMIT_EXCEEDED
24955359,1487914758,767D,OK
24955247,1487914357,767D,WRONG_ANSWER
24955235,1487914327,767D,MEMORY_LIMIT_EXCEEDED
24955220,1487914265,767D,RUNTIME_ERROR
24955196,1487914165,767D,RUNTIME_ERROR
24955174,1487914060,767D,RUNTIME_ERROR
24922294,1487862050,776B,OK
24921972,1487861987,776B,SKIPPED
24921523,1487861909,776B,WRONG_ANSWER
24921243,1487861866,776B,WRONG_ANSWER
24917888,1487861359,776A,OK
24917284,1487860859,767D,TIME_LIMIT_EXCEEDED
24917091,1487860220,767D,TIME_LIMIT_EXCEEDED
24916986,1487859891,767D,RUNTIME_ERROR
24900657,1487789956,767D,WRONG_ANSWER
24900624,1487789851,767D,WRONG_ANSWER
24899549,1487786518,767D,WRONG_ANSWER
24899490,1487786359,767D,MEMORY_LIMIT_EXCEEDED
24878733,1487703216,767C,OK
24878679,1487703046,767C,TIME_LIMIT_EXCEEDED
24824846,1487603387,767B,OK
24824831,1487603325,767B,WRONG_ANSWER
24824817,1487603266,767B,WRONG_ANSWER
24824576,1487602415,767B,WRONG_ANSWER
24824537,1487602321,767B,WRONG_ANSWER
24824371,1487601848,767B,WRONG_ANSWER
24677997,1487095388,765D,OK
24676557,1487091727,765D,WRONG_ANSWER
24672714,1487082571,765C,OK
24672507,1487082113,765C,WRONG_ANSWER
24554258,1486659566,766C,OK
24553947,1486658576,766C,WRONG_ANSWER
24553830,1486658241,766C,WRONG_ANSWER
24456228,1486315195,763B,OK
24456215,1486315139,763B,WRONG_ANSWER
24448604,1486289468,763B,WRONG_ANSWER
24448579,1486289385,763B,WRONG_ANSWER
24448204,1486287779,763B,WRONG_ANSWER
24447737,1486285541,763B,WRONG_ANSWER
24447679,1486285170,763B,WRONG_ANSWER
24424353,1486182029,764C,OK
24223841,1485604048,760D,OK
24223492,1485603200,760D,WRONG_ANSWER
24222956,1485601925,760D,WRONG_ANSWER
24221887,1485599199,760C,OK
24221781,1485598953,760C,WRONG_ANSWER
24217194,1485592447,760C,WRONG_ANSWER
24217179,1485592370,760C,WRONG_ANSWER
24147611,1485432752,758C,OK
24147550,1485432560,758C,WRONG_ANSWER
24147502,1485432424,758C,WRONG_ANSWER
24147380,1485432102,758C,WRONG_ANSWER
24147366,1485432055,758C,WRONG_ANSWER
24147192,1485431540,758C,WRONG_ANSWER
24145614,1485426787,758C,WRONG_ANSWER
23854890,1484501882,757C,OK
23674723,1484024624,754D,OK
23669746,1483989656,754D,WRONG_ANSWER
23578585,1483690412,735D,OK
23577590,1483685003,735D,WRONG_ANSWER
23577545,1483684766,735D,WRONG_ANSWER
23577531,1483684704,735D,WRONG_ANSWER
23494655,1483342275,750D,OK
23493462,1483335149,750D,TIME_LIMIT_EXCEEDED
23487672,1483292698,752C,OK
23474272,1483210301,749D,OK
23254940,1482514177,747E,OK
23254775,1482513644,747E,TIME_LIMIT_EXCEEDED
23249523,1482503251,747D,OK
23249442,1482502983,747D,WRONG_ANSWER
23204804,1482338607,738D,OK
23112472,1482084603,744A,OK
23112280,1482084016,744A,WRONG_ANSWER
22501311,1480137945,738C,OK
22385604,1479739317,734E,OK
22313240,1479495746,734E,WRONG_ANSWER
22295478,1479410351,734D,OK
22295448,1479410194,734D,WRONG_ANSWER
22295428,1479410133,734D,WRONG_ANSWER
22295401,1479410018,734D,WRONG_ANSWER
22295348,1479409755,734D,WRONG_ANSWER
22295200,1479409016,734D,WRONG_ANSWER
22295100,1479408486,734D,WRONG_ANSWER
22295005,1479408082,734D,WRONG_ANSWER
22293706,1479402602,734D,WRONG_ANSWER
22293558,1479402086,734D,WRONG_ANSWER
22280699,1479358902,734C,OK
22280659,1479358659,734C,WRONG_ANSWER
22033994,1478262479,733C,OK
22033926,1478262316,733C,WRONG_ANSWER
22033869,1478262115,733C,WRONG_ANSWER
22013599,1478180028,733D,OK
22008950,1478162783,733D,WRONG_ANSWER
22007022,1478152865,733D,WRONG_ANSWER
21869383,1477737803,731F,OK
21869172,1477737099,731F,WRONG_ANSWER
21869156,1477737022,731F,TIME_LIMIT_EXCEEDED
21868840,1477735846,731F,TIME_LIMIT_EXCEEDED
21807112,1477511985,731D,OK
21756114,1477331192,725D,OK
21755790,1477330241,725D,WRONG_ANSWER
21750634,1477321157,725C,OK
21659529,1477119774,732D,OK
21550166,1476732855,731C,OK
21549268,1476730966,731C,WRONG_ANSWER
21548848,1476730225,731C,WRONG_ANSWER
21432809,1476477054,432D,OK
21425719,1476457383,432D,TIME_LIMIT_EXCEEDED
21425525,1476456945,432D,TIME_LIMIT_EXCEEDED
21425471,1476456822,432D,MEMORY_LIMIT_EXCEEDED
21425434,1476456718,432D,WRONG_ANSWER
21411040,1476386052,724D,OK
21410885,1476385573,724D,RUNTIME_ERROR
21409868,1476382407,724D,WRONG_ANSWER
21373937,1476251043,724C,OK
21373896,1476250839,724C,WRONG_ANSWER
21361996,1476198489,724C,TIME_LIMIT_EXCEEDED
21361864,1476198201,724C,MEMORY_LIMIT_EXCEEDED
21361831,1476198117,724C,MEMORY_LIMIT_EXCEEDED
21355094,1476179300,723F,OK
21355072,1476179220,723F,MEMORY_LIMIT_EXCEEDED
21238849,1475767067,723D,OK
21238645,1475766547,723D,WRONG_ANSWER
21209698,1475674528,723C,OK
21190083,1475594560,723B,OK
20884705,1474714426,719C,OK
20882391,1474699986,719C,WRONG_ANSWER
20882090,1474698012,719C,WRONG_ANSWER
20866394,1474644434,715B,WRONG_ANSWER
20866219,1474643252,715B,WRONG_ANSWER
20864248,1474642667,715B,WRONG_ANSWER
20863622,1474642478,715B,WRONG_ANSWER
20863111,1474642323,715B,TIME_LIMIT_EXCEEDED
20861305,1474641512,715B,WRONG_ANSWER
20859198,1474640713,715B,WRONG_ANSWER
20764123,1474315403,716C,OK
20763867,1474314227,716C,WRONG_ANSWER
20763732,1474313586,716C,WRONG_ANSWER
20653728,1474006936,714C,OK
20653344,1474005371,714C,WRONG_ANSWER
20640639,1473945766,712C,OK
20287001,1472580689,711D,OK
20286713,1472579860,711D,WRONG_ANSWER
20283260,1472569675,711C,OK
20223156,1472449228,708B,OK
20223110,1472448899,708B,WRONG_ANSWER
20223015,1472448302,708B,WRONG_ANSWER
20213681,1472395641,709C,OK
20213660,1472395552,709C,WRONG_ANSWER
20213546,1472395194,709C,WRONG_ANSWER
20212811,1472392497,709B,OK
20212674,1472392007,709B,WRONG_ANSWER
20083677,1471950220,710E,OK
20083245,1471948820,710E,RUNTIME_ERROR
20083159,1471948505,710E,WRONG_ANSWER
20083107,1471948313,710E,TIME_LIMIT_EXCEEDED
20081666,1471943288,710C,OK
20081548,1471942930,710C,WRONG_ANSWER
20081524,1471942860,710C,WRONG_ANSWER
20081328,1471942284,710C,WRONG_ANSWER
20032643,1471803997,707D,MEMORY_LIMIT_EXCEEDED
20032535,1471803577,707D,TIME_LIMIT_EXCEEDED
20032488,1471803447,707D,WRONG_ANSWER
20032440,1471803279,707D,MEMORY_LIMIT_EXCEEDED
20025437,1471778882,707D,TIME_LIMIT_EXCEEDED
20025418,1471778813,707D,WRONG_ANSWER
20025386,1471778684,707D,TIME_LIMIT_EXCEEDED
20021673,1471766591,707C,OK
20021654,1471766512,707C,RUNTIME_ERROR
20021487,1471765957,707C,WRONG_ANSWER
19996318,1471702010,707C,WRONG_ANSWER
19995426,1471701639,707C,WRONG_ANSWER
19987586,1471699295,707B,OK
19983342,1471698575,707A,OK
19977629,1471680720,609E,OK
19958057,1471586067,609D,OK
19900577,1471325094,706D,OK
19890401,1471272481,706C,OK
19724900,1470648569,700B,OK
19713292,1470596610,705C,OK
19713062,1470595938,705C,WRONG_ANSWER
19712998,1470595768,705C,WRONG_ANSWER
19682446,1470556121,703D,OK
19682422,1470556054,703D,TIME_LIMIT_EXCEEDED
19682180,1470555064,703D,TIME_LIMIT_EXCEEDED
19681963,1470554316,703D,TIME_LIMIT_EXCEEDED
19681879,1470554048,703D,TIME_LIMIT_EXCEEDED
19681737,1470553546,703D,WRONG_ANSWER
19612642,1470303487,702C,OK
19573781,1470121154,699D,OK
19573671,1470120783,699D,WRONG_ANSWER
19573598,1470120533,699D,WRONG_ANSWER
19573455,1470119983,699D,WRONG_ANSWER
19572125,1470113061,701C,OK
19292282,1469074126,699C,OK
19285347,1469035836,699C,WRONG_ANSWER
19185349,1468737806,696A,OK
18961913,1467955773,689C,OK
18961756,1467954952,689C,WRONG_ANSWER
18857244,1467477867,687B,OK
18816367,1467261560,688D,WRONG_ANSWER
18805346,1467225821,688D,WRONG_ANSWER
18797103,1467222404,688D,WRONG_ANSWER
18793994,1467221513,688C,OK
18792824,1467221208,688C,WRONG_ANSWER
18788265,1467220373,688B,OK
18786988,1467220170,688A,OK
18770893,1467132931,118D,OK
18770075,1467129656,118D,COMPILATION_ERROR
18769999,1467129263,118D,TIME_LIMIT_EXCEEDED
18756151,1467049176,685B,OK
18683756,1466705677,686C,OK
18681445,1466704374,686C,WRONG_ANSWER
18680738,1466704008,686C,WRONG_ANSWER
18680369,1466703819,686C,WRONG_ANSWER
18679906,1466703576,686C,WRONG_ANSWER
18672150,1466700705,686B,OK
18667599,1466699909,686A,OK
18640177,1466569810,682D,OK
18634021,1466529735,682D,TIME_LIMIT_EXCEEDED
18578661,1466251729,682C,OK
18571633,1466226526,681D,OK
18488119,1465967374,681C,OK
18488094,1465967290,681C,TIME_LIMIT_EXCEEDED
18487676,1465965488,681B,OK
18388116,1465726528,673B,OK
18388010,1465726169,673B,WRONG_ANSWER
18362011,1465576661,676B,OK
18361250,1465573651,679B,OK
18361207,1465573497,679B,MEMORY_LIMIT_EXCEEDED
18361196,1465573446,679B,MEMORY_LIMIT_EXCEEDED
18314560,1465406369,680C,OK
18307885,1465404837,680B,OK
18303316,1465404041,680A,OK
18302158,1465402758,101021A,OK
18302103,1465402636,101021A,OK
18301790,1465402271,101021A,IDLENESS_LIMIT_EXCEEDED
18301692,1465402096,101021A,TIME_LIMIT_EXCEEDED
18287410,1465317701,615D,OK
18287353,1465317463,615D,WRONG_ANSWER
18286885,1465315533,615D,TIME_LIMIT_EXCEEDED
18286654,1465314392,615D,WRONG_ANSWER
18286639,1465314350,615D,WRONG_ANSWER
18286469,1465313521,615D,WRONG_ANSWER
18267857,1465205094,677D,OK
18243092,1465040168,643B,OK
18243069,1465040096,643B,COMPILATION_ERROR
18239382,1465015851,677D,TIME_LIMIT_EXCEEDED
18239300,1465015017,677D,WRONG_ANSWER
18239291,1465014971,677D,WRONG_ANSWER
18208637,1464836047,677C,OK
18202991,1464805954,677C,WRONG_ANSWER
18198471,1464803625,677B,OK
18190864,1464800293,677B,WRONG_ANSWER
18186222,1464799112,677A,OK
18144909,1464519889,676D,OK
18144898,1464519834,676D,WRONG_ANSWER
18129141,1464426671,676D,WRONG_ANSWER
18128824,1464425509,676D,WRONG_ANSWER
18107074,1464279164,667C,OK
18107039,1464279006,667C,WRONG_ANSWER
18107024,1464278956,667C,OK
18106778,1464278032,667C,WRONG_ANSWER
18106681,1464277641,667C,WRONG_ANSWER
18106646,1464277510,667C,WRONG_ANSWER
18105046,1464270341,676C,OK
18082730,1464192366,667C,TIME_LIMIT_EXCEEDED
18081692,1464191821,667C,WRONG_ANSWER
18034000,1463934548,672C,OK
18033988,1463934488,672C,WRONG_ANSWER
18033879,1463933931,672C,WRONG_ANSWER
18033838,1463933676,672C,WRONG_ANSWER
18033828,1463933621,672C,WRONG_ANSWER
18033675,1463932667,672C,WRONG_ANSWER
18033633,1463932456,672C,WRONG_ANSWER
18033203,1463930055,672C,WRONG_ANSWER
18033185,1463929975,672C,WRONG_ANSWER
18002012,1463734413,675D,OK
18001978,1463734238,675D,RUNTIME_ERROR
17962334,1463470936,670E,OK
17803317,1462688913,670D2,OK
17803299,1462688838,670D2,MEMORY_LIMIT_EXCEEDED
17802769,1462685910,670D1,OK
17801675,1462677638,670C,OK
17801634,1462677508,670C,WRONG_ANSWER
17533530,1461752877,668B,OK
17533510,1461752752,668B,TIME_LIMIT_EXCEEDED
17532977,1461749102,668B,WRONG_ANSWER
17503621,1461564431,669C,OK
17503071,1461561457,665D,OK
17503045,1461561326,665D,WRONG_ANSWER
17502906,1461560410,665D,TIME_LIMIT_EXCEEDED
17502900,1461560377,665C,WRONG_ANSWER
17502888,1461560316,665D,WRONG_ANSWER
17502877,1461560198,665D,WRONG_ANSWER
17465392,1461390111,665D,WRONG_ANSWER
17465076,1461387033,665C,OK
17465053,1461386731,665C,WRONG_ANSWER
17465046,1461386690,665C,WRONG_ANSWER
17465042,1461386657,665C,COMPILATION_ERROR
17383393,1461043121,664C,WRONG_ANSWER
17371427,1460955215,664B,OK
17362459,1460889892,664B,WRONG_ANSWER
17362344,1460889445,664B,WRONG_ANSWER
17358688,1460874930,555B,OK
17335418,1460789150,380C,OK
17330556,1460744459,488C,OK
17330542,1460744377,488C,WRONG_ANSWER
17325296,1460718310,488C,WRONG_ANSWER
17325225,1460717860,488C,WRONG_ANSWER
17325203,1460717739,488C,WRONG_ANSWER
17325062,1460716836,488C,WRONG_ANSWER
17324726,1460714129,488B,OK
17324655,1460713781,488B,WRONG_ANSWER
17324651,1460713744,488B,COMPILATION_ERROR
17324616,1460713571,488B,WRONG_ANSWER
17324614,1460713533,488B,COMPILATION_ERROR
17286117,1460441343,661C,WRONG_ANSWER
17279454,1460385984,660D,OK
17279332,1460385456,660D,RUNTIME_ERROR
17279324,1460385425,660D,WRONG_ANSWER
17279156,1460384612,660D,WRONG_ANSWER
17276475,1460372704,660C,OK
17135669,1459622740,659E,OK
17135654,1459622682,659D,WRONG_ANSWER
17135591,1459622403,659E,WRONG_ANSWER
17135539,1459622070,659E,WRONG_ANSWER
17135402,1459621409,659E,WRONG_ANSWER
17135377,1459621247,659E,WRONG_ANSWER
17135211,1459620319,659E,WRONG_ANSWER
17134782,1459618289,659E,WRONG_ANSWER
17134659,1459617829,659E,WRONG_ANSWER
17134573,1459617472,659E,WRONG_ANSWER
17134369,1459616652,659E,WRONG_ANSWER
17132448,1459609558,659E,WRONG_ANSWER
17132214,1459608746,659E,WRONG_ANSWER
17132134,1459608417,659E,MEMORY_LIMIT_EXCEEDED
17060036,1459366740,659B,OK
17060006,1459366699,659B,WRONG_ANSWER
17058828,1459365683,659B,WRONG_ANSWER
17056828,1459361964,659E,WRONG_ANSWER
17055503,1459361098,659E,WRONG_ANSWER
17054880,1459360732,659E,WRONG_ANSWER
17053084,1459359698,659D,OK
17044903,1459356156,659C,OK
17042284,1459355340,659B,WRONG_ANSWER
17038016,1459354227,659A,OK
17031294,1459331599,639C,OK
17031147,1459330869,639C,WRONG_ANSWER
17028320,1459314385,639C,WRONG_ANSWER
17028314,1459314349,639C,WRONG_ANSWER
17028301,1459314275,639C,WRONG_ANSWER
17028168,1459312941,639C,WRONG_ANSWER
17028149,1459312756,639C,WRONG_ANSWER
17016487,1459241862,658B,OK
17013893,1459227430,658C,OK
17013883,1459227385,658C,WRONG_ANSWER
17013868,1459227219,658C,WRONG_ANSWER
16997022,1459185459,474C,OK
16983286,1459148493,474D,OK
16983284,1459148483,474D,COMPILATION_ERROR
16983269,1459148353,474D,WRONG_ANSWER
16978602,1459110610,638C,OK
16976920,1459100964,645D,OK
16976892,1459100843,645D,WRONG_ANSWER
16972276,1459088379,652D,WRONG_ANSWER
16972226,1459088099,652D,OK
16965783,1459059081,652D,TIME_LIMIT_EXCEEDED
16965724,1459058736,652D,TIME_LIMIT_EXCEEDED
16965698,1459058560,652D,TIME_LIMIT_EXCEEDED
16960759,1459017272,638B,OK
16939711,1458937699,652C,OK
16939682,1458937568,652C,TIME_LIMIT_EXCEEDED
16939236,1458936068,652A,OK
16939223,1458936029,652A,TIME_LIMIT_EXCEEDED
16939214,1458935967,652A,WRONG_ANSWER
16939058,1458935466,652B,OK
16937261,1458930988,126B,OK
16937228,1458930922,126B,WRONG_ANSWER
16936996,1458930457,126B,WRONG_ANSWER
16908385,1458831772,496D,OK
16907877,1458830100,496D,WRONG_ANSWER
16907825,1458829952,496D,WRONG_ANSWER
16907386,1458828374,496D,WRONG_ANSWER
16812631,1458381603,653C,OK
16807882,1458377414,653B,OK
16805990,1458376769,653A,OK
16803162,1458369715,655C,OK
16802644,1458368067,655C,TIME_LIMIT_EXCEEDED
16802485,1458367575,655C,WRONG_ANSWER
16802204,1458366669,655C,WRONG_ANSWER
16802026,1458366077,655C,WRONG_ANSWER
16801196,1458362714,655B,OK
16780725,1458301662,644B,OK
16780609,1458301164,644B,TIME_LIMIT_EXCEEDED
16779628,1458296962,637D,OK
16779607,1458296827,637D,WRONG_ANSWER
16779581,1458296688,637D,WRONG_ANSWER
16725988,1458040309,637C,OK
16725913,1458039804,637B,OK
16725794,1458038703,637B,OK
16679270,1457807416,463C,OK
16679258,1457807374,463C,WRONG_ANSWER
16679155,1457807050,463C,WRONG_ANSWER
16679138,1457806999,463C,WRONG_ANSWER
16643872,1457678705,471C,OK
16643491,1457676316,380A,OK
16643479,1457676262,380A,WRONG_ANSWER
16643453,1457676166,380A,OK
16643436,1457676051,380A,TIME_LIMIT_EXCEEDED
16643184,1457674629,380A,TIME_LIMIT_EXCEEDED
16638520,1457636230,501C,OK
16620890,1457542228,581D,OK
16611831,1457502455,633C,TIME_LIMIT_EXCEEDED
16611818,1457502350,633C,TIME_LIMIT_EXCEEDED
16611811,1457502276,633C,OK
16611797,1457502138,633C,TIME_LIMIT_EXCEEDED
16611785,1457502022,633C,TIME_LIMIT_EXCEEDED
16611773,1457501922,633C,TIME_LIMIT_EXCEEDED
16611758,1457501805,633C,TIME_LIMIT_EXCEEDED
16611743,1457501664,633C,OK
16611728,1457501564,633C,TIME_LIMIT_EXCEEDED
16611717,1457501473,633C,TIME_LIMIT_EXCEEDED
16611703,1457501391,633C,TIME_LIMIT_EXCEEDED
16611673,1457501201,633C,TIME_LIMIT_EXCEEDED
16611659,1457501100,633C,TIME_LIMIT_EXCEEDED
16611640,1457500995,633C,TIME_LIMIT_EXCEEDED
16611625,1457500858,633C,TIME_LIMIT_EXCEEDED
16611572,1457500357,633C,WRONG_ANSWER
16603688,1457449899,129B,OK
16603547,1457449455,129B,WRONG_ANSWER
16598066,1457427973,651D,OK
16597840,1457427027,651D,WRONG_ANSWER
16597732,1457426612,651D,WRONG_ANSWER
16586121,1457363461,651D,WRONG_ANSWER
16580986,1457349895,651D,TIME_LIMIT_EXCEEDED
16577872,1457348318,651D,TIME_LIMIT_EXCEEDED
16570710,1457344963,651C,OK
16570472,1457344889,651C,RUNTIME_ERROR
16566895,1457343853,651B,OK
16565094,1457343438,651A,OK
16562878,1457342938,651A,WRONG_ANSWER
16561149,1457333518,15C,WRONG_ANSWER
16560992,1457332023,15C,WRONG_ANSWER
16560854,1457330818,630L,OK
16560848,1457330761,630L,MEMORY_LIMIT_EXCEEDED
16546316,1457246632,633D,OK
16546302,1457246588,633D,WRONG_ANSWER
16546253,1457246438,633D,TIME_LIMIT_EXCEEDED
16546228,1457246343,633D,TIME_LIMIT_EXCEEDED
16501314,1457033540,631C,OK
16501287,1457033497,631C,WRONG_ANSWER
16501154,1457033285,631C,WRONG_ANSWER
16499469,1457029948,631C,WRONG_ANSWER
16489897,1457024283,631B,OK
16489750,1457024226,631B,MEMORY_LIMIT_EXCEEDED
16486560,1457023231,631A,OK
16476442,1456979850,632C,OK
16470309,1456941507,632B,OK
16470090,1456940612,632B,WRONG_ANSWER
16466669,1456928760,635B,OK
16466624,1456928607,635B,WRONG_ANSWER
16466300,1456927673,635B,WRONG_ANSWER
16271707,1456120268,629D,OK
16271524,1456119152,629D,RUNTIME_ERROR
16267128,1456084575,629D,RUNTIME_ERROR
16246720,1455993132,629D,WRONG_ANSWER
16244686,1455991829,629D,WRONG_ANSWER
16243879,1455991244,629D,WRONG_ANSWER
16235256,1455986889,629B,OK
16233085,1455986400,629A,OK
16229826,1455975564,628B,OK
16229773,1455975411,628B,TIME_LIMIT_EXCEEDED
16229747,1455975330,628B,TIME_LIMIT_EXCEEDED
16229444,1455974317,630D,OK
16197596,1455877414,630C,OK
16197489,1455877000,630B,OK
16197477,1455876967,630B,MEMORY_LIMIT_EXCEEDED
16093962,1455739277,224C,WRONG_ANSWER
16093950,1455739226,224C,WRONG_ANSWER
16092101,1455739042,224C,RUNTIME_ERROR
16092053,1455738809,224C,WRONG_ANSWER
16067976,1455698639,224B,OK
16067923,1455698354,224B,WRONG_ANSWER
16067915,1455698317,224B,WRONG_ANSWER
16067805,1455697816,224B,WRONG_ANSWER
16067735,1455697425,224B,WRONG_ANSWER
16039146,1455564448,208C,WRONG_ANSWER
16039022,1455563889,208C,WRONG_ANSWER
16039010,1455563860,208C,COMPILATION_ERROR
16038973,1455563636,208C,TIME_LIMIT_EXCEEDED
16038928,1455563405,208C,TIME_LIMIT_EXCEEDED
16038748,1455562642,208C,TIME_LIMIT_EXCEEDED
16033161,1455541570,195B,OK
16033101,1455541310,195B,WRONG_ANSWER
16027512,1455515186,620E,OK
16027426,1455514574,620E,WRONG_ANSWER
16022598,1455475794,219C,OK
16021352,1455470387,233B,OK
16021313,1455470187,233B,WRONG_ANSWER
16013468,1455430732,626D,OK
16013125,1455428676,626D,WRONG_ANSWER
16009348,1455397531,626D,WRONG_ANSWER
16005387,1455392432,626D,WRONG_ANSWER
16004808,1455392017,626D,TIME_LIMIT_EXCEEDED
15999656,1455388656,626C,OK
15999077,1455388355,626C,WRONG_ANSWER
15997249,1455387486,626B,OK
15996989,1455387373,626B,WRONG_ANSWER
15992680,1455385635,626A,OK
15990122,1455381468,235A,OK
15990037,1455381006,235A,WRONG_ANSWER
15990001,1455380834,235A,WRONG_ANSWER
15976281,1455301219,228B,OK
15975756,1455299195,244B,OK
15967027,1455262841,244B,TIME_LIMIT_EXCEEDED
15966945,1455262471,244B,WRONG_ANSWER
15966510,1455259130,244B,WRONG_ANSWER
15962544,1455217505,228B,WRONG_ANSWER
15961891,1455215218,226A,OK
15956598,1455197095,483B,OK
15953524,1455183132,281B,OK
15953513,1455183081,281B,WRONG_ANSWER
15943315,1455123427,622C,OK
15940987,1455121689,622B,OK
15929914,1455112356,625C,OK
15929624,1455111130,625B,OK
15929608,1455111053,625B,WRONG_ANSWER
15929456,1455110531,625B,WRONG_ANSWER
15929328,1455109988,141C,OK
15924279,1455078996,141C,WRONG_ANSWER
15924260,1455078859,141C,WRONG_ANSWER
15917923,1455035296,141C,WRONG_ANSWER
15914653,1455025820,237B,OK
15914226,1455025283,237B,WRONG_ANSWER
15909296,1455012984,237C,OK
15908484,1455010705,237C,WRONG_ANSWER
15907982,1455009078,222C,OK
15907732,1455008333,222C,MEMORY_LIMIT_EXCEEDED
15907438,1455007349,222C,WRONG_ANSWER
15907402,1455007179,222C,WRONG_ANSWER
15901636,1454960392,222C,TIME_LIMIT_EXCEEDED
15901458,1454959657,222C,TIME_LIMIT_EXCEEDED
15901424,1454959488,222C,MEMORY_LIMIT_EXCEEDED
15901359,1454959199,222C,TIME_LIMIT_EXCEEDED
15901345,1454959120,222C,MEMORY_LIMIT_EXCEEDED
15900375,1454954576,222C,WRONG_ANSWER
15900235,1454953989,222C,WRONG_ANSWER
15895730,1454935868,279C,OK
15895700,1454935757,279C,WRONG_ANSWER
15895685,1454935702,279C,WRONG_ANSWER
15894997,1454932836,279C,WRONG_ANSWER
15894979,1454932718,279C,WRONG_ANSWER
15894835,1454931820,279C,WRONG_ANSWER
15894465,1454929754,242C,OK
15893919,1454926838,242C,TIME_LIMIT_EXCEEDED
15893899,1454926735,242C,TIME_LIMIT_EXCEEDED
15891357,1454912438,246C,OK
15891343,1454912301,246C,WRONG_ANSWER
15891181,1454911254,246C,TIME_LIMIT_EXCEEDED
15891012,1454910000,248B,OK
15886305,1454876258,231C,OK
15886287,1454876191,231C,WRONG_ANSWER
15885260,1454872834,231C,WRONG_ANSWER
15885152,1454872522,231C,WRONG_ANSWER
15882257,1454863609,301A,OK
15882241,1454863551,301A,WRONG_ANSWER
15842778,1454764244,301A,WRONG_ANSWER
15826400,1454680143,519D,OK
15826380,1454680099,519C,WRONG_ANSWER
15826328,1454679973,519D,WRONG_ANSWER
15825872,1454678641,519C,OK
15823229,1454668882,255C,OK
15823214,1454668832,255C,WRONG_ANSWER
15807551,1454611034,624C,OK
15797771,1454606768,624B,OK
15794064,1454606069,624A,OK
15790877,1454603387,255C,WRONG_ANSWER
15790549,1454602250,261A,OK
15788031,1454592942,268C,OK
15788006,1454592864,268C,WRONG_ANSWER
15776971,1454530024,449B,OK
15776921,1454529824,449B,WRONG_ANSWER
15776902,1454529706,449B,WRONG_ANSWER
15776640,1454528458,449B,WRONG_ANSWER
15776219,1454526737,449B,WRONG_ANSWER
15776175,1454526595,449B,WRONG_ANSWER
15776147,1454526488,449B,MEMORY_LIMIT_EXCEEDED
15775979,1454525895,449B,WRONG_ANSWER
15775919,1454525707,449B,WRONG_ANSWER
15775893,1454525631,449B,MEMORY_LIMIT_EXCEEDED
15774864,1454521983,278B,OK
15767162,1454498993,558C,OK
15766713,1454497317,558C,WRONG_ANSWER
15762649,1454478155,515C,OK
15762239,1454475259,515C,WRONG_ANSWER
15751100,1454420161,510B,OK
15751086,1454420134,510B,WRONG_ANSWER
15748077,1454409611,510C,OK
15748066,1454409567,510C,WRONG_ANSWER
15747954,1454409028,510C,WRONG_ANSWER
15747916,1454408842,510C,WRONG_ANSWER
15747799,1454408291,510C,WRONG_ANSWER
15738205,1454352820,282C,OK
15738161,1454352616,282C,WRONG_ANSWER
15737965,1454351870,282C,WRONG_ANSWER
15737521,1454350121,286A,OK
15736798,1454347805,1A,OK
15736704,1454347562,1A,WRONG_ANSWER
15724741,1454303316,611C,OK
15718367,1454266678,621C,OK
15718352,1454266629,621C,WRONG_ANSWER
15701337,1454250483,621B,OK
15696453,1454249386,621A,OK
15695363,1454248493,283A,OK
15695337,1454248405,283A,TIME_LIMIT_EXCEEDED
15695283,1454248215,283A,TIME_LIMIT_EXCEEDED
15695260,1454248099,283A,TIME_LIMIT_EXCEEDED
15692880,1454238285,272B,OK
15692413,1454236125,271B,OK
15690036,1454222034,618C,OK
15690020,1454221930,618C,OK
15689963,1454221458,618C,WRONG_ANSWER
15689613,1454218991,618C,WRONG_ANSWER
15689515,1454218340,618C,WRONG_ANSWER
15689486,1454218138,618C,WRONG_ANSWER
15677109,1454152038,618C,WRONG_ANSWER
15677031,1454151603,618C,TIME_LIMIT_EXCEEDED
15676345,1454148398,618C,WRONG_ANSWER
15676242,1454147905,618C,WRONG_ANSWER
15675752,1454145477,618C,WRONG_ANSWER
15675521,1454144340,618B,OK
15675325,1454143371,618A,OK
15648129,1454081017,295A,OK
15648064,1454080772,295A,WRONG_ANSWER
15648004,1454080546,295A,WRONG_ANSWER
15647944,1454080355,295A,WRONG_ANSWER
15643474,1454062952,303A,OK
15642878,1454060421,312B,OK
15642669,1454059439,297B,OK
15642004,1454056771,299A,OK
15641980,1454056685,299A,WRONG_ANSWER
15639820,1454046021,297A,OK
15639758,1454045630,297A,WRONG_ANSWER
15639608,1454044652,297A,WRONG_ANSWER
15639567,1454044351,297A,WRONG_ANSWER
15639348,1454042955,297A,WRONG_ANSWER
15639332,1454042747,297A,WRONG_ANSWER
15608861,1453887981,620E,OK
15608840,1453887794,620E,TIME_LIMIT_EXCEEDED
15606587,1453877807,300B,OK
15606513,1453877460,300B,WRONG_ANSWER
15606490,1453877373,300B,WRONG_ANSWER
15605824,1453874401,620E,OK
15605799,1453874290,620E,MEMORY_LIMIT_EXCEEDED
15605737,1453873949,620E,WRONG_ANSWER
15605719,1453873839,620E,MEMORY_LIMIT_EXCEEDED
15605647,1453873516,620E,WRONG_ANSWER
15605601,1453873289,620E,WRONG_ANSWER
15605469,1453872574,620E,TIME_LIMIT_EXCEEDED
15605361,1453872010,620E,TIME_LIMIT_EXCEEDED
15599667,1453833597,620E,WRONG_ANSWER
15588590,1453794052,313C,OK
15588541,1453793873,313C,RUNTIME_ERROR
15588511,1453793784,313C,WRONG_ANSWER
15588043,1453792003,313C,WRONG_ANSWER
15587279,1453789157,315B,OK
15586953,1453787910,617D,OK
15586671,1453786778,340C,OK
15573457,1453726915,318B,OK
15539256,1453573519,617C,OK
15532155,1453567816,617C,WRONG_ANSWER
15528565,1453566382,617C,WRONG_ANSWER
15525879,1453565447,617B,OK
15524425,1453564958,617B,WRONG_ANSWER
15524251,1453564891,617B,WRONG_ANSWER
15522335,1453564364,617B,WRONG_ANSWER
15521365,1453564122,617B,WRONG_ANSWER
15520916,1453564033,617B,WRONG_ANSWER
15517673,1453563484,617A,OK
15514842,1453556046,229B,OK
15509907,1453534000,527C,OK
15504282,1453495226,229B,WRONG_ANSWER
15504197,1453494491,229B,WRONG_ANSWER
15504169,1453494288,229B,WRONG_ANSWER
15504052,1453493396,229B,TIME_LIMIT_EXCEEDED
15503955,1453492733,229B,WRONG_ANSWER
15502642,1453485240,591C,OK
15501711,1453481079,339D,OK
15498468,1453467716,311A,OK
15498461,1453467694,311A,WRONG_ANSWER
15498401,1453467498,311A,WRONG_ANSWER
15498391,1453467436,311A,WRONG_ANSWER
15498378,1453467396,311A,WRONG_ANSWER
15498329,1453467224,311A,WRONG_ANSWER
15498328,1453467224,311A,WRONG_ANSWER
15484280,1453399198,620E,TIME_LIMIT_EXCEEDED
15484047,1453398543,620E,WRONG_ANSWER
15483740,1453397759,620E,TIME_LIMIT_EXCEEDED
15483186,1453396552,620E,WRONG_ANSWER
15483065,1453396291,620E,WRONG_ANSWER
15482720,1453395590,620E,WRONG_ANSWER
15480463,1453393785,620C,OK
15478949,1453392592,620B,OK
15478569,1453392298,620A,OK
15471448,1453388837,334B,OK
15466812,1453372585,332B,OK
15466795,1453372504,332B,COMPILATION_ERROR
15466764,1453372327,332B,WRONG_ANSWER
15466525,1453370889,332B,TIME_LIMIT_EXCEEDED
15466513,1453370812,332B,TIME_LIMIT_EXCEEDED
15466468,1453370547,332B,TIME_LIMIT_EXCEEDED
15465617,1453366512,333A,OK
15457803,1453314702,333A,WRONG_ANSWER
15457799,1453314685,333A,WRONG_ANSWER
15457787,1453314628,333A,WRONG_ANSWER
15457388,1453312238,333A,WRONG_ANSWER
15440874,1453211069,337C,OK
15440849,1453210954,337C,WRONG_ANSWER
15440846,1453210926,337C,COMPILATION_ERROR
15440674,1453210054,337C,TIME_LIMIT_EXCEEDED
15440444,1453209054,337C,TIME_LIMIT_EXCEEDED
15439767,1453206140,337B,OK
15439747,1453206065,337B,WRONG_ANSWER
15431225,1453140775,330B,OK
15430882,1453139223,322B,OK
15430660,1453138073,322B,WRONG_ANSWER
15430541,1453137509,348A,OK
15427115,1453121535,329A,OK
15426910,1453120622,329A,WRONG_ANSWER
15426893,1453120558,329A,WRONG_ANSWER
15421788,1453095968,332A,OK
15421780,1453095923,332A,WRONG_ANSWER
15421501,1453094137,354A,OK
15352943,1452790653,614B,WRONG_ANSWER
15347454,1452789609,614A,CHALLENGED
15347116,1452789541,614A,WRONG_ANSWER
15342627,1452767214,358B,OK
15342580,1452766961,358B,WRONG_ANSWER
15342525,1452766460,358B,WRONG_ANSWER
15342521,1452766418,358B,WRONG_ANSWER
15341083,1452755682,360A,OK
15340833,1452753856,360A,WRONG_ANSWER
15340797,1452753598,360A,WRONG_ANSWER
15340731,1452753175,360A,WRONG_ANSWER
15340373,1452750144,342B,OK
15340314,1452749736,342B,TIME_LIMIT_EXCEEDED
15340273,1452749347,342B,TIME_LIMIT_EXCEEDED
15340265,1452749268,342B,WRONG_ANSWER
15340241,1452749088,342B,WRONG_ANSWER
15335304,1452708873,343B,OK
15335183,1452708367,343B,WRONG_ANSWER
15334919,1452707247,343B,WRONG_ANSWER
15332735,1452697701,357B,OK
15330381,1452686884,350C,OK
15329655,1452682968,359B,OK
15328353,1452674944,356A,OK
15328222,1452674193,356A,TIME_LIMIT_EXCEEDED
15328147,1452673753,356A,TIME_LIMIT_EXCEEDED
15327773,1452671210,363C,OK
15327767,1452671147,363C,WRONG_ANSWER
15327239,1452667214,362A,OK
15327201,1452666944,362A,WRONG_ANSWER
15327085,1452666117,362A,WRONG_ANSWER
15327067,1452666009,362A,WRONG_ANSWER
15321696,1452624457,384B,OK
15321328,1452623054,384B,WRONG_ANSWER
15320554,1452619707,361B,OK
15320483,1452619437,361B,WRONG_ANSWER
15320418,1452619109,361B,WRONG_ANSWER
15315418,1452602897,616D,OK
15315393,1452602793,616D,WRONG_ANSWER
15311743,1452598601,616D,WRONG_ANSWER
15311736,1452598552,616D,WRONG_ANSWER
15311678,1452598317,616D,WRONG_ANSWER
15311648,1452598253,616D,MEMORY_LIMIT_EXCEEDED
15311603,1452598058,616D,WRONG_ANSWER
15303498,1452538654,616C,OK
15302878,1452535876,616C,WRONG_ANSWER
15301550,1452532029,616B,OK
15277774,1452414791,576A,OK
15277682,1452414294,576A,WRONG_ANSWER
15277664,1452414233,576A,WRONG_ANSWER
15277381,1452412295,460C,OK
15272900,1452362511,158D,OK
15272875,1452362346,158D,WRONG_ANSWER
15272721,1452361360,158B,OK
15272707,1452361264,158B,WRONG_ANSWER
15272666,1452361028,158B,WRONG_ANSWER
15272607,1452360619,370A,OK
15272224,1452358307,369C,OK
15272154,1452357815,369C,WRONG_ANSWER
15269910,1452344982,369B,OK
15269826,1452344536,369B,RUNTIME_ERROR
15269761,1452344173,369B,WRONG_ANSWER
15269092,1452340824,372A,OK
15268967,1452340280,372A,WRONG_ANSWER
15268900,1452339994,372A,WRONG_ANSWER
15267943,1452336038,372A,WRONG_ANSWER
15267930,1452335977,372A,WRONG_ANSWER
15267759,1452335290,372A,WRONG_ANSWER
15266531,1452329620,372A,WRONG_ANSWER
15265952,1452326915,615D,WRONG_ANSWER
15264540,1452319936,615C,OK
15250289,1452267198,615B,OK
15247498,1452265806,615B,WRONG_ANSWER
15239973,1452262354,615A,OK
15234931,1452246450,378B,OK
15234917,1452246388,378B,WRONG_ANSWER
15234133,1452241643,383A,OK
15233218,1452235719,385C,OK
15232458,1452230743,387C,OK
15229133,1452193708,387C,WRONG_ANSWER
15229087,1452193363,387C,WRONG_ANSWER
15228636,1452190790,387C,WRONG_ANSWER
15228419,1452189481,387C,WRONG_ANSWER
15228400,1452189376,387C,WRONG_ANSWER
15227948,1452187020,371C,OK
15226374,1452177775,371C,WRONG_ANSWER
15226269,1452177185,371C,WRONG_ANSWER
15223324,1452161162,367A,OK
15223096,1452159646,367A,WRONG_ANSWER
15222608,1452156700,366B,OK
15221553,1452150232,377A,OK
15221295,1452148521,377A,TIME_LIMIT_EXCEEDED
15221277,1452148379,377A,WRONG_ANSWER
15221033,1452146152,376B,OK
15220977,1452145545,376B,WRONG_ANSWER
15212939,1452102972,371D,OK
15212794,1452102093,371D,WRONG_ANSWER
15208394,1452092508,472D,TIME_LIMIT_EXCEEDED
15208388,1452092487,472D,TIME_LIMIT_EXCEEDED
15208376,1452092445,472D,TIME_LIMIT_EXCEEDED
15208366,1452092389,472D,TIME_LIMIT_EXCEEDED
15208347,1452092299,472D,TIME_LIMIT_EXCEEDED
15208319,1452092144,472D,TIME_LIMIT_EXCEEDED
15208291,1452091974,472D,TIME_LIMIT_EXCEEDED
15208214,1452091692,472D,OK
15208181,1452091516,472D,TIME_LIMIT_EXCEEDED
15208158,1452091435,472D,TIME_LIMIT_EXCEEDED
15208087,1452091124,472D,TIME_LIMIT_EXCEEDED
15208056,1452090975,472D,TIME_LIMIT_EXCEEDED
15208032,1452090871,472D,TIME_LIMIT_EXCEEDED
15207979,1452090697,472D,TIME_LIMIT_EXCEEDED
15207925,1452090431,472D,WRONG_ANSWER
15204635,1452087758,472D,TIME_LIMIT_EXCEEDED
15204617,1452087689,472D,WRONG_ANSWER
15204286,1452086090,472D,WRONG_ANSWER
15204080,1452084805,472D,WRONG_ANSWER
15204074,1452084740,472D,WRONG_ANSWER
15203744,1452082664,472D,WRONG_ANSWER
15203728,1452082595,472D,RUNTIME_ERROR
15201725,1452070700,382C,OK
15201688,1452070481,382C,WRONG_ANSWER
15200331,1452061660,276D,OK
15192185,1452002966,205B,OK
15192170,1452002911,205B,COMPILATION_ERROR
15189745,1451988050,427B,OK
15189532,1451986560,400C,OK
15188007,1451975603,412C,OK
15187863,1451974590,412B,OK
15187858,1451974526,412B,WRONG_ANSWER
15187831,1451974318,389B,OK
15187439,1451970560,400B,OK
15187424,1451970453,400B,WRONG_ANSWER
15171646,1451844911,405B,OK
15171618,1451844689,405B,WRONG_ANSWER
15169461,1451831829,431C,OK
15169389,1451831539,431C,WRONG_ANSWER
15169249,1451830746,431C,WRONG_ANSWER
15169241,1451830708,611C,WRONG_ANSWER
15169173,1451830306,431C,WRONG_ANSWER
15169139,1451830114,431C,WRONG_ANSWER
15168609,1451826969,414B,OK
15161697,1451760068,414B,TIME_LIMIT_EXCEEDED
15161068,1451756045,414B,WRONG_ANSWER
15161004,1451755573,405C,OK
15148590,1451655841,431B,OK
15147710,1451649840,611B,OK
15147694,1451649767,611B,WRONG_ANSWER
15147647,1451649463,611B,WRONG_ANSWER
15147530,1451648574,611B,WRONG_ANSWER
15147098,1451644702,611C,TIME_LIMIT_EXCEEDED
15147007,1451643809,611C,TIME_LIMIT_EXCEEDED
15146874,1451642528,611C,TIME_LIMIT_EXCEEDED
15146355,1451638409,611A,OK
15139542,1451581908,610B,OK
15139323,1451580491,610A,OK
15139299,1451580309,610A,TIME_LIMIT_EXCEEDED
15035323,1451150910,420A,OK
15034105,1451144811,425A,OK
15034038,1451144464,425A,WRONG_ANSWER
15034025,1451144412,425A,COMPILATION_ERROR
15033705,1451142690,409H,OK
15033683,1451142550,409H,WRONG_ANSWER
15033672,1451142505,409H,WRONG_ANSWER
15033644,1451142418,409H,WRONG_ANSWER
15033626,1451142347,409H,WRONG_ANSWER
15033582,1451142081,409H,WRONG_ANSWER
15030740,1451128947,483B,TIME_LIMIT_EXCEEDED
15030410,1451127277,483B,WRONG_ANSWER
15027674,1451115268,483C,OK
15027164,1451112884,426B,OK
15021370,1451069337,612C,OK
15020016,1451064607,612C,WRONG_ANSWER
15019989,1451064553,612C,WRONG_ANSWER
15012033,1451057722,612B,OK
15010452,1451056967,612A,OK
15008158,1451055513,608C,OK
15007575,1451053156,608C,TIME_LIMIT_EXCEEDED
15007376,1451052309,608C,WRONG_ANSWER
15007340,1451052136,608C,RUNTIME_ERROR
14957237,1450895383,608B,OK
14953854,1450893465,608B,WRONG_ANSWER
14952612,1450892794,608B,WRONG_ANSWER
14949575,1450891364,608B,TIME_LIMIT_EXCEEDED
14946700,1450890227,608B,TIME_LIMIT_EXCEEDED
14943844,1450889326,608A,OK
14940258,1450882088,425A,WRONG_ANSWER
14939843,1450880502,425A,WRONG_ANSWER
14939763,1450880196,425A,WRONG_ANSWER
14939652,1450879774,425A,RUNTIME_ERROR
14939182,1450877774,425A,WRONG_ANSWER
14939040,1450877204,425A,WRONG_ANSWER
14936835,1450866798,417C,TIME_LIMIT_EXCEEDED
14935882,1450862193,417C,OK
14935832,1450862007,417C,TIME_LIMIT_EXCEEDED
14935820,1450861946,417C,WRONG_ANSWER
14933638,1450850197,436A,OK
14933480,1450849306,436A,WRONG_ANSWER
14933431,1450848871,436A,WRONG_ANSWER
14929869,1450812401,436A,WRONG_ANSWER
14929715,1450811591,436A,WRONG_ANSWER
14929226,1450808990,449A,OK
14929208,1450808918,449A,WRONG_ANSWER
14929167,1450808718,449A,WRONG_ANSWER
14929125,1450808530,449A,WRONG_ANSWER
14929008,1450807837,449A,WRONG_ANSWER
14928737,1450806256,449A,WRONG_ANSWER
14924675,1450785318,446A,OK
14924590,1450784904,446A,WRONG_ANSWER
14924488,1450784357,446A,WRONG_ANSWER
14924466,1450784218,446A,WRONG_ANSWER
14924462,1450784186,446A,WRONG_ANSWER
14924403,1450783886,446A,WRONG_ANSWER
14924353,1450783606,446A,WRONG_ANSWER
14924275,1450783289,446A,WRONG_ANSWER
14924204,1450782960,446A,WRONG_ANSWER
14924062,1450782165,446A,WRONG_ANSWER
14924044,1450782098,446A,WRONG_ANSWER
14923888,1450781283,446A,WRONG_ANSWER
14923736,1450780467,446A,WRONG_ANSWER
14923630,1450779896,446A,WRONG_ANSWER
14923448,1450778801,446A,WRONG_ANSWER
14921966,1450769854,446A,WRONG_ANSWER
14916941,1450721518,429A,OK
14916899,1450721294,429A,WRONG_ANSWER
14916718,1450720292,429A,WRONG_ANSWER
14909760,1450689996,486C,OK
14909703,1450689624,486C,WRONG_ANSWER
14909659,1450689347,486C,WRONG_ANSWER
14909640,1450689252,486C,WRONG_ANSWER
14909207,1450688871,486C,WRONG_ANSWER
14899189,1450616303,437B,OK
14898254,1450612051,437B,WRONG_ANSWER
14896658,1450603779,609C,OK
14896640,1450603722,609C,WRONG_ANSWER
14896431,1450602553,609C,OK
14896248,1450601683,609C,WRONG_ANSWER
14896241,1450601643,609C,COMPILATION_ERROR
14896134,1450601173,609C,WRONG_ANSWER
14895928,1450600319,609C,WRONG_ANSWER
14895581,1450598632,609B,OK
14895570,1450598570,609B,WRONG_ANSWER
14889297,1450546928,436B,OK
14889007,1450546147,436B,TIME_LIMIT_EXCEEDED
14888836,1450545741,436B,WRONG_ANSWER
14876874,1450535063,432B,OK
14876515,1450533344,433B,OK
14871664,1450510468,448B,OK
14871552,1450509852,448B,WRONG_ANSWER
14870918,1450505958,454B,OK
14870897,1450505767,454B,WRONG_ANSWER
14870703,1450504301,454B,WRONG_ANSWER
14870604,1450503666,454B,WRONG_ANSWER
14865889,1450462874,452A,OK
14865840,1450462753,452A,WRONG_ANSWER
14865105,1450460472,522A,OK
14860147,1450439857,522B,OK
14847176,1450362825,550B,OK
14758345,1449840006,606B,OK
14758228,1449839554,606B,WRONG_ANSWER
14758166,1449839351,606B,WRONG_ANSWER
14754049,1449819339,605A,OK
14754013,1449819140,605A,WRONG_ANSWER
14749157,1449773685,604B,OK
14748758,1449771723,604B,WRONG_ANSWER
14748681,1449771308,604B,WRONG_ANSWER
14748491,1449770460,604B,WRONG_ANSWER
14748395,1449769986,604B,WRONG_ANSWER
14748359,1449769864,604B,TIME_LIMIT_EXCEEDED
14747001,1449764323,604B,TIME_LIMIT_EXCEEDED
14671805,1449381619,604C,OK
14671755,1449381123,604C,WRONG_ANSWER
14671729,1449380909,604C,WRONG_ANSWER
14671571,1449379176,604C,WRONG_ANSWER
14561567,1448820350,600C,OK
14560989,1448816973,600B,OK
14527071,1448648326,601A,OK
14526966,1448648170,601A,OK
14526922,1448648111,601A,WRONG_ANSWER
14526888,1448648050,601A,OK
14526846,1448647987,601A,OK
14526810,1448647916,601A,OK
14526775,1448647814,601A,OK
14526646,1448647560,601A,WRONG_ANSWER
14526594,1448647467,601A,WRONG_ANSWER
14526574,1448647410,601A,WRONG_ANSWER
14526367,1448647021,601A,WRONG_ANSWER
14526227,1448646785,601A,WRONG_ANSWER
14526141,1448646669,601A,WRONG_ANSWER
14526055,1448646490,601A,WRONG_ANSWER
14525763,1448645976,601A,WRONG_ANSWER
14525241,1448645108,601A,WRONG_ANSWER
14494503,1448549505,601A,OK
14494357,1448548958,601A,OK
14494313,1448548781,601A,WRONG_ANSWER
14494288,1448548682,601A,WRONG_ANSWER
14494264,1448548603,601A,WRONG_ANSWER
14494209,1448548391,601A,WRONG_ANSWER
14493548,1448545208,601A,TIME_LIMIT_EXCEEDED
14463877,1448433961,602B,OK
14463854,1448433880,602B,OK
14463756,1448433270,602B,WRONG_ANSWER
14463675,1448432779,602B,WRONG_ANSWER
14463617,1448432487,602B,WRONG_ANSWER
14437595,1448359960,557C,OK
14422445,1448261572,540C,OK
14422392,1448261131,540C,OK
14422273,1448260085,540C,TIME_LIMIT_EXCEEDED
14422245,1448259836,540C,OK
14422074,1448258254,540C,WRONG_ANSWER
14411328,1448183510,551B,WRONG_ANSWER
14411205,1448182946,551B,OK
14410868,1448181159,551B,WRONG_ANSWER
14410860,1448181125,551B,WRONG_ANSWER
14410841,1448181045,551B,WRONG_ANSWER
14410082,1448176075,551B,WRONG_ANSWER
14410049,1448175835,551B,WRONG_ANSWER
14409924,1448175047,551B,WRONG_ANSWER
14409713,1448173500,551B,WRONG_ANSWER
14409678,1448173214,551B,WRONG_ANSWER
14409655,1448172952,551B,WRONG_ANSWER
14409614,1448172593,551B,WRONG_ANSWER
14409572,1448172350,551B,WRONG_ANSWER
14409541,1448172144,551B,WRONG_ANSWER
14409365,1448170589,573B,OK
14385528,1448047201,599B,OK
14385492,1448047145,599B,WRONG_ANSWER
14385235,1448046861,599C,OK
14385206,1448046802,599C,WRONG_ANSWER
14385156,1448046709,599C,WRONG_ANSWER
14385091,1448046589,599C,WRONG_ANSWER
14384644,1448045937,599C,WRONG_ANSWER
14383881,1448044413,599C,WRONG_ANSWER
14381419,1448043701,599C,WRONG_ANSWER
14377067,1448041501,599C,WRONG_ANSWER
14373096,1448039815,599B,WRONG_ANSWER
14372443,1448039565,599B,RUNTIME_ERROR
14372251,1448039495,599B,WRONG_ANSWER
14368459,1448038317,599A,OK
14347168,1447954155,596C,OK
14347077,1447953753,596C,WRONG_ANSWER
14347036,1447953575,596C,WRONG_ANSWER
14342426,1447939774,596C,WRONG_ANSWER
14342367,1447939470,596C,WRONG_ANSWER
14340424,1447930193,596C,WRONG_ANSWER
14321283,1447826765,578B,OK
14321210,1447826165,578B,WRONG_ANSWER
14321183,1447825984,578B,WRONG_ANSWER
14321174,1447825905,578B,WRONG_ANSWER
14321030,1447824846,578B,WRONG_ANSWER
14320605,1447821610,584C,OK
14320563,1447821282,584C,WRONG_ANSWER
14317900,1447789004,584C,WRONG_ANSWER
14302245,1447697979,598B,OK
14302057,1447697025,598B,OK
14301357,1447693589,598B,WRONG_ANSWER
14301310,1447693346,592C,WRONG_ANSWER
14301284,1447693259,592A,OK
14301247,1447693169,592A,WRONG_ANSWER
14293017,1447650455,596B,OK
14293006,1447650352,596B,WRONG_ANSWER
14240688,1447435580,598A,OK
14222883,1447397794,592C,WRONG_ANSWER
14222453,1447394208,592C,WRONG_ANSWER
14222430,1447394016,592C,WRONG_ANSWER
14222397,1447393818,592C,WRONG_ANSWER
14215329,1447338463,597B,OK
14214977,1447336644,597B,TIME_LIMIT_EXCEEDED
14211149,1447322749,597B,TIME_LIMIT_EXCEEDED
14211028,1447322202,597B,TIME_LIMIT_EXCEEDED
14210731,1447321016,597B,TIME_LIMIT_EXCEEDED
14210683,1447320729,597B,TIME_LIMIT_EXCEEDED
14210664,1447320535,597B,TIME_LIMIT_EXCEEDED
14210660,1447320490,597B,TIME_LIMIT_EXCEEDED
14209047,1447311979,597B,WRONG_ANSWER
14208034,1447305871,597A,OK
14207923,1447305356,597A,WRONG_ANSWER
14207857,1447304982,597A,WRONG_ANSWER
14207713,1447304185,597A,WRONG_ANSWER
14207677,1447303892,597A,WRONG_ANSWER
14081927,1446698556,593A,OK
14075025,1446663382,592A,WRONG_ANSWER
14074992,1446663104,592A,COMPILATION_ERROR
14074632,1446662562,592A,COMPILATION_ERROR
14012584,1446399933,592A,WRONG_ANSWER
13989511,1446315127,592C,WRONG_ANSWER
13985798,1446313462,592B,OK
13977309,1446310317,592A,CHALLENGED
13959881,1446234869,381B,OK
13920921,1446056436,490C,TIME_LIMIT_EXCEEDED
13892519,1445957177,591C,TIME_LIMIT_EXCEEDED
13892488,1445957085,591C,WRONG_ANSWER
13891304,1445953114,591B,OK
13888623,1445941976,527C,TIME_LIMIT_EXCEEDED
13888590,1445941789,527C,WRONG_ANSWER
13867581,1445843523,573B,TIME_LIMIT_EXCEEDED
13867554,1445843399,573B,TIME_LIMIT_EXCEEDED
13867545,1445843342,573B,MEMORY_LIMIT_EXCEEDED
13822854,1445684360,577B,OK
13822829,1445684262,577B,WRONG_ANSWER
13806508,1445596449,445B,OK
13806477,1445596300,445B,WRONG_ANSWER
13805922,1445593231,445B,WRONG_ANSWER
13787974,1445506059,402C,OK
13787856,1445505553,402C,RUNTIME_ERROR
13779933,1445453735,414A,OK
13779923,1445453672,414A,WRONG_ANSWER
13779882,1445453417,414A,WRONG_ANSWER
13779722,1445452487,414A,WRONG_ANSWER
13779690,1445452310,414A,WRONG_ANSWER
13779677,1445452225,414A,WRONG_ANSWER
13779646,1445452059,414A,WRONG_ANSWER
13779635,1445451958,414A,WRONG_ANSWER
13779618,1445451879,414A,WRONG_ANSWER
13779388,1445450512,435B,OK
13779266,1445449913,435B,RUNTIME_ERROR
13775399,1445446190,401B,OK
13772738,1445436172,405C,TIME_LIMIT_EXCEEDED
13772462,1445435194,405C,TIME_LIMIT_EXCEEDED
13749153,1445335178,588C,WRONG_ANSWER
13749107,1445334912,588C,WRONG_ANSWER
13748994,1445334304,588C,WRONG_ANSWER
13748661,1445332663,588B,OK
13748552,1445332132,588A,OK
13675744,1445064470,435B,WRONG_ANSWER
13675710,1445064312,435B,WRONG_ANSWER
13670361,1445020620,588C,OK
13670048,1445019301,443B,OK
13669986,1445019064,443B,WRONG_ANSWER
13669977,1445019032,443B,WRONG_ANSWER
13665641,1445003114,441C,OK
13662039,1444988822,441C,WRONG_ANSWER
13661790,1444987789,441C,WRONG_ANSWER
13613999,1444850641,446A,WRONG_ANSWER
13613924,1444850335,446A,WRONG_ANSWER
13613280,1444847307,446A,WRONG_ANSWER
13613134,1444846641,446A,WRONG_ANSWER
13606961,1444826510,467C,WRONG_ANSWER
13606211,1444823414,550C,OK
13605097,1444818391,583C,WRONG_ANSWER
13604853,1444817198,583C,WRONG_ANSWER
13604843,1444817131,583C,WRONG_ANSWER
13604718,1444816454,583C,WRONG_ANSWER
13599219,1444768425,490B,OK
13599113,1444767830,490B,WRONG_ANSWER
13594413,1444746815,586B,OK
13591792,1444736361,586B,RUNTIME_ERROR
13591468,1444734716,586C,OK
13591340,1444734134,586C,WRONG_ANSWER
13591329,1444734060,586C,WRONG_ANSWER
13591264,1444733722,586C,WRONG_ANSWER
13591121,1444732832,586C,WRONG_ANSWER
13591095,1444732708,586C,WRONG_ANSWER
13591069,1444732559,586C,WRONG_ANSWER
13591044,1444732462,586C,WRONG_ANSWER
13591009,1444732269,586C,WRONG_ANSWER
13590958,1444731996,586C,WRONG_ANSWER
13590920,1444731820,586C,WRONG_ANSWER
13590754,1444731004,586C,WRONG_ANSWER
13590664,1444730645,586C,WRONG_ANSWER
13590642,1444730542,586C,WRONG_ANSWER
13590561,1444730144,586C,WRONG_ANSWER
13335693,1443729552,415B,OK
13335424,1443728121,415B,WRONG_ANSWER
13335254,1443727240,408B,OK
13335044,1443726235,408B,WRONG_ANSWER
13334867,1443725484,449B,WRONG_ANSWER
13334801,1443725279,449B,WRONG_ANSWER
13334709,1443724695,449B,WRONG_ANSWER
13334687,1443724622,449B,WRONG_ANSWER
13334655,1443724470,449B,TIME_LIMIT_EXCEEDED
13334298,1443723028,449B,WRONG_ANSWER
13333386,1443719070,493D,OK
13332793,1443716665,518D,WRONG_ANSWER
13321753,1443641629,507C,OK
13321741,1443641586,507C,WRONG_ANSWER
13321368,1443639950,507C,WRONG_ANSWER
13310798,1443603212,508C,OK
13303878,1443552186,527B,OK
13303360,1443550431,527B,TIME_LIMIT_EXCEEDED
13303265,1443550179,527B,WRONG_ANSWER
13303147,1443549791,527B,WRONG_ANSWER
13303108,1443549676,527B,WRONG_ANSWER
13302376,1443547063,527B,WRONG_ANSWER
13302235,1443546596,527B,WRONG_ANSWER
13292091,1443507125,514C,OK
13292032,1443506857,514C,TIME_LIMIT_EXCEEDED
13291991,1443506620,514C,TIME_LIMIT_EXCEEDED
13291968,1443506496,514C,TIME_LIMIT_EXCEEDED
13291948,1443506382,514C,WRONG_ANSWER
13291838,1443505712,514C,OK
13291755,1443505233,514C,TIME_LIMIT_EXCEEDED
13291733,1443505110,514C,TIME_LIMIT_EXCEEDED
13291700,1443504921,514C,WRONG_ANSWER
13291614,1443504401,514C,WRONG_ANSWER
13291433,1443503087,514C,TIME_LIMIT_EXCEEDED
13291425,1443502988,514C,WRONG_ANSWER
13291302,1443502077,514C,WRONG_ANSWER
13291260,1443501747,514C,WRONG_ANSWER
13279262,1443448726,581C,OK
13279176,1443448542,581C,WRONG_ANSWER
13279010,1443448232,581C,WRONG_ANSWER
13278922,1443448057,581C,WRONG_ANSWER
13278882,1443447993,581C,WRONG_ANSWER
13278633,1443447552,581C,WRONG_ANSWER
13278351,1443447039,581B,OK
13278029,1443446495,581B,TIME_LIMIT_EXCEEDED
13277960,1443446397,581B,WRONG_ANSWER
13277852,1443446224,581B,TIME_LIMIT_EXCEEDED
13277094,1443445253,581C,WRONG_ANSWER
13277078,1443445231,581B,WRONG_ANSWER
13277049,1443445197,581A,OK
13266389,1443432638,495B,OK
13264994,1443432155,495B,WRONG_ANSWER
13258261,1443422888,493C,OK
13258223,1443422659,493C,WRONG_ANSWER
13257767,1443418719,493C,RUNTIME_ERROR
13257736,1443418399,493C,WRONG_ANSWER
13257667,1443417825,493C,WRONG_ANSWER
13257652,1443417670,493C,WRONG_ANSWER
13240913,1443293226,577C,WRONG_ANSWER
13230657,1443261399,577B,TIME_LIMIT_EXCEEDED
13230390,1443260108,577A,OK
13230164,1443259016,505B,OK
13230132,1443258929,505B,WRONG_ANSWER
13230067,1443258703,505B,WRONG_ANSWER
13230030,1443258567,505B,OK
13230010,1443258522,505B,WRONG_ANSWER
13229984,1443258415,505B,WRONG_ANSWER
13229983,1443258402,505B,WRONG_ANSWER
13229962,1443258282,505B,WRONG_ANSWER
13229945,1443258203,505B,WRONG_ANSWER
13229639,1443256503,505B,MEMORY_LIMIT_EXCEEDED
13229532,1443256019,505B,MEMORY_LIMIT_EXCEEDED
13229496,1443255820,505B,MEMORY_LIMIT_EXCEEDED
13229440,1443255476,505B,MEMORY_LIMIT_EXCEEDED
13229413,1443255336,505B,MEMORY_LIMIT_EXCEEDED
13207277,1443111712,526C,WRONG_ANSWER
13207198,1443111453,526C,OK
13207148,1443111268,526C,TIME_LIMIT_EXCEEDED
13207094,1443111073,526C,WRONG_ANSWER
13206983,1443110632,526C,TIME_LIMIT_EXCEEDED
13206341,1443107446,526C,WRONG_ANSWER
13203567,1443096127,526C,WRONG_ANSWER
13203167,1443094359,526C,TIME_LIMIT_EXCEEDED
13203166,1443094347,526C,COMPILATION_ERROR
13203117,1443094148,526C,WRONG_ANSWER
13202979,1443093504,526C,TIME_LIMIT_EXCEEDED
13202498,1443091071,526B,OK
13201714,1443086824,574C,OK
13201666,1443086635,574C,TIME_LIMIT_EXCEEDED
13200853,1443083037,574B,OK
13200830,1443082941,574B,WRONG_ANSWER
13195229,1443041109,580B,OK
13195090,1443040283,580B,WRONG_ANSWER
13195038,1443040031,580B,TIME_LIMIT_EXCEEDED
13194996,1443039850,580B,TIME_LIMIT_EXCEEDED
13194961,1443039619,580B,TIME_LIMIT_EXCEEDED
13194855,1443039066,580B,WRONG_ANSWER
13194789,1443038772,580B,WRONG_ANSWER
13194643,1443038041,580B,WRONG_ANSWER
13194538,1443037480,580B,WRONG_ANSWER
13194318,1443036249,580B,WRONG_ANSWER
13194154,1443035267,580B,TIME_LIMIT_EXCEEDED
13193716,1443032941,580B,RUNTIME_ERROR
13184014,1443009418,580C,OK
13184001,1443009379,580C,COMPILATION_ERROR
13183309,1443007380,580C,WRONG_ANSWER
13183091,1443006756,580C,WRONG_ANSWER
13181641,1443001989,460C,WRONG_ANSWER
13140567,1442925384,416C,OK
13139622,1442921234,416C,WRONG_ANSWER
13138043,1442913997,416A,OK
13138033,1442913954,416A,WRONG_ANSWER
13138022,1442913893,416A,WRONG_ANSWER
13137954,1442913569,416A,WRONG_ANSWER
13137911,1442913396,416A,WRONG_ANSWER
13137532,1442911685,416B,OK
13137416,1442911182,416B,WRONG_ANSWER
13136402,1442905744,424B,OK
13136361,1442905443,424B,WRONG_ANSWER
13131514,1442861367,578B,WRONG_ANSWER
13091919,1442601472,579B,OK
13091802,1442600890,579B,TIME_LIMIT_EXCEEDED
13091360,1442598751,579B,TIME_LIMIT_EXCEEDED
13091340,1442598644,579B,TIME_LIMIT_EXCEEDED
13070118,1442502733,475B,OK
13061640,1442470863,474B,OK
13061502,1442470161,474B,WRONG_ANSWER
13061479,1442470075,474B,RUNTIME_ERROR
13061260,1442468967,474B,RUNTIME_ERROR
13061191,1442468566,474B,RUNTIME_ERROR
12884915,1441632592,575H,WRONG_ANSWER
12861548,1441525823,466B,OK
12861277,1441523871,466B,TIME_LIMIT_EXCEEDED
12861257,1441523704,466B,WRONG_ANSWER
12860824,1441520451,466B,RUNTIME_ERROR
12854653,1441463536,507B,OK
12839982,1441365517,572B,OK
12839943,1441365180,572B,WRONG_ANSWER
12839769,1441363908,520B,OK
12815942,1441201523,496C,OK
12814682,1441194823,496C,RUNTIME_ERROR
12814432,1441193761,496C,WRONG_ANSWER
12802397,1441115417,525C,WRONG_ANSWER
12802354,1441115237,525C,OK
12801837,1441112732,525C,OK
12801819,1441112654,525C,WRONG_ANSWER
12801801,1441112562,525C,WRONG_ANSWER
12801768,1441112348,525C,WRONG_ANSWER
12801519,1441111142,525C,WRONG_ANSWER
12801460,1441110870,525C,WRONG_ANSWER
12801410,1441110695,525C,WRONG_ANSWER
12800626,1441106583,525C,WRONG_ANSWER
12800367,1441104998,525C,WRONG_ANSWER
12800328,1441104733,525C,WRONG_ANSWER
12800317,1441104682,525C,WRONG_ANSWER
12800289,1441104490,525C,WRONG_ANSWER
12800265,1441104292,525C,WRONG_ANSWER
12800203,1441103786,525C,WRONG_ANSWER
12800192,1441103688,525C,WRONG_ANSWER
12800127,1441103170,525C,WRONG_ANSWER
12800096,1441102928,525C,WRONG_ANSWER
12800030,1441102345,525C,WRONG_ANSWER
12799930,1441101636,525C,WRONG_ANSWER
12799550,1441099363,525C,WRONG_ANSWER
12781361,1440964638,572B,WRONG_ANSWER
12781330,1440964400,572B,WRONG_ANSWER
12781302,1440964212,572B,WRONG_ANSWER
12781174,1440963440,572B,WRONG_ANSWER
12781090,1440962849,572B,WRONG_ANSWER
12781045,1440962659,572B,WRONG_ANSWER
12738714,1440826819,554B,OK
12736200,1440795726,514B,OK
12736144,1440795269,514B,WRONG_ANSWER
12735976,1440794085,514B,WRONG_ANSWER
12735334,1440789600,515B,OK
12735214,1440788916,515B,WRONG_ANSWER
12735178,1440788692,515B,WRONG_ANSWER
12735122,1440788399,515B,WRONG_ANSWER
12731937,1440770368,569B,OK
12731556,1440768270,569B,WRONG_ANSWER
12724927,1440710905,559B,OK
12724916,1440710820,559B,OK
12724906,1440710748,559B,TIME_LIMIT_EXCEEDED
12724895,1440710655,559B,TIME_LIMIT_EXCEEDED
12724874,1440710489,559B,TIME_LIMIT_EXCEEDED
12724863,1440710385,559B,TIME_LIMIT_EXCEEDED
12724852,1440710268,559B,TIME_LIMIT_EXCEEDED
12724749,1440709210,559B,WRONG_ANSWER
12724735,1440709088,559B,TIME_LIMIT_EXCEEDED
12724726,1440709007,559B,WRONG_ANSWER
12724713,1440708931,559B,TIME_LIMIT_EXCEEDED
12724688,1440708770,559B,WRONG_ANSWER
12724631,1440708357,559B,WRONG_ANSWER
12724624,1440708284,559B,WRONG_ANSWER
12724618,1440708235,559B,WRONG_ANSWER
12724603,1440708139,559B,WRONG_ANSWER
12724583,1440708033,559B,WRONG_ANSWER
12724532,1440707677,559B,TIME_LIMIT_EXCEEDED
12724460,1440707184,559B,TIME_LIMIT_EXCEEDED
12724452,1440707145,559B,WRONG_ANSWER
12724326,1440706008,559B,TIME_LIMIT_EXCEEDED
12723009,1440697930,559B,WRONG_ANSWER
12668289,1440306246,540B,OK
12668287,1440306228,540B,OK
12668102,1440304675,540B,WRONG_ANSWER
12668084,1440304536,540B,WRONG_ANSWER
12668053,1440304247,540B,WRONG_ANSWER
12668023,1440303958,540B,WRONG_ANSWER
12668019,1440303923,540B,COMPILATION_ERROR
12632609,1440182543,540B,WRONG_ANSWER
12625909,1440150231,546D,OK
12625895,1440150159,546D,TIME_LIMIT_EXCEEDED
12625875,1440150059,546D,OK
12625847,1440149935,546D,OK
12625831,1440149852,546D,TIME_LIMIT_EXCEEDED
12625798,1440149681,546D,TIME_LIMIT_EXCEEDED
12625776,1440149555,546D,TIME_LIMIT_EXCEEDED
12625743,1440149374,546D,OK
12625717,1440149280,546D,TIME_LIMIT_EXCEEDED
12625697,1440149144,546D,TIME_LIMIT_EXCEEDED
12625575,1440148553,546D,TIME_LIMIT_EXCEEDED
12624105,1440140957,545C,OK
12624016,1440140501,545C,WRONG_ANSWER
12623934,1440140011,545C,WRONG_ANSWER
12620550,1440103228,545B,OK
12620058,1440099065,546D,TIME_LIMIT_EXCEEDED
12619807,1440097098,546D,RUNTIME_ERROR
12603946,1439991927,570C,OK
12601232,1439978908,570C,WRONG_ANSWER
12600611,1439976313,570C,TIME_LIMIT_EXCEEDED
12600583,1439976207,570C,WRONG_ANSWER
12552539,1439672776,518C,OK
12552534,1439672718,518C,WRONG_ANSWER
12478722,1439379659,548B,OK
12478690,1439379474,548B,WRONG_ANSWER
12477772,1439375006,548B,WRONG_ANSWER
12471287,1439325983,557B,OK
12471261,1439325675,557B,WRONG_ANSWER
12471233,1439325438,557B,WRONG_ANSWER
12471219,1439325293,557B,WRONG_ANSWER
12471174,1439324903,557B,WRONG_ANSWER
12471076,1439324108,557B,WRONG_ANSWER
12470572,1439320369,557B,WRONG_ANSWER
12470238,1439318033,557B,WRONG_ANSWER
12469952,1439316153,567C,OK
12461526,1439268822,567B,OK
12461487,1439268485,567B,WRONG_ANSWER
12461464,1439268332,567B,WRONG_ANSWER
12400645,1438942295,500C,OK
12400404,1438941077,500C,WRONG_ANSWER
12393910,1438891941,501B,OK
12393886,1438891794,501B,WRONG_ANSWER
12349870,1438771213,534B,OK
12335915,1438678151,546B,OK
12335895,1438678086,546B,RUNTIME_ERROR
12335793,1438677601,546B,WRONG_ANSWER
12334883,1438673819,546B,WRONG_ANSWER
12334858,1438673678,546B,WRONG_ANSWER
12334857,1438673671,546B,COMPILATION_ERROR
12333992,1438668982,546C,OK
12333988,1438668953,546C,COMPILATION_ERROR
12333186,1438663698,557A,OK
12324580,1438597451,551A,OK
12324561,1438597326,551A,WRONG_ANSWER
12324529,1438597115,551A,WRONG_ANSWER
12324511,1438596988,551A,WRONG_ANSWER
11104965,1431677936,538C,OK
11104905,1431677429,538C,WRONG_ANSWER
11104902,1431677393,538C,WRONG_ANSWER
11104879,1431677212,538C,WRONG_ANSWER
11104815,1431676626,538C,WRONG_ANSWER
11104810,1431676536,538C,WRONG_ANSWER
11104789,1431676388,538C,WRONG_ANSWER
11104679,1431675452,538C,WRONG_ANSWER
11104531,1431674184,538C,WRONG_ANSWER
11096667,1431595232,544B,OK
11096616,1431594907,544B,WRONG_ANSWER
11096570,1431594496,544B,WRONG_ANSWER
11093272,1431554282,544A,OK
10871800,1430045151,535B,OK
10871787,1430045053,535B,RUNTIME_ERROR
10866459,1430031048,279B,OK
10866255,1430029248,279B,TIME_LIMIT_EXCEEDED
10866220,1430029002,279B,WRONG_ANSWER
10866200,1430028856,279B,COMPILATION_ERROR
9977361,1424759393,515B,WRONG_ANSWER
9977264,1424758456,515B,WRONG_ANSWER
9977245,1424758318,515B,WRONG_ANSWER
9977221,1424758053,515B,WRONG_ANSWER
9977171,1424757691,515B,WRONG_ANSWER
9882864,1424183456,298A,OK
9882824,1424183290,298A,WRONG_ANSWER
9792271,1423594470,122B,OK
9790459,1423580784,215A,OK
9790374,1423580396,215A,WRONG_ANSWER
9790271,1423579769,215A,WRONG_ANSWER
9790197,1423579295,215A,WRONG_ANSWER
9732101,1423177264,509C,WRONG_ANSWER
9732094,1423177174,509C,WRONG_ANSWER
9731864,1423173731,509C,WRONG_ANSWER
9731843,1423173486,509C,WRONG_ANSWER
9731798,1423172956,509C,WRONG_ANSWER
9731771,1423172598,509C,WRONG_ANSWER
9708697,1423024566,510A,OK
9705716,1422991661,512A,WRONG_ANSWER
9685943,1422898791,494A,OK
9685864,1422898719,494A,COMPILATION_ERROR
9685393,1422898377,494A,WRONG_ANSWER
9685223,1422898254,494A,WRONG_ANSWER
9684790,1422897935,494A,WRONG_ANSWER
9683459,1422897064,494A,WRONG_ANSWER
9669338,1422820704,494A,WRONG_ANSWER
9669316,1422820483,494A,WRONG_ANSWER
9669288,1422820226,494A,WRONG_ANSWER
9669274,1422820150,494A,WRONG_ANSWER
9665935,1422797480,508A,WRONG_ANSWER
9662376,1422774253,508A,WRONG_ANSWER
9662364,1422774181,508A,OK
9662256,1422773454,508A,WRONG_ANSWER
9662152,1422772618,508A,WRONG_ANSWER
9662139,1422772476,508A,WRONG_ANSWER
9661990,1422771333,508A,WRONG_ANSWER
9659318,1422737855,509B,OK
9659295,1422737662,509B,WRONG_ANSWER
9657894,1422726811,509C,TIME_LIMIT_EXCEEDED
9657807,1422725914,509C,WRONG_ANSWER
9657775,1422725654,509C,WRONG_ANSWER
9657759,1422725474,509C,WRONG_ANSWER
9657752,1422725398,509C,WRONG_ANSWER
9657500,1422722772,509A,OK
9638267,1422689998,437C,OK
9613039,1422523201,4B,OK
9613016,1422523040,4B,TIME_LIMIT_EXCEEDED
9612995,1422522932,4B,WRONG_ANSWER
9568819,1422339925,493B,OK
9568806,1422339847,493B,WRONG_ANSWER
9568564,1422338089,495A,OK
9568546,1422337958,495A,WRONG_ANSWER
9558619,1422266838,495B,TIME_LIMIT_EXCEEDED
9558604,1422266658,495B,WRONG_ANSWER
9558589,1422266513,495B,WRONG_ANSWER
9552779,1422211460,507A,OK
9514061,1422022653,499B,OK
9508594,1421994746,505A,OK
8664624,1415735600,346A,OK
8664568,1415735267,346A,WRONG_ANSWER
8663749,1415731070,486B,OK
8663444,1415730013,486B,WRONG_ANSWER
8662415,1415727782,486A,OK
8662367,1415727724,486A,WRONG_ANSWER
8651402,1415718487,352B,OK
8649333,1415717615,352B,WRONG_ANSWER
8649309,1415717474,352B,WRONG_ANSWER
8648985,1415715567,116B,OK
8648914,1415715139,116B,WRONG_ANSWER
8628268,1415596087,482A,OK
8628251,1415595644,482A,WRONG_ANSWER
8628176,1415594359,482A,WRONG_ANSWER
8599351,1415344259,365B,OK
8599341,1415344127,365B,WRONG_ANSWER
8599119,1415342630,365B,WRONG_ANSWER
8599045,1415341933,365B,WRONG_ANSWER
8599028,1415341738,365B,WRONG_ANSWER
8599001,1415341494,365B,WRONG_ANSWER
8439942,1414444250,482A,WRONG_ANSWER
8439675,1414442181,284B,OK
8298175,1413667267,352B,TIME_LIMIT_EXCEEDED
8296318,1413653873,352B,WRONG_ANSWER
8296245,1413653349,352B,WRONG_ANSWER
8295238,1413644920,478C,OK
8295192,1413644579,478C,WRONG_ANSWER
8287187,1413580811,466B,TIME_LIMIT_EXCEEDED
8287104,1413580280,466B,WRONG_ANSWER
8283714,1413558797,478C,WRONG_ANSWER
8283098,1413556387,476A,OK
8283055,1413556205,476A,WRONG_ANSWER
8283012,1413555987,476A,WRONG_ANSWER
8282908,1413555633,476A,WRONG_ANSWER
8282609,1413554565,478C,WRONG_ANSWER
8282524,1413554196,478C,WRONG_ANSWER
8282514,1413554142,476A,WRONG_ANSWER
8282497,1413554094,337A,OK
8282485,1413554047,478B,OK
8282435,1413553859,478A,OK
8282417,1413553805,478B,WRONG_ANSWER
8282306,1413553446,478A,WRONG_ANSWER
8282264,1413553308,478B,WRONG_ANSWER
8229229,1413300299,476C,WRONG_ANSWER
8229210,1413300168,476C,WRONG_ANSWER
8228838,1413297803,476C,TIME_LIMIT_EXCEEDED
8222730,1413237372,476C,TIME_LIMIT_EXCEEDED
8222141,1413229833,476B,OK
8183526,1413118765,465B,OK
8183477,1413118499,465B,WRONG_ANSWER
8177992,1413059633,474B,TIME_LIMIT_EXCEEDED
8123095,1412628140,474D,RUNTIME_ERROR
8122958,1412627247,474D,RUNTIME_ERROR
8122848,1412626661,474D,RUNTIME_ERROR
8122460,1412625265,474D,RUNTIME_ERROR
8122211,1412624726,474B,TIME_LIMIT_EXCEEDED
8116091,1412613466,474A,OK
8115726,1412613198,474A,WRONG_ANSWER
8115540,1412613070,474A,WRONG_ANSWER
8114533,1412612360,474A,WRONG_ANSWER
8112689,1412611303,474B,CHALLENGED
8103139,1412589314,472B,OK
8103082,1412588150,472A,OK
8103072,1412588005,472A,COMPILATION_ERROR
8103059,1412587856,472A,WRONG_ANSWER
8103048,1412587725,347B,OK
8103042,1412587642,347B,WRONG_ANSWER
8103038,1412587564,347B,WRONG_ANSWER
8097167,1412528203,472A,OK
8046226,1412163167,459B,OK
8037133,1412086188,347B,COMPILATION_ERROR
8030428,1412026459,459B,OK
8030403,1412026113,459B,WRONG_ANSWER
8030396,1412026027,459B,WRONG_ANSWER
8030384,1412025919,459B,COMPILATION_ERROR
8030319,1412025293,459B,WRONG_ANSWER
8030261,1412024609,459B,WRONG_ANSWER
8030085,1412023095,459B,WRONG_ANSWER
7976524,1411762998,71A,OK
7976510,1411762895,71A,WRONG_ANSWER
7976381,1411762042,71A,TIME_LIMIT_EXCEEDED
7903377,1411369552,158B,OK
7903358,1411369415,158B,WRONG_ANSWER
7903352,1411369361,158B,WRONG_ANSWER
7903208,1411368291,158B,WRONG_ANSWER
7901016,1411335474,158B,WRONG_ANSWER
7900048,1411324577,158B,WRONG_ANSWER
7899985,1411324008,158B,WRONG_ANSWER
7899792,1411322338,158B,WRONG_ANSWER
7857193,1411149437,158A,OK
7857189,1411149417,158A,OK
7857183,1411149317,158A,WRONG_ANSWER
7857131,1411148992,158A,COMPILATION_ERROR
7857104,1411148790,158A,RUNTIME_ERROR
7857095,1411148698,158A,WRONG_ANSWER
7857071,1411148494,158A,WRONG_ANSWER
7856959,1411147490,158A,RUNTIME_ERROR
