61066069,1569150506,101021A,OK
60756405,1568797657,100238B,OK
60756391,1568797638,100238A,OK
60231429,1567874182,101580K,OK
60231397,1567874154,101580J,OK
60231385,1567874140,101580I,OK
60231327,1567874081,101580H,OK
60231316,1567874066,101580G,OK
60231281,1567874021,101580F,OK
60231267,1567874006,101580E,OK
60231254,1567873991,101580D,OK
60231238,1567873975,101580C,OK
60231206,1567873947,101580B,OK
60231170,1567873909,101580A,OK
59854824,1567343244,253B,OK
59854638,1567342930,253A,OK
59854555,1567342814,253A,WRONG_ANSWER
59854505,1567342758,253A,WRONG_ANSWER
59853543,1567341342,1067B,OK
59853489,1567341246,1068E,OK
59852367,1567339535,1067A,OK
59852318,1567339440,1068D,OK
59850907,1567337397,1068D,WRONG_ANSWER
59843226,1567325871,1068D,WRONG_ANSWER
59826176,1567280225,1068D,TIME_LIMIT_EXCEEDED
59826143,1567280159,1068D,MEMORY_LIMIT_EXCEEDED
59824343,1567277050,1068C,OK
59824192,1567276794,1068C,WRONG_ANSWER
59823952,1567276404,1068C,WRONG_ANSWER
59823329,1567275373,1068A,OK
59821337,1567272461,1073D,OK
59619340,1566999878,1174C,OK
59539711,1566843704,1174B,OK
59537647,1566840812,1174A,OK
59537597,1566840721,1174A,WRONG_ANSWER
59534184,1566836065,101588H,OK
59531803,1566832780,101588G,OK
59531792,1566832764,101588F,OK
59531782,1566832751,101588D,OK
59530059,1566830515,1196F,OK
59526899,1566826923,1196E,OK
59526729,1566826735,1196E,WRONG_ANSWER
59524433,1566824305,1208C,OK
59523943,1566823720,1208C,WRONG_ANSWER
59487659,1566756269,1208B,OK
59483130,1566750896,1208E,OK
59481340,1566750437,1208E,WRONG_ANSWER
59480239,1566750131,1208E,WRONG_ANSWER
59472845,1566747874,1208E,WRONG_ANSWER
59472367,1566747751,1208E,WRONG_ANSWER
59466842,1566746438,1208D,OK
59460242,1566745220,1208C,WRONG_ANSWER
59457103,1566744744,1208B,WRONG_ANSWER
59453207,1566744208,1208A,OK
59414873,1566668394,242E,OK
59414044,1566666826,536A,OK
59413922,1566666648,535C,OK
59409669,1566659909,552C,OK
59408237,1566657887,815A,OK
59403461,1566651650,785C,OK
59400331,1566647571,445B,OK
59400112,1566647316,719B,OK
59400084,1566647278,330B,OK
59400050,1566647227,596B,OK
59399838,1566646960,779B,OK
59399679,1566646775,275A,OK
58545222,1565453720,600F,OK
58545105,1565453490,600F,WRONG_ANSWER
58541430,1565447001,1036G,OK
58536788,1565439341,1009G,OK
58536722,1565439248,852D,OK
58536567,1565439014,86B,OK
58536382,1565438742,86B,WRONG_ANSWER
58465836,1565292095,1202D,OK
58465581,1565291550,1202B,OK
58465120,1565290545,1202C,OK
58465101,1565290499,1202A,OK
58135178,1564674551,1183A,OK
58135060,1564674371,1183A,RUNTIME_ERROR
58134769,1564673950,1183A,WRONG_ANSWER
57989198,1564490056,704A,OK
57984213,1564483284,165B,OK
57983908,1564482793,363A,OK
57979879,1564477159,102105E,OK
57979825,1564477093,102105E,COMPILATION_ERROR
57979812,1564477069,102105H,OK
57979805,1564477054,102105G,OK
57979797,1564477045,102105F,OK
57979781,1564477033,102105E,COMPILATION_ERROR
57979766,1564477021,102105D,OK
57979752,1564477007,102105C,OK
57979745,1564476995,102105B,OK
57979737,1564476979,102105A,OK
57694216,1563986006,1196F,WRONG_ANSWER
57693856,1563985952,1196F,WRONG_ANSWER
57692867,1563985787,1196F,WRONG_ANSWER
57691949,1563985622,1196F,RUNTIME_ERROR
57690326,1563985332,1196F,TIME_LIMIT_EXCEEDED
57690098,1563985288,1196F,TIME_LIMIT_EXCEEDED
57688188,1563984914,1196F,TIME_LIMIT_EXCEEDED
57687749,1563984828,1196F,TIME_LIMIT_EXCEEDED
57685468,1563984391,1196F,TIME_LIMIT_EXCEEDED
57672859,1563982226,1196F,TIME_LIMIT_EXCEEDED
57665105,1563981109,1196D1,OK
57664379,1563981010,1196D2,OK
57659531,1563980392,1196C,OK
57654894,1563979842,1196B,OK
57649652,1563979283,1196A,OK
57453810,1563705978,1092B,OK
57453610,1563705659,1146A,OK
57452365,1563703985,867A,OK
57452302,1563703903,867A,WRONG_ANSWER
57451594,1563702945,1186A,OK
57451551,1563702887,1186A,WRONG_ANSWER
57160876,1563303630,139B,OK
57160793,1563303477,139B,RUNTIME_ERROR
57160195,1563302345,139A,OK
57160170,1563302309,139A,WRONG_ANSWER
57160135,1563302241,139A,WRONG_ANSWER
57159283,1563300751,137D,OK
57158661,1563299679,137C,OK
57158633,1563299616,137C,WRONG_ANSWER
57158223,1563298994,137B,OK
57158088,1563298777,137A,OK
55594363,1560607857,120G,OK
55594120,1560607429,120G,WRONG_ANSWER
55593248,1560605685,120F,OK
55592863,1560604967,120E,OK
55589978,1560599236,120D,OK
55589887,1560599053,120D,WRONG_ANSWER
55589547,1560598392,120D,WRONG_ANSWER
55588877,1560597097,120C,OK
55588610,1560596611,120C,WRONG_ANSWER
55587958,1560595348,120B,OK
55587679,1560594786,120A,OK
55466603,1560271372,102189G,OK
55466592,1560271363,102189F,OK
55466580,1560271355,102189E,OK
55466574,1560271343,102189D,OK
55466564,1560271334,102189C,OK
55466554,1560271326,102189B,OK
55466548,1560271315,102189A,OK
55462554,1560266851,119C,OK
55462551,1560266835,119B,OK
55462549,1560266826,119A,OK
55455340,1560263030,119C,OK
55432635,1560255271,119B,OK
55432531,1560255105,119B,WRONG_ANSWER
55432178,1560254392,119B,WRONG_ANSWER
55432067,1560254162,119B,WRONG_ANSWER
54977483,1559475105,102203I,OK
54804753,1559136762,102150B,OK
54803209,1559134350,102150J,OK
54802899,1559133853,102150E,OK
54802305,1559132860,102150E,MEMORY_LIMIT_EXCEEDED
54799603,1559128866,102150C,OK
54799418,1559128582,102150C,WRONG_ANSWER
54564508,1558712366,919B,OK
54564391,1558712177,919B,WRONG_ANSWER
54563649,1558710850,798A,OK
54563619,1558710798,798A,WRONG_ANSWER
54563595,1558710737,798A,WRONG_ANSWER
54563480,1558710467,1102A,OK
54563427,1558710381,1102A,WRONG_ANSWER
54563307,1558710178,476B,OK
54563245,1558710072,476B,WRONG_ANSWER
54561841,1558707560,1154A,OK
54561667,1558707281,1154A,WRONG_ANSWER
54382273,1558265484,780B,OK
54337553,1558169389,102180F,OK
54336329,1558167491,102180E,OK
54335628,1558166475,102180C,OK
54335455,1558166197,102180D,OK
54334620,1558164717,102180B,OK
54334607,1558164703,102180A,OK
54320378,1558125753,102180F,OK
54320317,1558125602,102180F,WRONG_ANSWER
54319346,1558123261,102180E,OK
54318903,1558122342,102180D,OK
54318884,1558122292,102180D,WRONG_ANSWER
54318847,1558122238,102180D,TIME_LIMIT_EXCEEDED
54318670,1558121922,102180C,OK
54273098,1558086337,102180B,OK
54273062,1558086264,102180B,WRONG_ANSWER
54272927,1558086032,102180A,OK
54208249,1557938099,100507C,OK
54049149,1557687377,334B,OK
54049056,1557687157,334B,WRONG_ANSWER
54046941,1557683052,721B,OK
54046695,1557681266,768A,OK
53988718,1557573019,100099E,OK
53987683,1557571110,100099C,OK
53987611,1557570970,100099C,WRONG_ANSWER
53987087,1557569932,100099A,OK
53986883,1557569551,100099A,WRONG_ANSWER
53962283,1557499944,100099D,OK
53951039,1557480738,100099B,OK
53933047,1557430751,102150F,OK
53932987,1557430616,102150F,RUNTIME_ERROR
53931616,1557425397,102150G,OK
53801362,1557082822,1068B,OK
53801258,1557082487,1068B,WRONG_ANSWER
53668880,1556798820,102150D,OK
53560080,1556614645,766A,OK
53560049,1556614578,766A,WRONG_ANSWER
53559990,1556614437,766B,OK
53559957,1556614358,766B,WRONG_ANSWER
53559930,1556614308,766B,WRONG_ANSWER
53529909,1556563787,34B,OK
53529747,1556563435,1141A,OK
53529686,1556563316,1141A,WRONG_ANSWER
53529526,1556562966,719A,OK
53529505,1556562911,719A,WRONG_ANSWER
53529449,1556562804,719A,WRONG_ANSWER
53528833,1556561717,1003A,OK
53463740,1556441444,43A,OK
53463610,1556441201,1114A,OK
53463479,1556440934,1095A,OK
53463314,1556440558,1006A,OK
53463259,1556440410,996A,OK
53463242,1556440372,996A,WRONG_ANSWER
53187784,1556018348,101270H,OK
53183521,1556009781,101270I,OK
53181772,1556006534,101270F,OK
53181529,1556006054,101270J,OK
53181143,1556005283,101270E,OK
53180635,1556004269,101270L,OK
53180310,1556003492,101270A,OK
53180198,1556003236,101270K,OK
53179349,1556001432,102150A,OK
53043858,1555758915,102168M,OK
53042194,1555756132,102168L,OK
53040677,1555753180,102168K,OK
53040204,1555752299,102168J,OK
53039272,1555750624,102168I,OK
53038402,1555749011,102168H,OK
53038238,1555748688,102168G,OK
53037606,1555747745,102168F,OK
53037257,1555747093,102168E,OK
53036918,1555746480,102168D,OK
53036378,1555745439,102168C,OK
53035869,1555744331,102168B,OK
53035830,1555744231,102168A,OK
52809871,1555401175,102168E,OK
52809859,1555401147,102168F,OK
52809804,1555400967,102168G,OK
52809756,1555400845,102168K,OK
52809717,1555400746,102168M,OK
52809690,1555400672,102168C,OK
52809654,1555400598,102168I,OK
52809447,1555400085,102168H,OK
52809361,1555399860,102168B,OK
52809327,1555399793,102168J,OK
52809318,1555399781,102168L,OK
52809314,1555399769,102168D,OK
52809309,1555399757,102168A,OK
51783495,1553420099,1091A,OK
51783383,1553419867,702A,OK
51783311,1553419720,702A,RUNTIME_ERROR
51783177,1553419484,279B,OK
51783048,1553419254,279B,WRONG_ANSWER
51782955,1553419081,279B,WRONG_ANSWER
51782916,1553419028,279B,RUNTIME_ERROR
51782680,1553418720,686A,OK
51782638,1553418617,686A,WRONG_ANSWER
51782574,1553418500,686A,RUNTIME_ERROR
51782565,1553418464,686A,COMPILATION_ERROR
51782457,1553418200,688B,OK
51602481,1553145061,101270D,OK
51602477,1553145047,101270B,OK
51589693,1553104986,101270I,OK
51589683,1553104975,101270F,OK
51589663,1553104939,101270J,OK
51589647,1553104913,101270E,OK
51589635,1553104888,101270L,OK
51589616,1553104858,101270H,OK
51589606,1553104834,101270A,OK
51589605,1553104832,101270K,OK
51566133,1553075269,101270E,WRONG_ANSWER
51565941,1553074997,101270A,OK
51565920,1553074971,101270K,OK
51565752,1553074752,101270L,OK
51565554,1553074493,101270H,OK
51311628,1552592624,100093F,OK
51309343,1552588048,100093F,OK
51309184,1552587767,100093E,OK
51125632,1552217352,100093E,OK
51118409,1552204998,1108A,OK
51118334,1552204832,363B,OK
51118122,1552204505,115A,OK
51117711,1552203773,630A,OK
51117634,1552203674,734B,OK
51117612,1552203647,734B,WRONG_ANSWER
51117588,1552203602,734B,WRONG_ANSWER
50487963,1551097269,706B,OK
50487503,1551096658,749A,OK
50487455,1551096577,749A,WRONG_ANSWER
50487212,1551096251,1030A,OK
50487021,1551095996,758A,OK
50486877,1551095784,785A,OK
50486507,1551095205,758A,WRONG_ANSWER
50449591,1551025832,100094E,OK
50434484,1551022753,380C,OK
49817666,1549954638,100094D,OK
49817031,1549953304,100094D,MEMORY_LIMIT_EXCEEDED
49781783,1549907435,100094C,OK
49781608,1549907208,100094C,WRONG_ANSWER
49700726,1549808018,100094B,OK
49696427,1549807136,100094A,OK
49695026,1549804778,100093C,OK
49694410,1549803676,100093C,WRONG_ANSWER
49694265,1549803444,100093D,OK
49694253,1549803419,100093D,WRONG_ANSWER
49694135,1549803178,100249B,OK
49694113,1549803136,100093B,OK
49693586,1549802164,100093B,TIME_LIMIT_EXCEEDED
49693473,1549801979,100093A,OK
49693439,1549801912,100093A,RUNTIME_ERROR
49692728,1549800623,100249D,OK
49692547,1549800307,100249D,WRONG_ANSWER
49691580,1549798369,100249B,OK
49691563,1549798327,100249C,OK
49691517,1549798229,100249C,WRONG_ANSWER
49691464,1549798126,100249C,WRONG_ANSWER
49691428,1549798050,100249C,WRONG_ANSWER
49687450,1549787056,100249B,WRONG_ANSWER
49686951,1549785087,100249A,OK
49141830,1548758306,527C,OK
49139122,1548753371,567C,OK
49138756,1548752745,572B,OK
49137908,1548751312,518C,OK
49137840,1548751174,518C,WRONG_ANSWER
49137611,1548750750,518C,WRONG_ANSWER
49122455,1548705923,158C,OK
49122394,1548705801,158C,WRONG_ANSWER
49121267,1548703610,158C,WRONG_ANSWER
49121175,1548703408,158C,RUNTIME_ERROR
49120170,1548701563,1B,OK
49021104,1548523990,580B,OK
49020787,1548523889,545C,OK
49020093,1548523690,550C,OK
49019154,1548523379,580C,OK
49018378,1548523110,466C,OK
48002459,1546711952,1099F,OK
47986984,1546708085,1099D,OK
47982699,1546707368,1099C,OK
47981635,1546707218,1099C,WRONG_ANSWER
47975800,1546706544,1099B,OK
47974051,1546706315,1099A,OK
47957893,1546673516,1097D,RUNTIME_ERROR
47936706,1546620380,1097D,WRONG_ANSWER
47936298,1546620194,1097D,WRONG_ANSWER
47935813,1546619978,1097D,TIME_LIMIT_EXCEEDED
47935442,1546619803,1097D,TIME_LIMIT_EXCEEDED
47935275,1546619735,1097D,WRONG_ANSWER
47934804,1546619509,1097D,WRONG_ANSWER
47932539,1546618586,1097D,WRONG_ANSWER
47931551,1546618223,1097D,WRONG_ANSWER
47931078,1546618064,1097D,TIME_LIMIT_EXCEEDED
47930847,1546617992,1097D,WRONG_ANSWER
47930183,1546617767,1097D,TIME_LIMIT_EXCEEDED
47929897,1546617681,1097D,TIME_LIMIT_EXCEEDED
47929434,1546617536,1097D,WRONG_ANSWER
47924716,1546616224,1097D,TIME_LIMIT_EXCEEDED
47916640,1546614607,1097C,OK
47912937,1546614061,1097C,WRONG_ANSWER
47907567,1546613527,1097B,OK
47905469,1546613394,1097B,WRONG_ANSWER
47902169,1546613222,1097A,OK
47867648,1546512695,86D,OK
47867626,1546512617,86D,COMPILATION_ERROR
47867163,1546511516,86D,TIME_LIMIT_EXCEEDED
47026851,1544858825,500B,OK
47025955,1544856892,500C,OK
47025517,1544855925,479B,OK
46871874,1544463858,1084D,OK
46863093,1544461131,1084C,OK
46860551,1544460509,1084B,OK
46859147,1544460036,1084A,OK
46852222,1544446381,1044A,OK
46852159,1544446294,1044A,RUNTIME_ERROR
46852066,1544446112,1074A,OK
46851886,1544445771,1074A,WRONG_ANSWER
46850728,1544443764,1044A,WRONG_ANSWER
46848383,1544439711,1045I,OK
46848302,1544439521,1045I,TIME_LIMIT_EXCEEDED
46848101,1544439054,1066E,OK
46844061,1544435229,1073C,OK
46844033,1544435145,1073C,WRONG_ANSWER
46843983,1544435033,1073C,WRONG_ANSWER
46843455,1544433670,1055B,OK
46843422,1544433585,1055B,WRONG_ANSWER
46829076,1544387572,1043B,OK
46828841,1544386960,1061A,OK
46828745,1544386711,1073A,OK
46828673,1544386567,1073A,WRONG_ANSWER
46828395,1544385852,1073B,OK
46828132,1544385204,1075A,OK
46827847,1544384470,1077A,OK
46746180,1544252043,501B,OK
46745908,1544251619,919A,OK
46745710,1544251234,1077E,OK
46242356,1543222704,1056C,OK
46241518,1543220517,1056D,OK
46241338,1543219976,1056B,OK
46241097,1543219282,1056B,WRONG_ANSWER
46219187,1543167862,799C,OK
46210488,1543164025,1056A,OK
46210196,1543163985,1056B,TIME_LIMIT_EXCEEDED
46209491,1543163527,799C,WRONG_ANSWER
46209415,1543163324,799C,WRONG_ANSWER
46208242,1543160529,799B,OK
46208022,1543159921,799A,OK
46207423,1543158638,1065C,OK
46207321,1543158463,1065C,WRONG_ANSWER
46207218,1543158226,1065C,WRONG_ANSWER
46207111,1543158022,1065C,WRONG_ANSWER
46206543,1543156718,1065B,OK
46204727,1543152854,1065A,OK
46157667,1543049624,1080D,OK
46157345,1543049431,1080D,WRONG_ANSWER
46153373,1543047138,1080C,OK
46146922,1543045297,1080B,OK
46145179,1543045049,1080A,OK
45987450,1542699511,100246D,OK
45987445,1542699502,100246C,OK
45987440,1542699486,100246C,OK
45987432,1542699467,100246B,OK
45987425,1542699455,100246B,OK
45987420,1542699445,100246A,OK
45253768,1541268684,670F,OK
45234287,1541233923,670F,OK
45233967,1541233529,670F,WRONG_ANSWER
45233869,1541233404,670F,WRONG_ANSWER
45233773,1541233258,670F,WRONG_ANSWER
45232843,1541231745,670E,OK
45232323,1541230838,670D1,OK
45232052,1541230358,670D2,OK
45231465,1541229325,670C,OK
45231378,1541229206,670B,OK
45231217,1541228898,670A,OK
44666152,1540144854,101911I,OK
44666142,1540144837,101911F,OK
44666133,1540144822,101911J,OK
44666124,1540144806,101911H,OK
44666118,1540144790,101911A,OK
44666110,1540144775,101911C,OK
44666103,1540144754,101911K,OK
44666097,1540144736,101911B,OK
44666087,1540144716,101911D,OK
44666080,1540144704,101911E,OK
44666066,1540144687,101911G,OK
44666045,1540144641,101911L,OK
44665824,1540144180,101911L,OK
44665720,1540143969,101911L,WRONG_ANSWER
44608059,1540058402,101784G,OK
44579180,1540022904,101784E,OK
44576663,1540020182,101784F,OK
44576577,1540020059,101784F,WRONG_ANSWER
44575753,1540018862,101784D,OK
44575251,1540018106,101784B,OK
44510216,1539883993,1054C,OK
44499802,1539881241,1054B,OK
44497119,1539880903,1054A,OK
44495845,1539880731,1054A,WRONG_ANSWER
44247343,1539421909,100812E,OK
44245070,1539418887,100812B,OK
44244887,1539418618,100812B,WRONG_ANSWER
44243553,1539416981,100812I,OK
44242092,1539415259,100812F,OK
44241375,1539414320,100812D,OK
44241056,1539413880,100812J,OK
44104188,1539245430,100285H,WRONG_ANSWER
44104175,1539245397,100285F,WRONG_ANSWER
44104137,1539245349,100285I,OK
44104121,1539245313,100285D,OK
44104095,1539245268,100285B,OK
44104056,1539245204,100285C,OK
44102688,1539241175,100285H,WRONG_ANSWER
44102119,1539239665,100285F,WRONG_ANSWER
44101928,1539239185,100285I,OK
44101758,1539238736,100285D,OK
44100682,1539236237,100285B,OK
44100668,1539236196,100285I,WRONG_ANSWER
44100401,1539235303,100285B,OK
43973988,1538943307,1033D,WRONG_ANSWER
43971757,1538939063,1033D,WRONG_ANSWER
43971439,1538938980,1033D,WRONG_ANSWER
43959281,1538933651,1033C,OK
43956293,1538932956,1033B,OK
43952383,1538932181,1033A,OK
43566039,1538219172,101590G,OK
43563075,1538215058,101590G,WRONG_ANSWER
43562959,1538214932,101590G,WRONG_ANSWER
43562235,1538213809,101590G,WRONG_ANSWER
43562192,1538213737,101590G,WRONG_ANSWER
43560780,1538211217,101590B,OK
43559710,1538208892,101590E,OK
43559460,1538208387,101590E,WRONG_ANSWER
43559237,1538208114,101590E,WRONG_ANSWER
43558787,1538207164,101590A,OK
43558504,1538206578,101590A,WRONG_ANSWER
43558021,1538205628,101590K,OK
43443985,1537957854,100114H,TIME_LIMIT_EXCEEDED
43443951,1537957786,100114H,TIME_LIMIT_EXCEEDED
43443794,1537957538,100114H,OK
43441376,1537953261,100114H,TIME_LIMIT_EXCEEDED
43441205,1537952933,100114H,WRONG_ANSWER
43440826,1537952132,100114H,TIME_LIMIT_EXCEEDED
43440047,1537950423,100114A,OK
43439625,1537949512,100114A,WRONG_ANSWER
43439339,1537948859,100114A,WRONG_ANSWER
43439037,1537948193,100114D,OK
43437894,1537945466,100114H,TIME_LIMIT_EXCEEDED
43437857,1537945389,100114H,TIME_LIMIT_EXCEEDED
43437839,1537945358,100114H,TIME_LIMIT_EXCEEDED
43437730,1537945079,100114H,RUNTIME_ERROR
43437712,1537945030,100114H,RUNTIME_ERROR
43437301,1537943962,100114H,MEMORY_LIMIT_EXCEEDED
43436394,1537941603,100114C,OK
43436350,1537941462,100114C,WRONG_ANSWER
43436126,1537940786,100114G,OK
43436025,1537940467,100114B,OK
43289964,1537697762,22A,OK
43289948,1537697734,18A,OK
43289933,1537697700,25A,OK
43289914,1537697656,22A,WRONG_ANSWER
43289898,1537697632,18A,TIME_LIMIT_EXCEEDED
43289877,1537697598,16A,OK
43289855,1537697562,14A,OK
43288291,1537694492,12A,OK
43288259,1537694459,9A,OK
43288163,1537694286,6A,OK
43288130,1537694238,4A,OK
43233239,1537598420,1A,OK
43070824,1537347983,100801D,RUNTIME_ERROR
43070263,1537346722,100801J,OK
43069995,1537345958,100801J,WRONG_ANSWER
43069516,1537344571,100801J,TIME_LIMIT_EXCEEDED
43069368,1537344107,100801J,WRONG_ANSWER
43069287,1537343894,100801J,WRONG_ANSWER
43069018,1537343291,100801J,WRONG_ANSWER
43067316,1537338996,100801B,OK
43066815,1537337453,100801B,WRONG_ANSWER
43066642,1537336946,100801L,OK
43066623,1537336888,100801L,WRONG_ANSWER
43066242,1537335792,100801E,OK
43066195,1537335642,100801E,WRONG_ANSWER
43066173,1537335557,100801E,WRONG_ANSWER
43066020,1537335080,100801A,OK
42855494,1536916055,101573H,OK
42855414,1536915795,101573H,WRONG_ANSWER
42855236,1536915365,101573H,WRONG_ANSWER
42854865,1536914328,101573H,TIME_LIMIT_EXCEEDED
42854704,1536913894,101573H,TIME_LIMIT_EXCEEDED
42853296,1536909902,101573E,WRONG_ANSWER
42853292,1536909890,101573E,WRONG_ANSWER
42853290,1536909885,101573E,WRONG_ANSWER
42853285,1536909880,101573E,WRONG_ANSWER
42853283,1536909875,101573E,WRONG_ANSWER
42853282,1536909869,101573E,WRONG_ANSWER
42853279,1536909863,101573E,WRONG_ANSWER
42853276,1536909856,101573E,WRONG_ANSWER
42853272,1536909851,101573E,WRONG_ANSWER
42853269,1536909846,101573E,WRONG_ANSWER
42853266,1536909841,101573E,WRONG_ANSWER
42853264,1536909836,101573E,OK
42853239,1536909778,101573E,WRONG_ANSWER
42853237,1536909772,101573E,WRONG_ANSWER
42853234,1536909766,101573E,WRONG_ANSWER
42853231,1536909760,101573E,WRONG_ANSWER
42853226,1536909754,101573E,WRONG_ANSWER
42853225,1536909749,101573E,WRONG_ANSWER
42853222,1536909743,101573E,WRONG_ANSWER
42853221,1536909740,101573E,WRONG_ANSWER
42853182,1536909639,101573E,RUNTIME_ERROR
42853169,1536909600,101573E,WRONG_ANSWER
42853154,1536909544,101573E,COMPILATION_ERROR
42853124,1536909472,101573E,COMPILATION_ERROR
42853109,1536909436,101573E,COMPILATION_ERROR
42852521,1536907751,101573G,OK
42852225,1536907019,101573F,OK
42851538,1536905164,101573B,OK
42851470,1536904953,101573D,OK
42851451,1536904896,101573B,WRONG_ANSWER
42851292,1536904420,101573C,OK
42851208,1536904113,101573A,OK
42851154,1536903961,101573A,WRONG_ANSWER
42851080,1536903791,101573A,WRONG_ANSWER
42823889,1536828062,100507F,WRONG_ANSWER
42823705,1536827611,100507F,WRONG_ANSWER
42823589,1536827283,100507F,WRONG_ANSWER
42823531,1536827167,100507F,WRONG_ANSWER
42822617,1536824770,100507C,OK
42821761,1536822296,100507D,OK
42821579,1536821802,100507H,OK
42821564,1536821772,100507H,COMPILATION_ERROR
42821406,1536821337,100507J,OK
42821110,1536820599,100507D,WRONG_ANSWER
42820640,1536819183,100507C,WRONG_ANSWER
42820466,1536818606,100507C,WRONG_ANSWER
42820387,1536818366,100507C,WRONG_ANSWER
42820369,1536818305,100507C,COMPILATION_ERROR
42820348,1536818230,100507C,COMPILATION_ERROR
42819858,1536816390,100507G,OK
42819818,1536816241,100507G,MEMORY_LIMIT_EXCEEDED
42819813,1536816215,100507G,MEMORY_LIMIT_EXCEEDED
42819801,1536816172,100507G,WRONG_ANSWER
42819687,1536815674,100507G,MEMORY_LIMIT_EXCEEDED
42819662,1536815599,100507G,MEMORY_LIMIT_EXCEEDED
42819546,1536815234,100507I,OK
42818975,1536813198,100507L,OK
42818910,1536812975,100507L,WRONG_ANSWER
42818666,1536812140,100507A,OK
42392414,1535903656,1037E,OK
42391868,1535903509,1037E,WRONG_ANSWER
42385921,1535902094,1037D,OK
42385058,1535901919,1037D,WRONG_ANSWER
42382186,1535901387,1037D,WRONG_ANSWER
42376940,1535900544,1037C,OK
42373628,1535900090,1037B,OK
42367566,1535899262,1037A,OK
42315648,1535735531,101149G,OK
42315638,1535735505,101149B,OK
42315619,1535735462,101149M,OK
42315603,1535735428,101149L,OK
42315583,1535735386,101149F,OK
42315568,1535735359,101149J,OK
42315560,1535735341,101149E,OK
42315543,1535735293,101149H,OK
42315526,1535735257,101149C,OK
42315509,1535735201,101149I,OK
42315429,1535735008,101149A,OK
42308908,1535720623,101149G,OK
42308317,1535719338,101149B,OK
42307479,1535717672,101149M,OK
42306791,1535716278,101149L,OK
42305815,1535713868,101149B,WRONG_ANSWER
41855545,1534690750,1025D,OK
41846478,1534688399,1025C,OK
41837441,1534686707,1025B,OK
41831390,1534686046,1025A,OK
41829407,1534685902,1025A,WRONG_ANSWER
41822947,1534674806,1027F,TIME_LIMIT_EXCEEDED
41792735,1534609825,1027F,TIME_LIMIT_EXCEEDED
41792079,1534609690,1027F,TIME_LIMIT_EXCEEDED
41781284,1534607267,1027D,OK
41773437,1534605646,1027C,OK
41770140,1534604963,1027B,OK
41761786,1534603248,1027A,OK
41701580,1534519049,1023D,OK
41694685,1534517931,1023C,OK
41692031,1534517581,1023B,OK
41688004,1534517052,1023A,OK
41557668,1534162796,1020E,WRONG_ANSWER
41557622,1534162730,1020E,MEMORY_LIMIT_EXCEEDED
41557581,1534162663,1020E,RUNTIME_ERROR
41557505,1534162501,1020E,WRONG_ANSWER
41557272,1534162002,1020E,WRONG_ANSWER
41556976,1534161398,1019B,OK
41556951,1534161344,1020D,OK
41556864,1534161169,1020D,WRONG_ANSWER
41500351,1534006156,1020C,OK
41500321,1534006115,1020B,OK
41500288,1534006057,1020A,OK
41484435,1533996934,1019A,OK
41481952,1533996390,1019A,WRONG_ANSWER
41476848,1533995616,1019A,WRONG_ANSWER
41475708,1533995472,1019A,WRONG_ANSWER
41366359,1533744556,1017D,OK
41365884,1533744329,1017D,TIME_LIMIT_EXCEEDED
41364819,1533743886,1017D,TIME_LIMIT_EXCEEDED
41364509,1533743759,1017D,TIME_LIMIT_EXCEEDED
41361757,1533742789,1017D,TIME_LIMIT_EXCEEDED
41359545,1533742182,1017D,TIME_LIMIT_EXCEEDED
41358627,1533741968,1017C,OK
41355607,1533741462,1017C,WRONG_ANSWER
41349237,1533738590,1017C,WRONG_ANSWER
41345903,1533738065,1017C,WRONG_ANSWER
41344049,1533737805,1017B,OK
41339557,1533737310,1017A,OK
41249040,1533480813,101860C,OK
41249029,1533480782,101860C,WRONG_ANSWER
41248923,1533480566,101860B,OK
41248904,1533480528,101860A,OK
41248809,1533480327,101859C,OK
41248772,1533480224,101859A,OK
41248727,1533480140,101859A,WRONG_ANSWER
41217772,1533390801,892B,OK
41217347,1533390040,893B,OK
41205295,1533367830,879A,OK
41205130,1533367599,894A,OK
41205018,1533367423,893A,OK
41204980,1533367349,893A,WRONG_ANSWER
41204762,1533366972,902A,OK
41204503,1533366578,884A,OK
41204421,1533366425,873A,OK
41204396,1533366382,873A,COMPILATION_ERROR
41204290,1533366203,877A,OK
41204005,1533365709,872A,OK
41203928,1533365571,872A,WRONG_ANSWER
41203901,1533365531,872A,RUNTIME_ERROR
41203809,1533365390,892A,OK
41203749,1533365309,892A,WRONG_ANSWER
41203574,1533365037,898A,OK
41179873,1533312773,1016C,OK
41178857,1533312398,1016C,WRONG_ANSWER
41172408,1533310331,1016D,OK
41165777,1533308708,1016B,OK
41163977,1533308343,1016B,TIME_LIMIT_EXCEEDED
41161042,1533307848,1016A,OK
41082907,1533128141,1015D,OK
41052484,1533053330,1015E1,OK
41052336,1533053286,1015E2,OK
41051372,1533053040,1015E2,WRONG_ANSWER
41049129,1533052490,1015E2,WRONG_ANSWER
41037751,1533049982,1015D,MEMORY_LIMIT_EXCEEDED
41031968,1533048928,1015C,OK
41029712,1533048497,1015B,OK
41028145,1533048223,1015A,OK
40888718,1532787792,1011F,OK
40888704,1532787772,1011D,OK
40888693,1532787757,1011C,OK
40888682,1532787735,1011B,OK
40888663,1532787699,1011A,OK
40850641,1532701561,961D,OK
40849188,1532698921,961C,OK
40848343,1532697351,961B,OK
40847739,1532696302,961A,OK
40847243,1532695356,962D,OK
40846748,1532694443,962C,OK
40846711,1532694367,962C,WRONG_ANSWER
40846189,1532693445,962B,OK
40845683,1532692408,962A,OK
40845638,1532692324,962A,WRONG_ANSWER
40135132,1531154397,1005D,OK
40129720,1531152923,1005D,WRONG_ANSWER
40129225,1531152796,1005D,WRONG_ANSWER
40128977,1531152742,1005D,WRONG_ANSWER
40123119,1531151513,1005C,OK
40118821,1531150883,1005B,OK
40117592,1531150692,1005A,OK
39572407,1529773497,991E,OK
39559196,1529769985,991D,OK
39553072,1529769067,991C,OK
39549027,1529768624,991B,OK
39545779,1529768342,991A,OK
39491321,1529598441,999D,OK
39490743,1529598274,999D,RUNTIME_ERROR
39490654,1529598247,999D,RUNTIME_ERROR
39478298,1529594259,999E,OK
39477961,1529594174,999E,RUNTIME_ERROR
39469939,1529592496,999C,OK
39467888,1529592196,999B,OK
39466665,1529592050,999A,OK
39465498,1529591923,999A,WRONG_ANSWER
38881768,1527932571,988F,WRONG_ANSWER
38879695,1527928480,988E,OK
38879030,1527927123,988D,OK
38878742,1527926573,988C,OK
38878531,1527926179,988B,OK
38878249,1527925636,988A,OK
38678146,1527449280,455B,OK
38677840,1527448847,455A,OK
38677256,1527445142,455A,WRONG_ANSWER
38675585,1527442453,489D,OK
38674177,1527441186,489B,OK
38673862,1527440908,489A,OK
38672940,1527440078,489C,OK
38672296,1527439494,189A,OK
38671076,1527438481,492B,OK
38668371,1527436642,577B,OK
38666897,1527435751,518A,OK
38658724,1527432998,514B,OK
38657301,1527431902,427E,OK
38656980,1527430524,427A,OK
38656955,1527430463,427A,WRONG_ANSWER
38656917,1527430331,427B,OK
38656796,1527429898,4C,OK
38656791,1527429880,4C,OK
38656750,1527429734,4C,OK
38656155,1527427446,600C,OK
38655979,1527426677,600B,OK
38655844,1527426199,600A,OK
38595633,1527191207,598E,OK
38595589,1527191028,598E,TIME_LIMIT_EXCEEDED
38595379,1527190138,598D,OK
38594370,1527186559,598B,OK
38594079,1527185601,598A,OK
38583626,1527159188,100804G,OK
38583486,1527158881,100804E,OK
38582934,1527157354,100804A,OK
38582863,1527157090,401B,OK
38580995,1527151764,378B,OK
38580180,1527149287,379C,OK
38579983,1527148697,379B,OK
38579809,1527148199,379A,OK
38579630,1527147741,490E,OK
38578828,1527145351,426A,OK
38578740,1527145029,898B,OK
38578639,1527144701,656G,OK
38578622,1527144643,656G,WRONG_ANSWER
38578613,1527144612,656G,WRONG_ANSWER
38578602,1527144576,656G,COMPILATION_ERROR
38578043,1527142506,656G,WRONG_ANSWER
38577663,1527141075,656A,OK
38426076,1526723712,101618D,OK
38425842,1526723249,101618D,WRONG_ANSWER
38425720,1526722992,101618D,WRONG_ANSWER
38425677,1526722901,101618D,WRONG_ANSWER
38425605,1526722750,101618D,WRONG_ANSWER
38425432,1526722391,101618D,WRONG_ANSWER
38425350,1526722261,101618D,WRONG_ANSWER
38424172,1526720155,101618B,OK
38424148,1526720105,101618B,WRONG_ANSWER
38423582,1526718826,101618C,OK
38423436,1526718568,101618C,WRONG_ANSWER
38422623,1526717103,101618F,OK
38422610,1526717088,101618E,RUNTIME_ERROR
38422125,1526716204,101618H,OK
38421885,1526715808,101618E,OK
38374615,1526579699,982D,OK
38366207,1526576729,982C,OK
38366085,1526576703,982C,RUNTIME_ERROR
38361986,1526575952,982B,OK
38359815,1526575636,982A,OK
38359401,1526575585,982A,WRONG_ANSWER
38357746,1526575371,982A,WRONG_ANSWER
38357142,1526575294,982A,WRONG_ANSWER
38356084,1526575157,982A,WRONG_ANSWER
38176796,1526207148,978D,OK
38173268,1526205992,978G,OK
38172682,1526205794,978G,COMPILATION_ERROR
38172551,1526205751,978G,RUNTIME_ERROR
38169555,1526204844,978F,OK
38166544,1526204007,978E,OK
38161477,1526203000,978C,OK
38159386,1526202716,978B,OK
38157935,1526202529,978A,OK
37952816,1525618510,977F,OK
37948044,1525617794,977E,OK
37945229,1525617364,977C,OK
37942509,1525616990,977D,OK
37937678,1525616452,977C,WRONG_ANSWER
37934927,1525616184,977C,WRONG_ANSWER
37933394,1525616012,977B,OK
37932767,1525615937,977A,OK
37900975,1525510708,101778A,OK
37900750,1525510200,101778A,WRONG_ANSWER
37900588,1525509830,101778A,WRONG_ANSWER
37900038,1525508399,101778B,OK
37900011,1525508324,101778B,TIME_LIMIT_EXCEEDED
37899812,1525507755,101778E,OK
37899793,1525507688,101778E,WRONG_ANSWER
37899679,1525507408,101778C,OK
37899492,1525506963,101778C,COMPILATION_ERROR
37899471,1525506907,101778H,OK
37898589,1525504997,101778I,OK
37898443,1525504612,101778I,WRONG_ANSWER
37898406,1525504516,101778I,WRONG_ANSWER
37820899,1525194008,975B,OK
37807436,1525185241,975B,OK
37804989,1525184629,975C,OK
37802926,1525184101,975B,SKIPPED
37801075,1525183690,975A,OK
37773907,1525106022,976E,WRONG_ANSWER
37772353,1525105549,976E,WRONG_ANSWER
37772244,1525105508,976E,WRONG_ANSWER
37771389,1525105180,976E,WRONG_ANSWER
37771322,1525105152,976E,WRONG_ANSWER
37771019,1525105044,976E,WRONG_ANSWER
37770789,1525104973,976E,RUNTIME_ERROR
37770592,1525104896,976E,WRONG_ANSWER
37770278,1525104790,976E,WRONG_ANSWER
37768608,1525104194,976E,MEMORY_LIMIT_EXCEEDED
37768287,1525104088,976E,COMPILATION_ERROR
37768020,1525103985,976E,MEMORY_LIMIT_EXCEEDED
37765428,1525103064,976E,WRONG_ANSWER
37759005,1525101143,976C,CHALLENGED
37756030,1525100395,976B,OK
37752951,1525099670,976A,OK
37751818,1525099516,976A,WRONG_ANSWER
37751309,1525099453,976A,WRONG_ANSWER
36832793,1522599991,952B,WRONG_ANSWER
36828608,1522599575,952B,WRONG_ANSWER
36828540,1522599568,952B,WRONG_ANSWER
36828485,1522599563,952B,WRONG_ANSWER
36828430,1522599559,952B,WRONG_ANSWER
36828389,1522599555,952B,WRONG_ANSWER
36828349,1522599551,952B,WRONG_ANSWER
36828298,1522599547,952B,WRONG_ANSWER
36828202,1522599538,952B,WRONG_ANSWER
36828099,1522599529,952B,WRONG_ANSWER
36827595,1522599481,952B,WRONG_ANSWER
36821941,1522598986,952D,WRONG_ANSWER
36821907,1522598983,952D,WRONG_ANSWER
36821856,1522598980,952D,WRONG_ANSWER
36821808,1522598976,952D,OK
36821785,1522598972,952D,WRONG_ANSWER
36821739,1522598968,952D,WRONG_ANSWER
36821304,1522598932,952D,WRONG_ANSWER
36815175,1522598365,952C,OK
36812124,1522598079,952D,WRONG_ANSWER
36811964,1522598064,952D,WRONG_ANSWER
36811923,1522598059,952D,WRONG_ANSWER
36811891,1522598055,952D,WRONG_ANSWER
36811813,1522598049,952D,WRONG_ANSWER
36810847,1522597959,952D,WRONG_ANSWER
36810806,1522597955,952D,WRONG_ANSWER
36810775,1522597952,952D,WRONG_ANSWER
36810723,1522597948,952D,WRONG_ANSWER
36810686,1522597945,952D,WRONG_ANSWER
36810645,1522597941,952D,WRONG_ANSWER
36808725,1522597741,952D,WRONG_ANSWER
36808701,1522597740,952D,WRONG_ANSWER
36808642,1522597732,952D,WRONG_ANSWER
36808568,1522597722,952D,WRONG_ANSWER
36807094,1522597535,952B,WRONG_ANSWER
36805904,1522597382,952B,WRONG_ANSWER
36805170,1522597287,952B,WRONG_ANSWER
36803157,1522597004,952A,OK
36777135,1522508120,101761F,OK
36777126,1522508095,101761B,OK
36777064,1522507920,101761A,OK
36777050,1522507888,101761D,OK
36777033,1522507842,101761I,OK
36777002,1522507769,101761C,OK
36776967,1522507646,101761H,OK
36699026,1522254725,100924D,TIME_LIMIT_EXCEEDED
36653070,1522095545,100924C,OK
36653061,1522095523,100924E,OK
36653057,1522095508,100924F,OK
36653041,1522095457,100924B,OK
36653033,1522095430,100924G,OK
36653025,1522095398,100924D,OK
36653010,1522095363,100924A,OK
36173069,1520702690,923A,OK
36172551,1520702495,923A,RUNTIME_ERROR
36172205,1520702370,923A,RUNTIME_ERROR
36171767,1520702205,923A,TIME_LIMIT_EXCEEDED
36171072,1520701921,923A,TIME_LIMIT_EXCEEDED
36164201,1520699170,923C,OK
36155955,1520696662,923B,OK
35885700,1520084044,929C,OK
35885554,1520083852,929B,OK
35885474,1520083746,929A,OK
35658388,1519499922,928D,OK
35655196,1519493380,928C,OK
35655182,1519493353,928C,COMPILATION_ERROR
35653475,1519490624,928B,OK
35653428,1519490574,928B,RUNTIME_ERROR
35652370,1519488786,928A,OK
35028587,1518029241,922C,WRONG_ANSWER
35025688,1518028217,922C,WRONG_ANSWER
35020749,1518026707,922C,WRONG_ANSWER
35020482,1518026631,922C,WRONG_ANSWER
35013828,1518025140,922B,OK
35009617,1518024397,922B,TIME_LIMIT_EXCEEDED
35008676,1518024259,922B,TIME_LIMIT_EXCEEDED
35007078,1518024022,922A,OK
34687503,1517250969,888D,OK
34687322,1517250647,888C,OK
34686631,1517249262,900B,OK
34686574,1517249038,864A,OK
34686368,1517248261,887B,OK
34686079,1517246478,888B,OK
34686036,1517246285,864A,COMPILATION_ERROR
34685861,1517245195,900B,WRONG_ANSWER
34685722,1517244502,862A,OK
34685654,1517244208,855A,OK
34685622,1517244070,864A,WRONG_ANSWER
34685602,1517243998,864A,WRONG_ANSWER
34684744,1517243433,887A,OK
34684280,1517243223,888A,OK
34683712,1517242928,900A,OK
34575525,1516970257,915C,OK
34547446,1516886868,911E,OK
34547343,1516886686,911E,WRONG_ANSWER
34547070,1516886222,911E,WRONG_ANSWER
34546534,1516885121,899C,OK
34546498,1516885071,899C,MEMORY_LIMIT_EXCEEDED
34546373,1516884836,909C,OK
34546306,1516884706,909C,WRONG_ANSWER
34545969,1516883975,911C,OK
34545954,1516883946,911C,OK
34545910,1516883859,911B,OK
34545682,1516883353,915B,OK
34545552,1516883067,899A,OK
34545397,1516882704,909A,OK
34545238,1516882336,913A,OK
34545168,1516882196,913A,WRONG_ANSWER
34545148,1516882127,913A,WRONG_ANSWER
34545063,1516881953,915A,OK
34545031,1516881856,915A,RUNTIME_ERROR
34345914,1516439213,101588E,OK
34344063,1516435716,101588A,OK
34343970,1516435523,101588A,WRONG_ANSWER
34343152,1516433991,101588C,OK
34342887,1516433451,101588B,OK
34275029,1516277290,101641K,OK
34274964,1516277145,101641K,WRONG_ANSWER
34274952,1516277117,101641K,COMPILATION_ERROR
34274561,1516276111,101641H,OK
34202923,1516036236,101641M,WRONG_ANSWER
34202907,1516036193,101641M,WRONG_ANSWER
34202797,1516035921,101641M,TIME_LIMIT_EXCEEDED
34202710,1516035706,101641M,WRONG_ANSWER
34201691,1516032956,101641I,OK
34201684,1516032941,101641F,OK
34201671,1516032919,101641J,OK
34201666,1516032905,101641L,OK
34201661,1516032886,101641D,OK
34201655,1516032867,101641C,OK
34201646,1516032848,101641B,OK
34201625,1516032798,101641A,OK
34201477,1516032389,101641G,OK
34201391,1516032137,101641G,WRONG_ANSWER
34196169,1516018519,915D,OK
34150052,1515855073,915B,OK
34147415,1515854116,915B,WRONG_ANSWER
34146389,1515853762,915B,WRONG_ANSWER
34145632,1515853498,915B,WRONG_ANSWER
34137611,1515850942,915C,OK
34134130,1515850041,915C,WRONG_ANSWER
34133281,1515849842,915C,RUNTIME_ERROR
34132939,1515849761,915C,RUNTIME_ERROR
34128062,1515848872,915A,OK
33830935,1514721651,909D,OK
33830881,1514721436,909D,RUNTIME_ERROR
33830744,1514720875,909D,WRONG_ANSWER
33830601,1514720306,909D,TIME_LIMIT_EXCEEDED
33830521,1514720051,909D,WRONG_ANSWER
33829019,1514714394,899F,OK
33828985,1514714285,899F,COMPILATION_ERROR
33817126,1514656901,899B,OK
33736129,1514475993,911D,TIME_LIMIT_EXCEEDED
33726784,1514472611,911E,OK
33726476,1514472527,911E,WRONG_ANSWER
33722019,1514471473,911C,OK
33720170,1514471102,911C,WRONG_ANSWER
33716946,1514470549,911B,OK
33715876,1514470374,911B,WRONG_ANSWER
33714301,1514470156,911A,OK
33687831,1514397147,909E,WRONG_ANSWER
33684889,1514395892,909B,OK
33683027,1514395164,909C,OK
33681745,1514394690,909C,WRONG_ANSWER
33681482,1514394605,909C,WRONG_ANSWER
33680487,1514394242,909C,WRONG_ANSWER
33676959,1514393227,909A,OK
33676592,1514393148,909A,RUNTIME_ERROR
33674619,1514392769,909A,WRONG_ANSWER
33344634,1513497799,899E,OK
33335033,1513493671,899C,OK
33333132,1513493144,899B,WRONG_ANSWER
33330836,1513492687,899A,OK
32774857,1511943234,100924C,OK
32730554,1511800911,101265G,OK
32720453,1511799867,101265F,OK
32719404,1511797327,101265E,OK
32718934,1511796146,101265D,OK
32718441,1511794890,101265A,OK
32718348,1511794670,101265C,OK
32718339,1511794654,101265C,WRONG_ANSWER
32718310,1511794587,101265C,COMPILATION_ERROR
32718304,1511794572,101265C,COMPILATION_ERROR
32717926,1511793488,101265B,OK
32717904,1511793442,101265B,WRONG_ANSWER
32467025,1511102923,894B,CHALLENGED
32465014,1511101980,894C,WRONG_ANSWER
32459441,1511099942,894A,OK
32426319,1510997867,101243F,WRONG_ANSWER
32425188,1510995033,101243B,TIME_LIMIT_EXCEEDED
32425167,1510994975,101243B,TIME_LIMIT_EXCEEDED
32424614,1510993571,101243J,OK
32423802,1510991194,101243D,OK
32423540,1510990355,101243G,OK
32423481,1510990188,101243H,OK
32423458,1510990087,101243H,RUNTIME_ERROR
32423389,1510989859,101243G,WRONG_ANSWER
32423364,1510989763,101243G,WRONG_ANSWER
32423355,1510989729,101243G,COMPILATION_ERROR
32423250,1510989400,101243A,OK
32423197,1510989255,101243A,WRONG_ANSWER
32423064,1510988859,101243A,WRONG_ANSWER
32422946,1510988543,101243A,WRONG_ANSWER
32370923,1510900872,100853A,OK
32264875,1510508370,888C,OK
32255878,1510504148,890C,OK
32250311,1510503178,890B,OK
32248720,1510502960,890A,OK
32166626,1510241842,888D,OK
32163882,1510240785,888C,CHALLENGED
32162240,1510240308,888B,OK
32161127,1510240058,888A,OK
31578148,1508597436,101200D,OK
31577040,1508594970,101200I,OK
31576941,1508594723,101200I,WRONG_ANSWER
31576903,1508594653,101200I,WRONG_ANSWER
31502474,1508404524,100119D,OK
31502420,1508404408,100119D,WRONG_ANSWER
31502360,1508404252,100119C,OK
31502347,1508404220,100119C,WRONG_ANSWER
31502223,1508403897,100119B,OK
31502147,1508403706,100119A,OK
31299934,1507973835,100151B,OK
31299710,1507973406,100151B,WRONG_ANSWER
31295325,1507970305,100151B,WRONG_ANSWER
31295134,1507969933,100151B,WRONG_ANSWER
31294912,1507969478,100151B,WRONG_ANSWER
31294777,1507969209,100151B,WRONG_ANSWER
31292035,1507963529,100151A,OK
31291960,1507963389,100151A,WRONG_ANSWER
31291944,1507963351,100151A,WRONG_ANSWER
31291606,1507962695,100151C,OK
31291520,1507962508,100151C,WRONG_ANSWER
31291381,1507962218,100151K,OK
31267571,1507879806,101142J,OK
31267514,1507879620,101142J,WRONG_ANSWER
31267471,1507879487,101142J,WRONG_ANSWER
31267415,1507879304,101142J,WRONG_ANSWER
31267396,1507879237,101142J,WRONG_ANSWER
31266962,1507877681,101142J,WRONG_ANSWER
31266866,1507877358,101142J,WRONG_ANSWER
31265921,1507873710,101142K,OK
31265808,1507873154,101142F,OK
31265689,1507872628,101142F,WRONG_ANSWER
31265463,1507871394,101142A,OK
31210771,1507709893,101536B,WRONG_ANSWER
31210696,1507709715,101536B,WRONG_ANSWER
31209023,1507705780,101536A,WRONG_ANSWER
31208762,1507705181,101536A,WRONG_ANSWER
31208565,1507704714,101536A,WRONG_ANSWER
31208391,1507704272,101536A,WRONG_ANSWER
31208079,1507703374,101536A,WRONG_ANSWER
31208016,1507703205,101536A,WRONG_ANSWER
31207937,1507703009,101536E,OK
31207814,1507702670,101536B,WRONG_ANSWER
31207641,1507702265,101536C,OK
31207517,1507701918,101536A,WRONG_ANSWER
31207489,1507701863,101536D,OK
31207475,1507701822,101536D,WRONG_ANSWER
31207412,1507701647,101536A,WRONG_ANSWER
31058977,1507276772,101551B,TIME_LIMIT_EXCEEDED
31058961,1507276743,101551B,TIME_LIMIT_EXCEEDED
31058925,1507276674,101551B,WRONG_ANSWER
31058896,1507276604,101551B,WRONG_ANSWER
31058862,1507276550,101551B,WRONG_ANSWER
31058837,1507276511,101551B,TIME_LIMIT_EXCEEDED
31058818,1507276480,101551B,TIME_LIMIT_EXCEEDED
31058801,1507276427,101551B,WRONG_ANSWER
31058778,1507276386,101551B,WRONG_ANSWER
31058769,1507276360,101551B,WRONG_ANSWER
31058524,1507275946,101551B,TIME_LIMIT_EXCEEDED
31058471,1507275845,101551B,TIME_LIMIT_EXCEEDED
31057969,1507274836,101551B,WRONG_ANSWER
31057918,1507274728,101551B,WRONG_ANSWER
31057875,1507274647,101551B,TIME_LIMIT_EXCEEDED
31057848,1507274605,101551B,WRONG_ANSWER
31057771,1507274436,101551B,WRONG_ANSWER
31057753,1507274398,101551B,TIME_LIMIT_EXCEEDED
31057703,1507274315,101551B,WRONG_ANSWER
31057184,1507273394,101551A,OK
31057066,1507273207,101551A,RUNTIME_ERROR
31055758,1507270614,101551E,OK
31055714,1507270534,101551D,OK
31055694,1507270495,101551E,WRONG_ANSWER
31055502,1507270109,101551E,WRONG_ANSWER
31055427,1507269947,101551E,WRONG_ANSWER
31055322,1507269709,101551E,WRONG_ANSWER
31055086,1507269108,101551G,OK
30636911,1506159190,101200L,OK
30636893,1506159142,101200L,WRONG_ANSWER
30636109,1506157267,101200K,OK
30636029,1506157056,101200K,WRONG_ANSWER
30635672,1506156081,101200H,OK
30635005,1506154274,101200G,OK
30634805,1506153673,101200F,OK
30634601,1506153016,101200E,OK
30634567,1506152895,101200E,WRONG_ANSWER
30634274,1506152026,101200B,OK
30634237,1506151941,101200B,WRONG_ANSWER
30011098,1504350054,101502G,OK
30010854,1504349367,101502J,OK
30010341,1504347717,101502I,OK
30010165,1504347196,101502I,WRONG_ANSWER
30009893,1504346315,101502I,WRONG_ANSWER
30009849,1504346159,101502I,WRONG_ANSWER
30009650,1504345459,101502F,OK
30009616,1504345352,101502F,TIME_LIMIT_EXCEEDED
30007807,1504344599,101502B,OK
30007728,1504344341,101502B,TIME_LIMIT_EXCEEDED
30007647,1504344108,101502B,TIME_LIMIT_EXCEEDED
30007455,1504343406,101502B,MEMORY_LIMIT_EXCEEDED
30004453,1504343071,101502D,OK
30004020,1504340279,101502H,OK
30003988,1504339963,101502K,OK
30003927,1504339527,101502E,OK
30003879,1504339202,101502B,MEMORY_LIMIT_EXCEEDED
30003747,1504338347,101502A,OK
29915423,1504091480,101498F,OK
29914998,1504090287,101498J,OK
29914909,1504090046,101498J,WRONG_ANSWER
29914737,1504089633,101498J,WRONG_ANSWER
29913938,1504087446,101498I,OK
29913833,1504087105,101498H,OK
29913821,1504087076,101498H,WRONG_ANSWER
29913602,1504086369,101498I,WRONG_ANSWER
29913560,1504086255,101498I,WRONG_ANSWER
29913475,1504086034,101498D,OK
29912464,1504083383,101498I,WRONG_ANSWER
29912287,1504082914,101498E,OK
29912143,1504082531,101498C,OK
29912061,1504082285,101498B,OK
29911958,1504082001,101498A,OK
29803184,1503741652,101409M,OK
29803161,1503741590,101409M,WRONG_ANSWER
29803110,1503741474,101409M,WRONG_ANSWER
29803037,1503741289,101409M,WRONG_ANSWER
29802935,1503741001,101409C,OK
29802530,1503739878,101409M,WRONG_ANSWER
29802436,1503739600,101409M,WRONG_ANSWER
29802416,1503739549,101409M,WRONG_ANSWER
29802295,1503739215,101409M,RUNTIME_ERROR
29802248,1503739094,101409M,TIME_LIMIT_EXCEEDED
29801741,1503737719,101409D,OK
29801707,1503737612,101409D,WRONG_ANSWER
29801618,1503737403,101409D,WRONG_ANSWER
29801086,1503735952,101409E,OK
29800833,1503735057,101409I,OK
29800638,1503734701,101409I,TIME_LIMIT_EXCEEDED
29800588,1503734555,101409I,TIME_LIMIT_EXCEEDED
29799978,1503732900,101409A,OK
29799970,1503732872,101409A,COMPILATION_ERROR
29655803,1503330979,845D,OK
29650315,1503329016,845C,OK
29649518,1503328783,845C,WRONG_ANSWER
29648734,1503328572,845B,OK
29646759,1503328132,845A,OK
29641224,1503311443,839A,OK
29641074,1503310953,841A,OK
29593467,1503132651,101269B,OK
29592796,1503130898,101269D,OK
29592259,1503129619,101269L,OK
29591790,1503128298,101269F,OK
29591751,1503128164,101269F,WRONG_ANSWER
29591418,1503127204,101269E,OK
29591255,1503126718,101269M,OK
29591120,1503126365,101269H,OK
29524826,1502968830,101364A,WRONG_ANSWER
29524589,1502967938,101364A,WRONG_ANSWER
29523310,1502963496,101364B,OK
29523210,1502963148,101364B,WRONG_ANSWER
29522740,1502961586,101364G,OK
29522716,1502961477,101364G,WRONG_ANSWER
29522375,1502960408,101364F,OK
29435875,1502633366,810A,OK
29435858,1502633307,811A,OK
29435840,1502633254,812A,OK
29435819,1502633201,814A,OK
29435804,1502633157,816A,OK
29435776,1502633090,832A,OK
29435752,1502633021,834A,OK
29435721,1502632959,835A,OK
29372644,1502526594,100100C,OK
29372609,1502526496,100100C,WRONG_ANSWER
29372464,1502526137,100100C,TIME_LIMIT_EXCEEDED
29372429,1502526050,100100C,TIME_LIMIT_EXCEEDED
29372267,1502525553,100100C,WRONG_ANSWER
29372231,1502525443,100100C,WRONG_ANSWER
28774038,1500713680,821B,OK
28774019,1500713606,822B,OK
28774004,1500713553,827A,OK
28773996,1500713529,828C,OK
28773976,1500713467,820A,OK
28773968,1500713430,821A,OK
28773954,1500713394,822A,OK
28773929,1500713301,825A,OK
28570576,1500114537,100853E,OK
28570208,1500113275,100853L,OK
28569932,1500112306,100853J,OK
28569613,1500111413,100853I,OK
28569459,1500110957,100853I,WRONG_ANSWER
28569307,1500110532,100853G,OK
28569233,1500110301,100853G,WRONG_ANSWER
28569109,1500109978,100853I,WRONG_ANSWER
28568677,1500108744,100853G,TIME_LIMIT_EXCEEDED
28568268,1500107607,100853H,OK
28568224,1500107469,100853H,WRONG_ANSWER
28568120,1500107187,100853C,OK
28568002,1500106821,100853F,OK
28567950,1500106680,100853F,WRONG_ANSWER
28567905,1500106555,100853D,OK
28567818,1500106329,100853B,OK
28567773,1500106168,100853A,OK
28473214,1499861586,100030J,WRONG_ANSWER
28472509,1499860089,100030F,TIME_LIMIT_EXCEEDED
28472437,1499859921,100030F,TIME_LIMIT_EXCEEDED
28472388,1499859797,100030F,TIME_LIMIT_EXCEEDED
28472192,1499859319,100030F,TIME_LIMIT_EXCEEDED
28472110,1499859103,100030F,WRONG_ANSWER
28471815,1499858342,100030A,WRONG_ANSWER
28471767,1499858212,100030A,WRONG_ANSWER
28471365,1499857130,100030G,OK
28471212,1499856668,100030K,OK
28470921,1499855901,100030E,OK
28470528,1499854885,100030H,OK
28470259,1499854128,100030C,OK
28470234,1499854067,100030C,WRONG_ANSWER
28470092,1499853654,100030K,WRONG_ANSWER
28470050,1499853539,100030K,WRONG_ANSWER
28469959,1499853313,100030D,OK
28469877,1499853092,100030L,OK
28469680,1499852596,100030D,WRONG_ANSWER
28469657,1499852524,100030D,WRONG_ANSWER
28469629,1499852448,100030D,WRONG_ANSWER
28469425,1499851952,100030B,OK
28440469,1499794465,828D,OK
28437700,1499793436,828C,TIME_LIMIT_EXCEEDED
28437107,1499793240,828C,RUNTIME_ERROR
28435169,1499792627,828B,OK
28431943,1499791899,828A,OK
28188360,1498900764,101306D,OK
28188134,1498899961,101306A,WRONG_ANSWER
28187783,1498898926,101306C,OK
28187666,1498898604,101306A,OK
28187592,1498898382,101306A,WRONG_ANSWER
28187526,1498898176,101306A,WRONG_ANSWER
28187504,1498898132,101306A,WRONG_ANSWER
28187429,1498897928,101306A,WRONG_ANSWER
28187414,1498897883,101306A,WRONG_ANSWER
28187220,1498897265,101306B,OK
28187146,1498897045,101306B,WRONG_ANSWER
28187106,1498896901,101306B,WRONG_ANSWER
27981711,1498210842,101375L,OK
27981595,1498210503,101375H,WRONG_ANSWER
27981586,1498210466,101375H,WRONG_ANSWER
27981523,1498210252,101375G,OK
27981505,1498210193,101375G,WRONG_ANSWER
27981445,1498209977,101375I,OK
27981386,1498209789,101375F,OK
27981357,1498209690,101375D,OK
27981296,1498209520,101375C,OK
27980963,1498208389,101375A,OK
27980868,1498208110,101375B,OK
27588477,1496676771,813B,WRONG_ANSWER
27585777,1496675502,813A,OK
26390107,1492271625,797A,OK
26389902,1492271500,797A,RUNTIME_ERROR
26389608,1492271343,797A,RUNTIME_ERROR
26389327,1492271183,797A,RUNTIME_ERROR
26389253,1492271141,797A,WRONG_ANSWER
26389188,1492271100,797A,RUNTIME_ERROR
26387397,1492270019,797C,OK
26384890,1492268695,797B,OK
26383431,1492267970,797A,WRONG_ANSWER
26383249,1492267876,797A,RUNTIME_ERROR
26382995,1492267750,797A,RUNTIME_ERROR
26382932,1492267712,797A,WRONG_ANSWER
26382735,1492267622,797A,WRONG_ANSWER
26382611,1492267571,797A,WRONG_ANSWER
26382326,1492267440,797A,WRONG_ANSWER
26216113,1491646750,101341E,WRONG_ANSWER
26214980,1491643471,101341H,OK
26214945,1491643364,101341H,WRONG_ANSWER
26214922,1491643278,101341H,WRONG_ANSWER
26214755,1491642763,101341D,OK
26214641,1491642383,101341D,TIME_LIMIT_EXCEEDED
26214600,1491642261,101341D,TIME_LIMIT_EXCEEDED
26214561,1491642145,101341D,TIME_LIMIT_EXCEEDED
26214539,1491642077,101341D,TIME_LIMIT_EXCEEDED
26214437,1491641809,101341H,TIME_LIMIT_EXCEEDED
26214019,1491640921,101341H,WRONG_ANSWER
26213628,1491639964,101341H,WRONG_ANSWER
26213082,1491638939,101341G,OK
26212818,1491638327,101341D,WRONG_ANSWER
26212723,1491638117,101341D,WRONG_ANSWER
26212692,1491638063,101341D,WRONG_ANSWER
26212539,1491637710,101341D,WRONG_ANSWER
26212517,1491637671,101341D,WRONG_ANSWER
26212325,1491637226,101341D,WRONG_ANSWER
26212260,1491637082,101341D,WRONG_ANSWER
26212146,1491636777,101341M,OK
26211763,1491635879,101341C,OK
26211584,1491635408,101341B,OK
26211455,1491635142,101341B,WRONG_ANSWER
26211380,1491634947,101341B,WRONG_ANSWER
25610022,1489852358,771A,RUNTIME_ERROR
25407300,1489240394,770D,OK
25405572,1489237201,770C,WRONG_ANSWER
25404472,1489235312,770B,OK
25403623,1489233797,770A,OK
25211286,1488630004,769B,OK
25211084,1488629738,769B,WRONG_ANSWER
25210427,1488628995,769A,OK
24157015,1485461088,631B,OK
24156924,1485460699,631A,OK
24156871,1485460502,750A,OK
24155875,1485456877,750A,OK
24127118,1485360156,762C,TIME_LIMIT_EXCEEDED
24126139,1485359621,762C,TIME_LIMIT_EXCEEDED
24123459,1485358356,762A,OK
24122943,1485358136,762A,WRONG_ANSWER
24122484,1485357938,762A,COMPILATION_ERROR
24116388,1485355823,762B,OK
23379200,1482933025,514B,OK
23379176,1482932951,701A,OK
23379126,1482932820,732A,OK
23379018,1482932491,711A,OK
22360859,1479639884,738C,WRONG_ANSWER
22360550,1479639813,738C,WRONG_ANSWER
22360280,1479639728,738C,WRONG_ANSWER
22360084,1479639666,738C,TIME_LIMIT_EXCEEDED
22359968,1479639633,738C,TIME_LIMIT_EXCEEDED
22359801,1479639576,738C,TIME_LIMIT_EXCEEDED
22355771,1479637739,738D,OK
22354946,1479637359,738D,RUNTIME_ERROR
22349068,1479634834,738B,OK
22347973,1479634426,738B,WRONG_ANSWER
22346902,1479634087,738B,WRONG_ANSWER
22344228,1479633250,738A,OK
22320926,1479542263,101153F,OK
22320699,1479541287,101153E,OK
22320680,1479541202,101153E,WRONG_ANSWER
22320562,1479540728,101153A,OK
21765740,1477381238,101110E,OK
21765609,1477380741,101110F,OK
21765597,1477380710,101110F,COMPILATION_ERROR
21765577,1477380622,101110F,WRONG_ANSWER
21765523,1477380399,101110F,WRONG_ANSWER
21765364,1477379609,101110A,OK
21765144,1477378647,101132E,WRONG_ANSWER
21765086,1477378394,101132E,WRONG_ANSWER
21765001,1477377917,101132E,WRONG_ANSWER
21764791,1477377142,101132D,OK
21764589,1477376370,101132B,OK
20955438,1475005932,100799K,TIME_LIMIT_EXCEEDED
20955364,1475005699,100799K,WRONG_ANSWER
20882186,1474698533,100831E,OK
20881905,1474696944,100831D,WRONG_ANSWER
20881845,1474696592,100831F,OK
20881760,1474696081,100831A,WRONG_ANSWER
20774772,1474372885,100733B,OK
20774664,1474372591,100733B,WRONG_ANSWER
20774501,1474372136,100733B,WRONG_ANSWER
20774460,1474372026,100733B,WRONG_ANSWER
20774361,1474371748,100733B,WRONG_ANSWER
20774330,1474371658,100733B,WRONG_ANSWER
20774174,1474371215,100733B,WRONG_ANSWER
20771395,1474362037,100733B,WRONG_ANSWER
20771364,1474361936,100733B,WRONG_ANSWER
20771308,1474361717,100733B,WRONG_ANSWER
20771216,1474361306,100733C,OK
20770427,1474358163,100733A,OK
20770282,1474357407,100733D,OK
20770273,1474357352,100733D,RUNTIME_ERROR
20770268,1474357337,100733H,OK
20770062,1474356392,100733E,OK
20770041,1474356313,100733E,TIME_LIMIT_EXCEEDED
20769984,1474356077,100733E,RUNTIME_ERROR
20704146,1474124718,716C,OK
20694891,1474122181,716C,WRONG_ANSWER
20690761,1474121279,716B,OK
20684186,1474120154,716A,OK
20563109,1473757260,100549E,WRONG_ANSWER
20563100,1473757232,100549E,WRONG_ANSWER
20562834,1473756274,100549E,WRONG_ANSWER
20562819,1473756174,100549E,WRONG_ANSWER
20562372,1473754325,100549F,OK
20561800,1473751484,100549D,WRONG_ANSWER
20561637,1473750744,100549I,OK
20561628,1473750688,100549I,WRONG_ANSWER
20561526,1473750191,100549I,WRONG_ANSWER
20561508,1473750050,100549F,WRONG_ANSWER
20561371,1473749272,100549I,WRONG_ANSWER
20561233,1473748517,100549D,WRONG_ANSWER
20561202,1473748365,100549D,WRONG_ANSWER
20561158,1473748140,100549A,OK
20561013,1473747371,100549A,TIME_LIMIT_EXCEEDED
20561012,1473747360,100549J,OK
20560990,1473747270,100549J,WRONG_ANSWER
20560921,1473746905,100549G,OK
20560900,1473746823,100549G,WRONG_ANSWER
20157440,1472137206,101061J,OK
20156872,1472135679,101061J,WRONG_ANSWER
20156840,1472135584,101061J,WRONG_ANSWER
20156238,1472134113,101061A,OK
20156212,1472134012,101061A,WRONG_ANSWER
20156112,1472133732,101061A,WRONG_ANSWER
20155960,1472133416,101061I,OK
20155773,1472133020,101061D,OK
20125123,1472060438,709B,OK
20123021,1472059710,709B,WRONG_ANSWER
20119036,1472058606,709B,WRONG_ANSWER
20115838,1472057895,709C,OK
20115397,1472057811,709C,WRONG_ANSWER
20114359,1472057595,709C,WRONG_ANSWER
20110395,1472056806,709A,OK
20060999,1471879865,710C,WRONG_ANSWER
20060848,1471879793,710C,WRONG_ANSWER
20059587,1471879134,710C,WRONG_ANSWER
20054469,1471876931,710E,WRONG_ANSWER
20054063,1471876787,710E,WRONG_ANSWER
20051493,1471875991,710B,OK
20050921,1471875844,710B,RUNTIME_ERROR
20047954,1471875252,710A,OK
19999711,1471703384,707D,WRONG_ANSWER
19996091,1471701898,707C,OK
19987308,1471699228,707B,OK
19983266,1471698566,707A,OK
19910714,1471362633,100089G,WRONG_ANSWER
19910071,1471360340,100089F,OK
19910025,1471360191,100089F,WRONG_ANSWER
19909763,1471359216,100089E,OK
19909555,1471358455,100089B,OK
19761946,1470818807,100952F,OK
19761934,1470818757,100952F,WRONG_ANSWER
19761911,1470818672,100952F,WRONG_ANSWER
19761897,1470818630,100952F,WRONG_ANSWER
19761050,1470815826,100952G,OK
19761033,1470815754,100952G,WRONG_ANSWER
19760844,1470815080,100952B,OK
19760686,1470814462,100952A,OK
19703825,1470583298,705C,OK
19702799,1470582893,705C,WRONG_ANSWER
19701709,1470582460,705C,WRONG_ANSWER
19700439,1470581985,705C,WRONG_ANSWER
19699963,1470581810,705C,TIME_LIMIT_EXCEEDED
19693395,1470579709,705B,OK
19689377,1470579026,705A,OK
19626325,1470326981,703A,OK
19624294,1470325632,703B,OK
19621437,1470324307,703A,WRONG_ANSWER
19438752,1469613337,100924E,OK
19437185,1469609227,100924F,OK
19437075,1469608865,100924F,WRONG_ANSWER
19436354,1469606540,100924B,OK
19436288,1469606362,100924B,WRONG_ANSWER
19435937,1469605228,100924D,OK
19435918,1469605186,100924G,OK
19435891,1469605048,100924A,OK
19363325,1469271817,101020H,OK
19363277,1469271636,101020H,WRONG_ANSWER
19363233,1469271478,101020H,WRONG_ANSWER
19363174,1469271293,101020H,MEMORY_LIMIT_EXCEEDED
19363007,1469270743,101020H,WRONG_ANSWER
19362965,1469270588,101020H,WRONG_ANSWER
19361699,1469266532,101020I,OK
19361457,1469265792,101020E,OK
19361436,1469265737,101020E,WRONG_ANSWER
19361134,1469264907,101020F,OK
19361018,1469264592,101020G,OK
19360957,1469264430,101020G,WRONG_ANSWER
19360841,1469264126,101020G,WRONG_ANSWER
19360534,1469263464,101020D,OK
19360509,1469263422,101020D,RUNTIME_ERROR
19360069,1469262193,101020J,OK
19359864,1469261712,101020C,OK
19359706,1469261209,101020B,OK
19359571,1469260883,101020A,OK
19279279,1469015360,100985D,OK
19278476,1469012836,100985C,OK
19278384,1469012542,100985C,WRONG_ANSWER
19278363,1469012440,100985C,WRONG_ANSWER
19278257,1469012090,100985C,WRONG_ANSWER
19278242,1469012051,100985C,WRONG_ANSWER
19278028,1469011404,100985H,OK
19277928,1469011016,100985I,OK
19277817,1469010610,100985F,OK
19277791,1469010517,100985F,WRONG_ANSWER
19277599,1469009834,100985C,TIME_LIMIT_EXCEEDED
19277472,1469009393,100985J,OK
19277344,1469008977,100985C,IDLENESS_LIMIT_EXCEEDED
19277149,1469008329,100985C,TIME_LIMIT_EXCEEDED
19277114,1469008217,100985C,IDLENESS_LIMIT_EXCEEDED
19276817,1469007284,100985E,OK
19276632,1469006743,100985M,OK
19276602,1469006677,100985M,WRONG_ANSWER
19276421,1469006216,100985L,OK
19276293,1469005892,100985K,OK
19276176,1469005567,100985G,OK
19276133,1469005500,100985G,WRONG_ANSWER
19275864,1469005006,100985B,OK
19275686,1469004675,100985A,OK
18644848,1466591715,100944D,OK
18644835,1466591660,100944D,WRONG_ANSWER
18642055,1466580801,100944C,OK
18642039,1466580732,100944C,RUNTIME_ERROR
18641599,1466578838,100944A,OK
18641477,1466578338,100944B,OK
18579803,1466255593,682C,OK
18579783,1466255537,682C,OK
18579706,1466255240,682C,WRONG_ANSWER
18579640,1466254998,682C,MEMORY_LIMIT_EXCEEDED
18551293,1466182520,682B,OK
18549504,1466182103,682A,OK
18548882,1466181944,682A,WRONG_ANSWER
18455073,1465919497,678D,WRONG_ANSWER
18454753,1465918532,678D,RUNTIME_ERROR
18454689,1465918280,678D,RUNTIME_ERROR
18429917,1465839630,678D,WRONG_ANSWER
18429771,1465839548,678D,WRONG_ANSWER
18429449,1465839369,678D,WRONG_ANSWER
18428029,1465838678,678D,WRONG_ANSWER
18425229,1465837301,678B,OK
18422952,1465836325,678B,WRONG_ANSWER
18421679,1465835825,678B,WRONG_ANSWER
18421413,1465835724,678B,WRONG_ANSWER
18421218,1465835652,678B,WRONG_ANSWER
18421096,1465835598,678C,OK
18419548,1465835063,678A,OK
18417453,1465834467,678A,WRONG_ANSWER
18356964,1465556548,100105A,OK
17940954,1463417884,675B,OK
17937546,1463417163,675A,OK
17936567,1463417008,675A,RUNTIME_ERROR
17740858,1462469809,670D2,OK
17737234,1462468422,670E,OK
17730030,1462466387,670D1,OK
17728963,1462466144,670D1,WRONG_ANSWER
17726423,1462465608,670C,OK
17723556,1462465021,670B,OK
17721635,1462464679,670A,OK
17585419,1461959223,667C,OK
17585389,1461959108,667C,TIME_LIMIT_EXCEEDED
17576666,1461950736,667C,WRONG_ANSWER
17572889,1461949087,667B,OK
17571940,1461948780,667A,OK
17571682,1461948706,667A,COMPILATION_ERROR
17570706,1461948431,667A,WRONG_ANSWER
17570187,1461948278,667A,WRONG_ANSWER
17249296,1460187733,660D,OK
17249290,1460187699,660D,WRONG_ANSWER
17240055,1460133765,660D,WRONG_ANSWER
17238371,1460132208,660C,OK
17235368,1460129933,660B,OK
17235342,1460129911,660B,WRONG_ANSWER
17234318,1460129298,660A,OK
17232484,1460128314,660A,WRONG_ANSWER
17232209,1460128146,660A,WRONG_ANSWER
17002443,1459187815,639B,OK
17001928,1459187570,639B,CHALLENGED
16997472,1459185632,639A,OK
16996610,1459185298,639B,WRONG_ANSWER
16995355,1459184810,639B,WRONG_ANSWER
16995003,1459184679,639B,WRONG_ANSWER
16994149,1459184373,639A,WRONG_ANSWER
16993381,1459184098,639A,WRONG_ANSWER
16782053,1458306190,100281H,OK
16781960,1458305844,100281G,OK
16781856,1458305464,100281G,WRONG_ANSWER
16781824,1458305328,100281G,WRONG_ANSWER
16781660,1458304782,100281C,OK
16781414,1458303975,100281C,WRONG_ANSWER
16781111,1458303038,100281D,OK
16781065,1458302909,100281D,WRONG_ANSWER
16780962,1458302574,100281D,WRONG_ANSWER
16780938,1458302475,100281D,WRONG_ANSWER
16780851,1458302198,100281D,WRONG_ANSWER
16780608,1458301163,100281A,WRONG_ANSWER
16780458,1458300564,100281E,OK
16780392,1458300326,100281D,WRONG_ANSWER
16780211,1458299444,100281D,WRONG_ANSWER
16698232,1457882486,637D,OK
16694693,1457876788,637C,OK
16693238,1457873852,637C,WRONG_ANSWER
16692683,1457872866,637B,OK
16691285,1457870673,637A,OK
16577577,1457348159,651D,WRONG_ANSWER
16570588,1457344924,651C,OK
16570465,1457344887,651C,WRONG_ANSWER
16567747,1457344066,651B,OK
16565149,1457343451,651A,OK
16448590,1456849516,632E,TIME_LIMIT_EXCEEDED
16448558,1456849459,632E,WRONG_ANSWER
16447939,1456848736,632C,OK
16447452,1456848210,632C,WRONG_ANSWER
16447395,1456848135,632C,WRONG_ANSWER
16446985,1456847724,632C,WRONG_ANSWER
16446798,1456847573,632C,WRONG_ANSWER
16445453,1456846398,632B,OK
16444585,1456845716,632A,OK
16444552,1456845684,632A,WRONG_ANSWER
16206207,1455896161,628C,OK
16204799,1455895308,628B,OK
16203502,1455894630,628A,OK
15871995,1454842964,625A,OK
15871887,1454842917,625A,WRONG_ANSWER
15871279,1454842635,625A,WRONG_ANSWER
15871103,1454842538,625A,WRONG_ANSWER
15870341,1454842104,625A,WRONG_ANSWER
15868888,1454841320,625A,WRONG_ANSWER
15868142,1454840932,625A,WRONG_ANSWER
15867839,1454840785,625A,WRONG_ANSWER
15866490,1454840126,625A,TIME_LIMIT_EXCEEDED
15863037,1454838776,625D,WRONG_ANSWER
15860887,1454838127,625C,OK
15857826,1454837323,625B,OK
15856256,1454836928,625B,WRONG_ANSWER
15854959,1454836460,625A,CHALLENGED
15675665,1454145020,618C,OK
15675600,1454144712,618C,WRONG_ANSWER
15665904,1454094271,618D,WRONG_ANSWER
15665333,1454094007,618C,WRONG_ANSWER
15664984,1454093821,618C,WRONG_ANSWER
15664421,1454093508,618D,WRONG_ANSWER
15663040,1454092746,618C,CHALLENGED
15662847,1454092634,618C,WRONG_ANSWER
15658146,1454090358,618D,TIME_LIMIT_EXCEEDED
15655756,1454089323,618B,OK
15651264,1454087966,618A,OK
15542155,1453581026,617D,OK
15542120,1453580859,617D,WRONG_ANSWER
15541816,1453579733,617C,OK
15535639,1453569453,617C,WRONG_ANSWER
15533936,1453568612,617C,WRONG_ANSWER
15533768,1453568545,617C,WRONG_ANSWER
15531239,1453567437,617D,WRONG_ANSWER
15525246,1453565215,617B,OK
15523734,1453564733,617B,WRONG_ANSWER
15523289,1453564608,617B,WRONG_ANSWER
15522792,1453564483,617B,WRONG_ANSWER
15522632,1453564442,617B,COMPILATION_ERROR
15519766,1453563798,617A,OK
15474749,1453390024,620C,OK
15472641,1453389198,620B,OK
15470816,1453388658,620A,OK
15371595,1452795981,614C,WRONG_ANSWER
15371078,1452795796,614C,WRONG_ANSWER
15370032,1452795454,614C,WRONG_ANSWER
15368435,1452794865,614C,WRONG_ANSWER
15366348,1452794168,614B,OK
15359821,1452792259,614A,OK
15356837,1452791548,614C,WRONG_ANSWER
15356447,1452791459,614C,WRONG_ANSWER
15353912,1452790893,614C,WRONG_ANSWER
15352966,1452790657,614C,WRONG_ANSWER
15349239,1452789897,614A,WRONG_ANSWER
15348434,1452789756,614A,WRONG_ANSWER
15301981,1452532874,616C,OK
15300180,1452530847,616C,COMPILATION_ERROR
15300049,1452530738,616C,TIME_LIMIT_EXCEEDED
15297700,1452528973,616D,OK
15297534,1452528858,616D,WRONG_ANSWER
15295919,1452527751,616D,TIME_LIMIT_EXCEEDED
15292566,1452525881,616B,OK
15291693,1452525530,616A,OK
15279985,1452429078,615B,OK
15250120,1452267125,615B,WRONG_ANSWER
15244309,1452264243,615D,WRONG_ANSWER
15239591,1452262285,615A,OK
15193418,1452011382,482A,OK
15193233,1452010111,538B,OK
15193134,1452009421,507B,OK
15193096,1452009221,507B,WRONG_ANSWER
15181808,1451916165,233A,OK
15181797,1451916110,233A,WRONG_ANSWER
15181753,1451915823,439B,OK
15181681,1451915337,368B,OK
15147191,1451645691,456B,WRONG_ANSWER
15147182,1451645650,456B,COMPILATION_ERROR
15147174,1451645601,456B,OK
15147096,1451644687,508B,OK
15146980,1451643582,574A,OK
15137221,1451568407,38A,OK
15137115,1451567934,545D,OK
15137037,1451567428,520B,OK
15136725,1451565625,404A,OK
15136620,1451565015,586A,OK
15136596,1451564913,586A,RUNTIME_ERROR
15136583,1451564854,586A,RUNTIME_ERROR
15136551,1451564674,586A,WRONG_ANSWER
15136404,1451563920,581B,OK
15136276,1451563253,230B,OK
15136265,1451563162,230B,WRONG_ANSWER
15135706,1451559987,595A,OK
15135685,1451559860,595A,TIME_LIMIT_EXCEEDED
15113414,1451490835,611B,OK
15112877,1451490634,611A,OK
15104387,1451488588,611A,CHALLENGED
15100675,1451482285,583B,OK
15100442,1451480933,550A,OK
15100353,1451480362,550A,WRONG_ANSWER
15100319,1451480195,550A,WRONG_ANSWER
15096466,1451477009,573A,OK
15096204,1451475640,591A,OK
15096193,1451475604,591A,COMPILATION_ERROR
15096173,1451475545,591A,WRONG_ANSWER
15096085,1451475098,599A,OK
15095888,1451474084,572A,OK
15095684,1451473074,577A,OK
15095657,1451472937,577A,WRONG_ANSWER
15095530,1451472300,579A,OK
15095462,1451472031,588A,OK
15095333,1451471405,583A,OK
15095238,1451470815,581A,OK
15095197,1451470639,584A,OK
15095189,1451470562,584A,TIME_LIMIT_EXCEEDED
15095173,1451470474,584A,COMPILATION_ERROR
15095028,1451469790,580A,OK
15029660,1451123930,100853I,WRONG_ANSWER
15029204,1451122041,100853F,OK
15029028,1451121158,100853G,OK
15028855,1451120436,100853H,OK
15028764,1451120133,100853C,OK
15028641,1451119739,100853D,OK
15028523,1451119264,100853B,OK
15028477,1451119078,100853A,OK
15016500,1451060618,612C,OK
15016053,1451060261,612B,OK
15015781,1451060038,612B,WRONG_ANSWER
15015233,1451059615,612B,WRONG_ANSWER
15014809,1451059363,612B,WRONG_ANSWER
15014013,1451058832,612C,TIME_LIMIT_EXCEEDED
15011566,1451057504,612C,TIME_LIMIT_EXCEEDED
15009819,1451056687,612A,OK
14954476,1450893814,608B,OK
14943462,1450889217,608A,OK
14882190,1450539508,609C,OK
14879228,1450538039,609B,OK
14877849,1450537538,609A,OK
14494363,1448548980,100830D,OK
14494303,1448548725,100830D,OK
14494174,1448548224,100830D,OK
14493323,1448544085,100830E,OK
14493321,1448544077,100830F,OK
14493104,1448543098,100830E,WRONG_ANSWER
14492889,1448542188,100830B,OK
14492845,1448542002,100830C,OK
14492696,1448541366,100830H,OK
14492649,1448541186,100830B,WRONG_ANSWER
12982757,1442141166,100694B,WRONG_ANSWER
12982163,1442137860,100694M,OK
12982086,1442137362,100694B,WRONG_ANSWER
12981814,1442135311,100694B,WRONG_ANSWER
12981785,1442135047,100694B,WRONG_ANSWER
12981709,1442134549,100694H,OK
12981530,1442133112,100694B,WRONG_ANSWER
12981131,1442130083,100694G,OK
12849278,1441437077,100017D,OK
12849059,1441435355,100017D,WRONG_ANSWER
12848975,1441434740,100017E,OK
12848809,1441433789,100017E,WRONG_ANSWER
12848794,1441433733,100017E,WRONG_ANSWER
12848732,1441433369,100017C,OK
12848559,1441432338,100017B,OK
12848505,1441432002,100017B,WRONG_ANSWER
12848417,1441431474,100017A,OK
12817408,1441208307,535B,OK
12817386,1441208224,535B,COMPILATION_ERROR
12817005,1441206178,258A,OK
12816904,1441205703,258A,TIME_LIMIT_EXCEEDED
12816861,1441205537,258A,WRONG_ANSWER
12816686,1441204721,570B,OK
12773792,1440927747,146A,OK
12773627,1440927030,499A,OK
12773576,1440926816,499A,WRONG_ANSWER
12773432,1440926139,435A,OK
12729324,1440754299,465B,OK
12729196,1440753504,320A,OK
12729098,1440752938,558A,OK
12718424,1440672901,479C,OK
12718161,1440671371,545B,OK
12718031,1440670606,313B,OK
12707601,1440591623,483A,OK
12707279,1440590330,489C,OK
12707007,1440589031,570A,OK
12575525,1439816601,508A,OK
12575047,1439814285,451B,OK
12574819,1439812966,554A,OK
12548356,1439646015,255A,OK
12548334,1439645906,255A,WRONG_ANSWER
12548312,1439645745,255A,WRONG_ANSWER
12548191,1439645121,189A,OK
12547819,1439643659,489B,OK
12547793,1439643569,489B,WRONG_ANSWER
12527701,1439545845,352A,OK
12527531,1439545227,501A,OK
12527388,1439544691,557A,OK
12490264,1439461188,499B,OK
12490029,1439459951,385A,OK
12489947,1439459509,378A,OK
12477910,1439375725,496A,OK
12477809,1439375164,381A,OK
12477622,1439374205,525A,OK
12463954,1439283699,276A,OK
12463845,1439283226,546B,OK
12463790,1439282993,546B,WRONG_ANSWER
12463629,1439282382,4C,OK
12424871,1439118003,478B,OK
12424699,1439116970,463A,OK
12424504,1439115648,151A,OK
12412968,1439028129,369A,OK
12412899,1439027596,465A,OK
12412739,1439026784,519C,OK
12401464,1438946662,278A,OK
12401359,1438946101,472B,OK
12401024,1438944412,456A,OK
12388884,1438865978,463B,OK
12388762,1438865497,535A,OK
12388441,1438864220,462A,OK
12361993,1438792879,567B,OK
12361095,1438792570,567B,RUNTIME_ERROR
12358782,1438791878,567A,OK
12337656,1438688383,545A,OK
12337455,1438687283,515C,OK
12337435,1438687150,515C,WRONG_ANSWER
12337052,1438684452,474B,OK
12325220,1438602053,384A,OK
12325102,1438601293,492B,OK
12325075,1438601060,492B,WRONG_ANSWER
12324869,1438599700,441A,OK
12314354,1438516433,330A,OK
12314160,1438515226,334A,OK
12314077,1438514574,334A,WRONG_ANSWER
12314031,1438514203,1B,OK
12289659,1438335258,450A,OK
12289632,1438335149,450A,WRONG_ANSWER
12289545,1438334737,450A,WRONG_ANSWER
12289522,1438334607,450A,WRONG_ANSWER
12289021,1438332152,200B,OK
12288886,1438331589,124A,OK
12273339,1438245713,214A,OK
12273266,1438245111,401A,OK
12273210,1438244750,349A,OK
12273168,1438244477,349A,WRONG_ANSWER
12250603,1438079137,37A,OK
12250590,1438079049,37A,WRONG_ANSWER
12250515,1438078482,467B,OK
12250246,1438076625,467B,WRONG_ANSWER
12250081,1438075261,327A,OK
12239474,1437993158,431A,OK
12239362,1437992452,455A,OK
12239332,1437992290,455A,WRONG_ANSWER
12238897,1437989519,551A,OK
12226571,1437850116,519B,OK
12226539,1437849824,519B,WRONG_ANSWER
12226276,1437846171,519B,TIME_LIMIT_EXCEEDED
12226164,1437844856,519B,WRONG_ANSWER
12226064,1437843699,459B,OK
12226055,1437843605,459B,WRONG_ANSWER
12226053,1437843534,459B,WRONG_ANSWER
12225998,1437842996,432A,OK
12217541,1437760075,527A,OK
12217457,1437759531,527A,WRONG_ANSWER
12217168,1437757722,439A,OK
12216995,1437756536,118B,OK
12199932,1437653805,270A,OK
12199490,1437652074,514A,OK
12199434,1437651903,514A,WRONG_ANSWER
12199128,1437650485,507A,OK
12177863,1437578430,560D,OK
12168118,1437574683,560B,OK
12164985,1437573925,560A,OK
12163501,1437567687,459A,OK
12163293,1437566450,454A,OK
12163211,1437565884,490A,OK
12009245,1436623080,100694B,WRONG_ANSWER
12009228,1436622987,100694B,WRONG_ANSWER
12009087,1436622107,100694B,WRONG_ANSWER
11803050,1435420563,556D,WRONG_ANSWER
11794521,1435416809,556C,OK
11790928,1435415634,556B,OK
11786977,1435414648,556A,OK
11784218,1435405807,540A,OK
11783942,1435404283,515A,OK
11783835,1435403762,476A,OK
11771969,1435319588,230A,OK
11771804,1435318779,25A,OK
11771761,1435318590,25A,WRONG_ANSWER
11771749,1435318531,25A,WRONG_ANSWER
11771638,1435317821,461A,OK
11771626,1435317738,461A,RUNTIME_ERROR
11758092,1435223853,149A,OK
11757813,1435222532,59A,OK
11757706,1435221967,339B,OK
11757689,1435221861,339B,WRONG_ANSWER
11757537,1435221052,313A,OK
11757448,1435220691,520A,OK
11738705,1435162495,471A,OK
11723555,1435065419,427A,OK
11723401,1435064772,237A,OK
11723375,1435064626,237A,WRONG_ANSWER
11723328,1435064406,237A,WRONG_ANSWER
11723256,1435064076,237A,WRONG_ANSWER
11723023,1435063386,519A,OK
11706565,1434962155,509A,OK
11706469,1434961497,513A,OK
11706428,1434961249,405A,OK
11697075,1434891738,466A,OK
11696896,1434891093,268B,OK
11696877,1434891015,268B,WRONG_ANSWER
11696774,1434890606,268B,WRONG_ANSWER
11696635,1434890022,474A,OK
11686033,1434827949,155A,OK
11685989,1434827523,318A,OK
11685932,1434826976,448A,OK
11681862,1434804258,510A,OK
11681776,1434803778,546A,OK
11681762,1434803655,546A,WRONG_ANSWER
11681682,1434803236,469A,OK
11664079,1434701330,141A,OK
11663791,1434700248,492A,OK
11663604,1434699399,443A,OK
11643037,1434647277,552B,OK
11642926,1434647233,552B,WRONG_ANSWER
11641496,1434646761,552B,COMPILATION_ERROR
11641154,1434646657,552B,WRONG_ANSWER
11638301,1434645845,552A,OK
11633090,1434634018,479A,OK
11632896,1434633202,478A,OK
11632883,1434633140,478A,WRONG_ANSWER
11632876,1434633112,478A,COMPILATION_ERROR
11632833,1434632992,478A,WRONG_ANSWER
11632741,1434632582,69A,OK
11622192,1434557412,337A,OK
11622056,1434556697,337A,WRONG_ANSWER
11621968,1434556221,268A,OK
11621949,1434556105,268A,WRONG_ANSWER
11621874,1434555717,208A,OK
11621832,1434555512,208A,RUNTIME_ERROR
11621789,1434555311,208A,WRONG_ANSWER
11607065,1434459149,61A,OK
11606996,1434458825,500A,OK
11606826,1434458124,344A,OK
11595952,1434381685,486A,OK
11595804,1434380772,144A,OK
11595667,1434379958,451A,OK
11584825,1434300054,228A,OK
11573449,1434225244,41A,OK
11565693,1434187024,266B,OK
11565498,1434186380,263A,OK
11565443,1434185996,136A,OK
11541819,1434101355,460A,OK
11541708,1434100703,472A,OK
11531120,1434015598,379A,OK
11531039,1434015083,271A,OK
11521375,1433939883,122A,OK
11510032,1433854197,58A,OK
11509935,1433853459,467A,OK
11509889,1433853192,110A,OK
11487371,1433681721,119A,OK
11487037,1433680449,119A,WRONG_ANSWER
11486940,1433679931,236A,OK
11486781,1433679317,148A,OK
11473052,1433603587,549H,WRONG_ANSWER
11462063,1433596953,549A,OK
11412117,1433413062,82A,OK
11403750,1433346104,160A,OK
11403589,1433345130,281A,OK
11403570,1433345047,281A,RUNTIME_ERROR
11387576,1433235456,339A,OK
11376493,1433159910,112A,OK
11376362,1433158994,133A,OK
11369948,1433094713,266A,OK
11358694,1433002073,96A,OK
11358647,1433001870,96A,WRONG_ANSWER
11299276,1432663624,548B,WRONG_ANSWER
11299030,1432663543,548B,COMPILATION_ERROR
11298710,1432663446,548B,MEMORY_LIMIT_EXCEEDED
11295682,1432662454,548B,WRONG_ANSWER
11290576,1432660884,548B,WRONG_ANSWER
11284164,1432659158,548A,OK
11283522,1432658992,548A,WRONG_ANSWER
11070573,1431350325,131A,OK
11070387,1431349176,116A,OK
11070348,1431348847,282A,OK
11070269,1431348411,231A,OK
11070220,1431347956,158B,OK
11070193,1431347818,158B,WRONG_ANSWER
11069914,1431346264,50A,OK
11049188,1431111763,544B,OK
11026200,1431018382,544B,WRONG_ANSWER
11024153,1431017358,544A,OK
10997140,1430752688,118A,OK
10997051,1430751960,71A,OK
10996936,1430750853,158A,OK
10996893,1430750604,158A,WRONG_ANSWER
10996762,1430749820,4A,OK
10996725,1430749559,4A,WRONG_ANSWER
10996694,1430749350,4A,WRONG_ANSWER
10672291,1428855539,534A,OK
10665435,1428833546,1A,OK
10665379,1428833162,1A,WRONG_ANSWER
10456358,1427367543,100186A,OK
10455703,1427362486,100186G,TIME_LIMIT_EXCEEDED
10455682,1427362324,100186G,WRONG_ANSWER
10455663,1427362158,100186G,TIME_LIMIT_EXCEEDED
10455610,1427361697,100186G,TIME_LIMIT_EXCEEDED
10455588,1427361475,100186G,RUNTIME_ERROR
10455168,1427358441,100186I,WRONG_ANSWER
10455061,1427357520,100186K,OK
10454875,1427355990,100186D,OK
10454869,1427355953,100186D,WRONG_ANSWER
10454693,1427354429,100186A,WRONG_ANSWER
10454674,1427354264,100186A,WRONG_ANSWER
10454541,1427352653,100186L,OK
10423431,1427204732,100127A,OK
10422874,1427201990,100127G,WRONG_ANSWER
10422648,1427200610,100127A,WRONG_ANSWER
10422415,1427199281,100127D,OK
10422379,1427199093,100127D,COMPILATION_ERROR
10422222,1427198011,100127F,OK
10347421,1426760112,100537C,OK
10347409,1426760020,100537C,WRONG_ANSWER
10347320,1426759446,100537E,OK
10347300,1426759289,100537C,RUNTIME_ERROR
10347296,1426759258,100537C,WRONG_ANSWER
10347143,1426758295,100537C,RUNTIME_ERROR
10347106,1426758048,100537E,WRONG_ANSWER
10347088,1426757947,100537E,WRONG_ANSWER
10347059,1426757749,100537C,WRONG_ANSWER
10347030,1426757589,100537E,WRONG_ANSWER
10346514,1426754328,100537F,OK
10346361,1426753336,100537F,RUNTIME_ERROR
10345973,1426750303,100537A,OK
